C:\Users\mmc99\source\repos\Xbox360MemoryCarver\tools\RttiScanner\Program.cs(157,40): warning CA1305: The behavior of 'int.ToString()' could vary based on the current user's locale settings. Replace this call in '<top-level-statements-entry-point>' with a call to 'int.ToString(IFormatProvider)'. (https://learn.microsoft.com/dotnet/fundamentals/code-analysis/quality-rules/ca1305) [C:\Users\mmc99\source\repos\Xbox360MemoryCarver\tools\RttiScanner\RttiScanner.csproj]
C:\Users\mmc99\source\repos\Xbox360MemoryCarver\tools\RttiScanner\Program.cs(167,40): warning CA1305: The behavior of 'int.ToString()' could vary based on the current user's locale settings. Replace this call in '<top-level-statements-entry-point>' with a call to 'int.ToString(IFormatProvider)'. (https://learn.microsoft.com/dotnet/fundamentals/code-analysis/quality-rules/ca1305) [C:\Users\mmc99\source\repos\Xbox360MemoryCarver\tools\RttiScanner\RttiScanner.csproj]
C:\Users\mmc99\source\repos\Xbox360MemoryCarver\tools\RttiScanner\Program.cs(214,10): warning CA1310: The behavior of 'string.StartsWith(string)' could vary based on the current user's locale settings. Replace this call in '<top-level-statements-entry-point>' with a call to 'string.StartsWith(string, System.StringComparison)'. (https://learn.microsoft.com/dotnet/fundamentals/code-analysis/quality-rules/ca1310) [C:\Users\mmc99\source\repos\Xbox360MemoryCarver\tools\RttiScanner\RttiScanner.csproj]
C:\Users\mmc99\source\repos\Xbox360MemoryCarver\tools\RttiScanner\Program.cs(214,45): warning CA1310: The behavior of 'string.StartsWith(string)' could vary based on the current user's locale settings. Replace this call in '<top-level-statements-entry-point>' with a call to 'string.StartsWith(string, System.StringComparison)'. (https://learn.microsoft.com/dotnet/fundamentals/code-analysis/quality-rules/ca1310) [C:\Users\mmc99\source\repos\Xbox360MemoryCarver\tools\RttiScanner\RttiScanner.csproj]
C:\Users\mmc99\source\repos\Xbox360MemoryCarver\tools\RttiScanner\Program.cs(344,8): warning CA1852: Type 'ClassInfo' can be sealed because it has no subtypes in its containing assembly and is not externally visible (https://learn.microsoft.com/dotnet/fundamentals/code-analysis/quality-rules/ca1852) [C:\Users\mmc99\source\repos\Xbox360MemoryCarver\tools\RttiScanner\RttiScanner.csproj]
Loaded 23,769,600 bytes, base=0x82000000, end=0x836AB200

--- Phase 1: Finding TypeDescriptor strings ---
Found 1998 TypeDescriptors

--- Phase 2: Building pointer index ---
Indexed 134460 unique module-range pointer values

--- Phase 3: Finding CompleteObjectLocators ---
Found 2325 CompleteObjectLocators

--- Phase 4: Finding vftables ---
Found 2325 vftables

--- Phase 5: Walking class hierarchies ---
TESForm-derived classes: 427

--- Phase 6: Finding allocation sizes ---
ClassName	AllocSize	IsTESForm	VtableVA	BaseClasses
?$AStarSearch@PAVCombatPlanNode		False	0x8207F724	?$AStarSearch@PAVCombatPlanNode
?$AStarSearch@PBVNavMeshInfo		False	0x8205E7A4	?$AStarSearch@PBVNavMeshInfo
?$AStarSearch@UNavMeshSearchNode		False	0x8205DD30	?$AStarSearch@UNavMeshSearchNode
?$AStarSearch@UParentSpaceNode		False	0x82061468	?$AStarSearch@UParentSpaceNode
?$AStarSearch@VNavMeshPOVSearchNode		False	0x8205DA8C	?$AStarSearch@VNavMeshPOVSearchNode
?$AStarSearch@VPathSmootherPOVNode		False	0x8205DFC8	?$AStarSearch@VPathSmootherPOVNode
?$basic_filebuf@DU?$char_traits@D@std		False	0x820AB4AC	?$basic_filebuf@DU?$char_traits@D@std, ?$basic_streambuf@DU?$char_traits@D@std
?$basic_ios@DU?$char_traits@D@std		False	0x820AB414	?$basic_ios@DU?$char_traits@D@std, ios_base@std, ?$_Iosb@H@std
?$basic_ostream@DU?$char_traits@D@std		False	0x820AB40C	?$basic_ostream@DU?$char_traits@D@std, ?$basic_ios@DU?$char_traits@D@std, ios_base@std, ?$_Iosb@H@std
?$basic_streambuf@DU?$char_traits@D@std		False	0x820AB44C	?$basic_streambuf@DU?$char_traits@D@std
?$BSList@PAUTriggerEvent@TriggerEntry		False	0x82043164	?$BSList@PAUTriggerEvent@TriggerEntry, ?$BSPointerListBase@PAUTriggerEvent@TriggerEntry, ?$BSListBase@PAUTriggerEvent@TriggerEntry
?$BSList@PAVBSTempEffectDebris		False	0x8205C0D0	?$BSList@PAVBSTempEffectDebris, ?$BSPointerListBase@PAVBSTempEffectDebris, ?$BSListBase@PAVBSTempEffectDebris
?$BSListBase@PAUTriggerEvent@TriggerEntry		False	0x82043144	?$BSListBase@PAUTriggerEvent@TriggerEntry
?$BSListBase@PAVBSTempEffectDebris		False	0x8205BFE8	?$BSListBase@PAVBSTempEffectDebris
?$BSMap@HPAUTEX_SWAP		False	0x820156F8	?$BSMap@HPAUTEX_SWAP, ?$BSMapBase@HPAUTEX_SWAP
?$BSMap@IPAUInstanceData@BGSDistantTreeBlock		False	0x82061984	?$BSMap@IPAUInstanceData@BGSDistantTreeBlock, ?$BSMapBase@IPAUInstanceData@BGSDistantTreeBlock
?$BSMap@IPAUTreeGroup@BGSDistantTreeBlock		False	0x820619A4	?$BSMap@IPAUTreeGroup@BGSDistantTreeBlock, ?$BSMapBase@IPAUTreeGroup@BGSDistantTreeBlock
?$BSMap@PAVBGSImpactData		False	0x8202A0E0	?$BSMap@PAVBGSImpactData, ?$BSMapBase@PAVBGSImpactData
?$BSMap@PAVTESFaction		False	0x8200E38C	?$BSMap@PAVTESFaction, ?$BSMapBase@PAVTESFaction
?$BSMap@PAVTESObjectREFR		False	0x82026A60	?$BSMap@PAVTESObjectREFR, ?$BSMapBase@PAVTESObjectREFR
?$BSMapBase@HPAUTEX_SWAP		False	0x82015658	?$BSMapBase@HPAUTEX_SWAP
?$BSMapBase@IPAUInstanceData@BGSDistantTreeBlock		False	0x82061944	?$BSMapBase@IPAUInstanceData@BGSDistantTreeBlock
?$BSMapBase@IPAUTreeGroup@BGSDistantTreeBlock		False	0x82061964	?$BSMapBase@IPAUTreeGroup@BGSDistantTreeBlock
?$BSMapBase@PAVBGSImpactData		False	0x82029FF0	?$BSMapBase@PAVBGSImpactData
?$BSMapBase@PAVTESFaction		False	0x8200E2D0	?$BSMapBase@PAVTESFaction
?$BSMapBase@PAVTESObjectREFR		False	0x8202551C	?$BSMapBase@PAVTESObjectREFR
?$BSPointerListBase@PAUTriggerEvent@TriggerEntry		False	0x82043154	?$BSPointerListBase@PAUTriggerEvent@TriggerEntry, ?$BSListBase@PAUTriggerEvent@TriggerEntry
?$BSPointerListBase@PAVBSTempEffectDebris		False	0x8205BFF8	?$BSPointerListBase@PAVBSTempEffectDebris, ?$BSListBase@PAVBSTempEffectDebris
?$BSScrapArray@_N$0EAA		False	0x82000F1C	?$BSScrapArray@_N$0EAA, ?$BSSimpleArray@_N$0EAA
?$BSScrapArray@H$0EAA		False	0x8205F058	?$BSScrapArray@H$0EAA, ?$BSSimpleArray@H$0EAA
?$BSScrapArray@M$0EAA		False	0x8205F344	?$BSScrapArray@M$0EAA, ?$BSSimpleArray@M$0EAA
?$BSScrapArray@PAUBoundsEdge@PathSmoother		False	0x820613FC	?$BSScrapArray@PAUBoundsEdge@PathSmoother, ?$BSSimpleArray@PAUBoundsEdge@PathSmoother
?$BSScrapArray@PAUNavMeshObstacleEdge		False	0x8205E91C	?$BSScrapArray@PAUNavMeshObstacleEdge, ?$BSSimpleArray@PAUNavMeshObstacleEdge
?$BSScrapArray@PAUNavMeshObstacleVertex		False	0x8205E908	?$BSScrapArray@PAUNavMeshObstacleVertex, ?$BSSimpleArray@PAUNavMeshObstacleVertex
?$BSScrapArray@PAUPathEdge@PathSmoother		False	0x820613D4	?$BSScrapArray@PAUPathEdge@PathSmoother, ?$BSSimpleArray@PAUPathEdge@PathSmoother
?$BSScrapArray@PAUUniqueVert@PathSmoother		False	0x820613E8	?$BSScrapArray@PAUUniqueVert@PathSmoother, ?$BSSimpleArray@PAUUniqueVert@PathSmoother
?$BSScrapArray@PAV?$AStarNode@PAVCombatPlanNode		False	0x82081518	?$BSScrapArray@PAV?$AStarNode@PAVCombatPlanNode, ?$BSSimpleArray@PAV?$AStarNode@PAVCombatPlanNode
?$BSScrapArray@PAV?$AStarNode@PBVNavMeshInfo		False	0x8205E7C8	?$BSScrapArray@PAV?$AStarNode@PBVNavMeshInfo, ?$BSSimpleArray@PAV?$AStarNode@PBVNavMeshInfo
?$BSScrapArray@PAV?$AStarNode@UNavMeshSearchNode		False	0x82000E7C	?$BSScrapArray@PAV?$AStarNode@UNavMeshSearchNode, ?$BSSimpleArray@PAV?$AStarNode@UNavMeshSearchNode
?$BSScrapArray@PAV?$AStarNode@UParentSpaceNode		False	0x82000FBC	?$BSScrapArray@PAV?$AStarNode@UParentSpaceNode, ?$BSSimpleArray@PAV?$AStarNode@UParentSpaceNode
?$BSScrapArray@PAV?$AStarNode@VNavMeshPOVSearchNode		False	0x8205DB28	?$BSScrapArray@PAV?$AStarNode@VNavMeshPOVSearchNode, ?$BSSimpleArray@PAV?$AStarNode@VNavMeshPOVSearchNode
?$BSScrapArray@PAV?$AStarNode@VPathSmootherPOVNode		False	0x82000DB8	?$BSScrapArray@PAV?$AStarNode@VPathSmootherPOVNode, ?$BSSimpleArray@PAV?$AStarNode@VPathSmootherPOVNode
?$BSScrapArray@PAVActor		False	0x8207EA84	?$BSScrapArray@PAVActor, ?$BSSimpleArray@PAVActor
?$BSScrapArray@PAVAnimation		False	0x8207EA70	?$BSScrapArray@PAVAnimation, ?$BSSimpleArray@PAVAnimation
?$BSScrapArray@PAVBGSHeadPart		False	0x8203F1FC	?$BSScrapArray@PAVBGSHeadPart, ?$BSSimpleArray@PAVBGSHeadPart
?$BSScrapArray@PAVCombatPlanLink		False	0x82081504	?$BSScrapArray@PAVCombatPlanLink, ?$BSSimpleArray@PAVCombatPlanLink
?$BSScrapArray@PAVCombatPlanNode		False	0x820814DC	?$BSScrapArray@PAVCombatPlanNode, ?$BSSimpleArray@PAVCombatPlanNode
?$BSScrapArray@PAVPathingNode		False	0x8205F330	?$BSScrapArray@PAVPathingNode, ?$BSSimpleArray@PAVPathingNode
?$BSScrapArray@PAVTESObjectCELL		False	0x8205ECC4	?$BSScrapArray@PAVTESObjectCELL, ?$BSSimpleArray@PAVTESObjectCELL
?$BSScrapArray@PAVTESObjectREFR		False	0x82000F6C	?$BSScrapArray@PAVTESObjectREFR, ?$BSSimpleArray@PAVTESObjectREFR
?$BSScrapArray@PBVNavMeshInfo		False	0x82000F58	?$BSScrapArray@PBVNavMeshInfo, ?$BSSimpleArray@PBVNavMeshInfo
?$BSScrapArray@UAvoidNode@PathSmoother		False	0x82061410	?$BSScrapArray@UAvoidNode@PathSmoother, ?$BSSimpleArray@UAvoidNode@PathSmoother
?$BSScrapArray@UCrossedTriangle		False	0x8205F358	?$BSScrapArray@UCrossedTriangle, ?$BSSimpleArray@UCrossedTriangle
?$BSScrapArray@UEffectTaskData		False	0x8207EAAC	?$BSScrapArray@UEffectTaskData, ?$BSSimpleArray@UEffectTaskData
?$BSScrapArray@UFastNavMeshTriHandle		False	0x8205F044	?$BSScrapArray@UFastNavMeshTriHandle, ?$BSSimpleArray@UFastNavMeshTriHandle
?$BSScrapArray@UNavMeshSearchLink		False	0x8205DEB0	?$BSScrapArray@UNavMeshSearchLink, ?$BSSimpleArray@UNavMeshSearchLink
?$BSScrapArray@UNavMeshSearchNode		False	0x8205DE9C	?$BSScrapArray@UNavMeshSearchNode, ?$BSSimpleArray@UNavMeshSearchNode
?$BSScrapArray@UOffsetData		False	0x82072818	?$BSScrapArray@UOffsetData, ?$BSSimpleArray@UOffsetData
?$BSScrapArray@UVirtualNodeSegment@PathBuilder		False	0x82000EE0	?$BSScrapArray@UVirtualNodeSegment@PathBuilder, ?$BSSimpleArray@UVirtualNodeSegment@PathBuilder
?$BSScrapArray@V?$NiPointer@VNiAVObject		False	0x820782EC	?$BSScrapArray@V?$NiPointer@VNiAVObject, ?$BSSimpleArray@V?$NiPointer@VNiAVObject
?$BSScrapArray@VNavMeshPtr		False	0x8205ED1C	?$BSScrapArray@VNavMeshPtr, ?$BSSimpleArray@VNavMeshPtr
?$BSScrapArray@VPathingLocation		False	0x82061424	?$BSScrapArray@VPathingLocation, ?$BSSimpleArray@VPathingLocation
?$BSScrapMap@PAVTESObjectREFR		False	0x820257C8	?$BSScrapMap@PAVTESObjectREFR, ?$BSMapBase@PAVTESObjectREFR
?$BSSimpleArray@_N$0EAA		False	0x8205D8F0	?$BSSimpleArray@_N$0EAA
?$BSSimpleArray@D$0EAA		False	0x820608AC	?$BSSimpleArray@D$0EAA
?$BSSimpleArray@E$0EAA		False	0x8205DC80	?$BSSimpleArray@E$0EAA
?$BSSimpleArray@F$0EAA		False	0x8203C3CC	?$BSSimpleArray@F$0EAA
?$BSSimpleArray@G$0EAA		False	0x8205C7C0	?$BSSimpleArray@G$0EAA
?$BSSimpleArray@H$0EAA		False	0x8205D504	?$BSSimpleArray@H$0EAA
?$BSSimpleArray@I$0EAA		False	0x8200E3AC	?$BSSimpleArray@I$0EAA
?$BSSimpleArray@M$0EAA		False	0x8205F2F0	?$BSSimpleArray@M$0EAA
?$BSSimpleArray@PAD$0EAA		False	0x8206FBB4	?$BSSimpleArray@PAD$0EAA
?$BSSimpleArray@PAUBoundsEdge@PathSmoother		False	0x820613AC	?$BSSimpleArray@PAUBoundsEdge@PathSmoother
?$BSSimpleArray@PAUDecalVertex		False	0x8205C47C	?$BSSimpleArray@PAUDecalVertex
?$BSSimpleArray@PAUMessageMenuEntry@MessageMenu		False	0x82067418	?$BSSimpleArray@PAUMessageMenuEntry@MessageMenu
?$BSSimpleArray@PAUNavMeshObstacleEdge		False	0x8205E8F4	?$BSSimpleArray@PAUNavMeshObstacleEdge
?$BSSimpleArray@PAUNavMeshObstacleVertex		False	0x8205E8E0	?$BSSimpleArray@PAUNavMeshObstacleVertex
?$BSSimpleArray@PAUNavMeshPOV		False	0x8205DA78	?$BSSimpleArray@PAUNavMeshPOV
?$BSSimpleArray@PAUPathEdge@PathSmoother		False	0x82061384	?$BSSimpleArray@PAUPathEdge@PathSmoother
?$BSSimpleArray@PAUPathSmootherPOV		False	0x82000E90	?$BSSimpleArray@PAUPathSmootherPOV
?$BSSimpleArray@PAUPerkActivation@MessageMenu		False	0x82067404	?$BSSimpleArray@PAUPerkActivation@MessageMenu
?$BSSimpleArray@PAURayCastPath		False	0x8206124C	?$BSSimpleArray@PAURayCastPath
?$BSSimpleArray@PAURayCastPathRequest		False	0x82061238	?$BSSimpleArray@PAURayCastPathRequest
?$BSSimpleArray@PAUsPrintData@DebugText		False	0x820A50C4	?$BSSimpleArray@PAUsPrintData@DebugText
?$BSSimpleArray@PAUSubtitleData@HUDMainMenu		False	0x8206514C	?$BSSimpleArray@PAUSubtitleData@HUDMainMenu
?$BSSimpleArray@PAUTreeGroup@BGSDistantTreeBlock		False	0x820619D8	?$BSSimpleArray@PAUTreeGroup@BGSDistantTreeBlock
?$BSSimpleArray@PAUUniqueVert@PathSmoother		False	0x82061398	?$BSSimpleArray@PAUUniqueVert@PathSmoother
?$BSSimpleArray@PAUValue@Tile		False	0x82032A48	?$BSSimpleArray@PAUValue@Tile
?$BSSimpleArray@PAV?$AStarNode@PAVCombatPlanNode		False	0x8208146C	?$BSSimpleArray@PAV?$AStarNode@PAVCombatPlanNode
?$BSSimpleArray@PAV?$AStarNode@PBVNavMeshInfo		False	0x8205E7B4	?$BSSimpleArray@PAV?$AStarNode@PBVNavMeshInfo
?$BSSimpleArray@PAV?$AStarNode@UNavMeshSearchNode		False	0x8205DD40	?$BSSimpleArray@PAV?$AStarNode@UNavMeshSearchNode
?$BSSimpleArray@PAV?$AStarNode@UParentSpaceNode		False	0x82061478	?$BSSimpleArray@PAV?$AStarNode@UParentSpaceNode
?$BSSimpleArray@PAV?$AStarNode@VNavMeshPOVSearchNode		False	0x8205DAB0	?$BSSimpleArray@PAV?$AStarNode@VNavMeshPOVSearchNode
?$BSSimpleArray@PAV?$AStarNode@VPathSmootherPOVNode		False	0x8205DFD8	?$BSSimpleArray@PAV?$AStarNode@VPathSmootherPOVNode
?$BSSimpleArray@PAVActor		False	0x82078ADC	?$BSSimpleArray@PAVActor
?$BSSimpleArray@PAVAnimation		False	0x8207EA5C	?$BSSimpleArray@PAVAnimation
?$BSSimpleArray@PAVBGSBodyPart		False	0x82083814	?$BSSimpleArray@PAVBGSBodyPart
?$BSSimpleArray@PAVBGSHeadPart		False	0x8203F020	?$BSSimpleArray@PAVBGSHeadPart
?$BSSimpleArray@PAVBGSLoadFormBuffer		False	0x8207350C	?$BSSimpleArray@PAVBGSLoadFormBuffer
?$BSSimpleArray@PAVbhkRigidBody		False	0x82042B8C	?$BSSimpleArray@PAVbhkRigidBody
?$BSSimpleArray@PAVCombatGroupCluster		False	0x820806D8	?$BSSimpleArray@PAVCombatGroupCluster
?$BSSimpleArray@PAVCombatPlanLink		False	0x820814F0	?$BSSimpleArray@PAVCombatPlanLink
?$BSSimpleArray@PAVCombatPlanNode		False	0x820814C8	?$BSSimpleArray@PAVCombatPlanNode
?$BSSimpleArray@PAVCombatProcedure		False	0x8207F710	?$BSSimpleArray@PAVCombatProcedure
?$BSSimpleArray@PAVDismemberedLimb		False	0x8200E3C0	?$BSSimpleArray@PAVDismemberedLimb
?$BSSimpleArray@PAVItemChange		False	0x8207D96C	?$BSSimpleArray@PAVItemChange
?$BSSimpleArray@PAVLoveTesterButton@LoveTesterMenu		False	0x82063B84	?$BSSimpleArray@PAVLoveTesterButton@LoveTesterMenu
?$BSSimpleArray@PAVLoveTesterTextItem@LoveTesterMenu		False	0x82063B70	?$BSSimpleArray@PAVLoveTesterTextItem@LoveTesterMenu
?$BSSimpleArray@PAVNavMesh		False	0x820010B4	?$BSSimpleArray@PAVNavMesh
?$BSSimpleArray@PAVNavMeshInfo		False	0x8205D8C8	?$BSSimpleArray@PAVNavMeshInfo
?$BSSimpleArray@PAVNavMeshStaticAvoidNode		False	0x8205DD54	?$BSSimpleArray@PAVNavMeshStaticAvoidNode
?$BSSimpleArray@PAVNiAVObject		False	0x820B139C	?$BSSimpleArray@PAVNiAVObject
?$BSSimpleArray@PAVNiNode		False	0x82012B90	?$BSSimpleArray@PAVNiNode
?$BSSimpleArray@PAVObstacleTaskData		False	0x8205EB30	?$BSSimpleArray@PAVObstacleTaskData
?$BSSimpleArray@PAVOption@StartMenu		False	0x82068474	?$BSSimpleArray@PAVOption@StartMenu
?$BSSimpleArray@PAVPathingLOSGridCell		False	0x82060898	?$BSSimpleArray@PAVPathingLOSGridCell
?$BSSimpleArray@PAVPathingNode		False	0x8205F31C	?$BSSimpleArray@PAVPathingNode
?$BSSimpleArray@PAVShadowSceneLight		False	0x820AE848	?$BSSimpleArray@PAVShadowSceneLight
?$BSSimpleArray@PAVSpecialBookButton@SPECIALBookMenu		False	0x82063B5C	?$BSSimpleArray@PAVSpecialBookButton@SPECIALBookMenu
?$BSSimpleArray@PAVSpecialBookTextItem@SPECIALBookMenu		False	0x82063B48	?$BSSimpleArray@PAVSpecialBookTextItem@SPECIALBookMenu
?$BSSimpleArray@PAVTESAmmo		False	0x820817E4	?$BSSimpleArray@PAVTESAmmo
?$BSSimpleArray@PAVTESBoundObject		False	0x8200CC04	?$BSSimpleArray@PAVTESBoundObject
?$BSSimpleArray@PAVTESIdleForm		False	0x8207AEA8	?$BSSimpleArray@PAVTESIdleForm
?$BSSimpleArray@PAVTESLoadScreen		False	0x82065F34	?$BSSimpleArray@PAVTESLoadScreen
?$BSSimpleArray@PAVTESNPC		False	0x82032A5C	?$BSSimpleArray@PAVTESNPC
?$BSSimpleArray@PAVTESObjectCELL		False	0x8205EB44	?$BSSimpleArray@PAVTESObjectCELL
?$BSSimpleArray@PAVTESObjectREFR		False	0x82000F80	?$BSSimpleArray@PAVTESObjectREFR
?$BSSimpleArray@PAVTESObjectWEAP		False	0x820817D0	?$BSSimpleArray@PAVTESObjectWEAP
?$BSSimpleArray@PAVTile		False	0x82062A4C	?$BSSimpleArray@PAVTile
?$BSSimpleArray@PAVUserOption@StartMenu		False	0x82068488	?$BSSimpleArray@PAVUserOption@StartMenu
?$BSSimpleArray@PBD$0EAA		False	0x8203C3B8	?$BSSimpleArray@PBD$0EAA
?$BSSimpleArray@PBV?$BSStringT@D		False	0x820AE600	?$BSSimpleArray@PBV?$BSStringT@D
?$BSSimpleArray@PBVhkpCollidable		False	0x82043290	?$BSSimpleArray@PBVhkpCollidable
?$BSSimpleArray@PBVNavMeshInfo		False	0x82000E68	?$BSSimpleArray@PBVNavMeshInfo
?$BSSimpleArray@UActorAvoidanceData@DetailedActorPathHandler		False	0x820865B4	?$BSSimpleArray@UActorAvoidanceData@DetailedActorPathHandler
?$BSSimpleArray@UActorHavokSyncData		False	0x820782D8	?$BSSimpleArray@UActorHavokSyncData
?$BSSimpleArray@UAvoidNode@PathSmoother		False	0x820613C0	?$BSSimpleArray@UAvoidNode@PathSmoother
?$BSSimpleArray@UBoundsTriangleInfo		False	0x8205E8B8	?$BSSimpleArray@UBoundsTriangleInfo
?$BSSimpleArray@UButtonIcon		False	0x820A625C	?$BSSimpleArray@UButtonIcon
?$BSSimpleArray@UCrossedTriangle		False	0x8205F304	?$BSSimpleArray@UCrossedTriangle
?$BSSimpleArray@UEdgeExtraInfo		False	0x8205C7E8	?$BSSimpleArray@UEdgeExtraInfo
?$BSSimpleArray@UEffectItemData		False	0x82065D14	?$BSSimpleArray@UEffectItemData
?$BSSimpleArray@UEffectTaskData		False	0x8207EA98	?$BSSimpleArray@UEffectTaskData
?$BSSimpleArray@UFastNavMeshEdgeHandle		False	0x8205D890	?$BSSimpleArray@UFastNavMeshEdgeHandle
?$BSSimpleArray@UFastNavMeshEdgeLocationProxy		False	0x8205F2B4	?$BSSimpleArray@UFastNavMeshEdgeLocationProxy
?$BSSimpleArray@UFastNavMeshTriHandle		False	0x8205F01C	?$BSSimpleArray@UFastNavMeshTriHandle
?$BSSimpleArray@UFastNavMeshVertHandle		False	0x8205DAC4	?$BSSimpleArray@UFastNavMeshVertHandle
?$BSSimpleArray@UFollowerDist		False	0x82044098	?$BSSimpleArray@UFollowerDist
?$BSSimpleArray@UFootIK_Leg_DATA@FootIK_DATA		False	0x8203C3E0	?$BSSimpleArray@UFootIK_Leg_DATA@FootIK_DATA
?$BSSimpleArray@UFunctionOp@BSCompoundFrustum		False	0x82000CC8	?$BSSimpleArray@UFunctionOp@BSCompoundFrustum
?$BSSimpleArray@UGrabIK_Arm_DATA@GrabIK_DATA		False	0x8203C408	?$BSSimpleArray@UGrabIK_Arm_DATA@GrabIK_DATA
?$BSSimpleArray@UINFO_LINK_ELEMENT		False	0x82041E90	?$BSSimpleArray@UINFO_LINK_ELEMENT
?$BSSimpleArray@UInstanceData@BGSDistantTreeBlock		False	0x820619C4	?$BSSimpleArray@UInstanceData@BGSDistantTreeBlock
?$BSSimpleArray@ULookIK_Head_DATA@LookIK_DATA		False	0x8203C3F4	?$BSSimpleArray@ULookIK_Head_DATA@LookIK_DATA
?$BSSimpleArray@UNavMeshBoundsTriangle@NavMeshBounds		False	0x8205D97C	?$BSSimpleArray@UNavMeshBoundsTriangle@NavMeshBounds
?$BSSimpleArray@UNavMeshClosedDoorInfo		False	0x8205C878	?$BSSimpleArray@UNavMeshClosedDoorInfo
?$BSSimpleArray@UNavMeshEdgeHandle		False	0x8205D8DC	?$BSSimpleArray@UNavMeshEdgeHandle
?$BSSimpleArray@UNavMeshEdgeLocation		False	0x8205F030	?$BSSimpleArray@UNavMeshEdgeLocation
?$BSSimpleArray@UNavMeshInfoSearchDebugData		False	0x8206106C	?$BSSimpleArray@UNavMeshInfoSearchDebugData
?$BSSimpleArray@UNavMeshSearchDebugData		False	0x82061080	?$BSSimpleArray@UNavMeshSearchDebugData
?$BSSimpleArray@UNavMeshSearchLink		False	0x82000F94	?$BSSimpleArray@UNavMeshSearchLink
?$BSSimpleArray@UNavMeshSearchNode		False	0x82000FA8	?$BSSimpleArray@UNavMeshSearchNode
?$BSSimpleArray@UNavMeshTriangle		False	0x8205C7D4	?$BSSimpleArray@UNavMeshTriangle
?$BSSimpleArray@UNavMeshTriangleDoorPortal		False	0x8205C7FC	?$BSSimpleArray@UNavMeshTriangleDoorPortal
?$BSSimpleArray@UNavmeshTriFan		False	0x8205F2C8	?$BSSimpleArray@UNavmeshTriFan
?$BSSimpleArray@UNavMeshTriHandle		False	0x8205F2DC	?$BSSimpleArray@UNavMeshTriHandle
?$BSSimpleArray@UNavMeshVertex		False	0x8205C864	?$BSSimpleArray@UNavMeshVertex
?$BSSimpleArray@UOffsetData		False	0x82072744	?$BSSimpleArray@UOffsetData
?$BSSimpleArray@UParentSpaceNode		False	0x82000F30	?$BSSimpleArray@UParentSpaceNode
?$BSSimpleArray@UPathEdgeVert@PathSmootherPOVSearch		False	0x82000EA4	?$BSSimpleArray@UPathEdgeVert@PathSmootherPOVSearch
?$BSSimpleArray@UPathingDebugEvent		False	0x82085FF4	?$BSSimpleArray@UPathingDebugEvent
?$BSSimpleArray@UPathingInfoItem		False	0x8206073C	?$BSSimpleArray@UPathingInfoItem
?$BSSimpleArray@UPathSmootherPOVDebugArcTest		False	0x82061058	?$BSSimpleArray@UPathSmootherPOVDebugArcTest
?$BSSimpleArray@UPathSmootherPOVDebugPOV		False	0x82061030	?$BSSimpleArray@UPathSmootherPOVDebugPOV
?$BSSimpleArray@UPathSmootherPOVDebugRayTest		False	0x82061044	?$BSSimpleArray@UPathSmootherPOVDebugRayTest
?$BSSimpleArray@UPortalEdgeSwap		False	0x8205E8CC	?$BSSimpleArray@UPortalEdgeSwap
?$BSSimpleArray@UReconstructFormData		False	0x82072710	?$BSSimpleArray@UReconstructFormData
?$BSSimpleArray@URemoveIndex		False	0x8205DA9C	?$BSSimpleArray@URemoveIndex
?$BSSimpleArray@USCENE_INFO_DATA_STRUCT		False	0x82017180	?$BSSimpleArray@USCENE_INFO_DATA_STRUCT
?$BSSimpleArray@UTeleportLink		False	0x82000DA4	?$BSSimpleArray@UTeleportLink
?$BSSimpleArray@UTreeType@BGSDistantTreeBlock		False	0x82061A84	?$BSSimpleArray@UTreeType@BGSDistantTreeBlock
?$BSSimpleArray@UVirtualNodeSegment@PathBuilder		False	0x8205F008	?$BSSimpleArray@UVirtualNodeSegment@PathBuilder
?$BSSimpleArray@UWeaponData		False	0x82081B60	?$BSSimpleArray@UWeaponData
?$BSSimpleArray@V?$BSSimpleArray@PAUNavMeshPOV		False	0x8205DAD8	?$BSSimpleArray@V?$BSSimpleArray@PAUNavMeshPOV
?$BSSimpleArray@V?$BSSimpleArray@UFastNavMeshVertHandle		False	0x8205DB14	?$BSSimpleArray@V?$BSSimpleArray@UFastNavMeshVertHandle
?$BSSimpleArray@V?$BSSimpleArray@VNiPoint3		False	0x82016724	?$BSSimpleArray@V?$BSSimpleArray@VNiPoint3
?$BSSimpleArray@V?$BSStringT@D		False	0x82066F24	?$BSSimpleArray@V?$BSStringT@D
?$BSSimpleArray@V?$NiPointer@VNiAVObject		False	0x8206FBA0	?$BSSimpleArray@V?$NiPointer@VNiAVObject
?$BSSimpleArray@V?$NiPointer@VNiNode		False	0x820782C4	?$BSSimpleArray@V?$NiPointer@VNiNode
?$BSSimpleArray@V?$NiPointer@VObstacleData		False	0x8205EABC	?$BSSimpleArray@V?$NiPointer@VObstacleData
?$BSSimpleArray@V?$NiPointer@VObstacleUndoData		False	0x8205D234	?$BSSimpleArray@V?$NiPointer@VObstacleUndoData
?$BSSimpleArray@V?$NiPointer@VParticleShaderProperty		False	0x8206FB8C	?$BSSimpleArray@V?$NiPointer@VParticleShaderProperty
?$BSSimpleArray@V?$NiPointer@VQueuedFile		False	0x820AEBFC	?$BSSimpleArray@V?$NiPointer@VQueuedFile
?$BSSimpleArray@VCombatMember		False	0x820806B0	?$BSSimpleArray@VCombatMember
?$BSSimpleArray@VCombatSearchDoor		False	0x820806C4	?$BSSimpleArray@VCombatSearchDoor
?$BSSimpleArray@VCombatSearchLocation		False	0x82080878	?$BSSimpleArray@VCombatSearchLocation
?$BSSimpleArray@VCombatTarget		False	0x8208069C	?$BSSimpleArray@VCombatTarget
?$BSSimpleArray@VCombatTimeStamp		False	0x8200E3D4	?$BSSimpleArray@VCombatTimeStamp
?$BSSimpleArray@VCoverReservation		False	0x8207FED0	?$BSSimpleArray@VCoverReservation
?$BSSimpleArray@VGroupMemberData		False	0x8208088C	?$BSSimpleArray@VGroupMemberData
?$BSSimpleArray@VNavMeshPOVSearchLink		False	0x8205DB00	?$BSSimpleArray@VNavMeshPOVSearchLink
?$BSSimpleArray@VNavMeshPOVSearchNode		False	0x8205DAEC	?$BSSimpleArray@VNavMeshPOVSearchNode
?$BSSimpleArray@VNavMeshPtr		False	0x82000F44	?$BSSimpleArray@VNavMeshPtr
?$BSSimpleArray@VNavMeshStaticAvoidNode		False	0x8205C830	?$BSSimpleArray@VNavMeshStaticAvoidNode
?$BSSimpleArray@VNiColorA		False	0x8205DC6C	?$BSSimpleArray@VNiColorA
?$BSSimpleArray@VNiFrustumPlanes		False	0x8200103C	?$BSSimpleArray@VNiFrustumPlanes
?$BSSimpleArray@VNiPoint3		False	0x82016710	?$BSSimpleArray@VNiPoint3
?$BSSimpleArray@VObstacleTaskNavMeshOperation		False	0x8205EF38	?$BSSimpleArray@VObstacleTaskNavMeshOperation
?$BSSimpleArray@VPathingAvoidNode		False	0x82060B28	?$BSSimpleArray@VPathingAvoidNode
?$BSSimpleArray@VPathingCoverLocation		False	0x8205F2A0	?$BSSimpleArray@VPathingCoverLocation
?$BSSimpleArray@VPathingLocation		False	0x82000EF4	?$BSSimpleArray@VPathingLocation
?$BSSimpleArray@VPathingNode		False	0x8206101C	?$BSSimpleArray@VPathingNode
?$BSSimpleArray@VPathSmootherPOVLink		False	0x820010C8	?$BSSimpleArray@VPathSmootherPOVLink
?$BSSimpleArray@VPathSmootherPOVNode		False	0x82001064	?$BSSimpleArray@VPathSmootherPOVNode
?$BSSimpleArray@VSandBoxChoiceListItem		False	0x82087428	?$BSSimpleArray@VSandBoxChoiceListItem
?$BSSimpleArray@VSpectatorThreatInfo		False	0x82087754	?$BSSimpleArray@VSpectatorThreatInfo
?$BSSimpleArray@VUnreachableCoverLocation		False	0x82081B38	?$BSSimpleArray@VUnreachableCoverLocation
?$BSSimpleArray@VUnreachableLocation		False	0x82081B4C	?$BSSimpleArray@VUnreachableLocation
?$BSSimpleArray@VVirtualPathingNode		False	0x82000EB8	?$BSSimpleArray@VVirtualPathingNode
?$BSSimpleArrayRefCounted@VPathingAvoidNode		False	0x82060B48	?$BSSimpleArrayRefCounted@VPathingAvoidNode, ?$BSSimpleArray@VPathingAvoidNode, NiRefObject, NiMemObject
?$BSSimpleArrayRefCounted@VPathingAvoidNode		False	0x82060B3C	?$BSSimpleArrayRefCounted@VPathingAvoidNode, ?$BSSimpleArray@VPathingAvoidNode, NiRefObject, NiMemObject
?$BSTask@_J		False	0x8200EC54	?$BSTask@_J
?$BSTaskManager@_J		False	0x820AE994	?$BSTaskManager@_J, ?$LockFreeMap@_JV?$NiPointer@V?$BSTask@_J, InterfacedClass
?$BSTaskManagerIterator@_J		False	0x820AE89C	?$BSTaskManagerIterator@_J, LockFreeMapIterator@?$LockFreeMap@_JV?$NiPointer@V?$BSTask@_J
?$BSTaskManagerThread@_J		False	0x820AE870	?$BSTaskManagerThread@_J, BSTaskThread
?$BSTCaseInsensitiveStringMap@PAD		False	0x820AE3AC	?$BSTCaseInsensitiveStringMap@PAD, ?$NiTStringMap@PAD, ?$NiTStringTemplateMap@V?$NiTMap@PBDPAD, ?$NiTMap@PBDPAD, ?$NiTMapBase@V?$DFALL@V?$NiTMapItem@PBDPAD
?$BSTCaseInsensitiveStringMap@PAVIDLE_ANIM_ROOT		False	0x8203ED44	?$BSTCaseInsensitiveStringMap@PAVIDLE_ANIM_ROOT, ?$NiTStringMap@PAVIDLE_ANIM_ROOT, ?$NiTStringTemplateMap@V?$NiTMap@PBDPAVIDLE_ANIM_ROOT, ?$NiTMap@PBDPAVIDLE_ANIM_ROOT, ?$NiTMapBase@V?$DFALL@V?$NiTMapItem@PBDPAVIDLE_ANIM_ROOT
?$BSTCaseInsensitiveStringMap@PAVSetting		False	0x8200A55C	?$BSTCaseInsensitiveStringMap@PAVSetting, ?$NiTStringMap@PAVSetting, ?$NiTStringTemplateMap@V?$NiTMap@PBDPAVSetting, ?$NiTMap@PBDPAVSetting, ?$NiTMapBase@V?$DFALL@V?$NiTMapItem@PBDPAVSetting
?$BSTCaseInsensitiveStringMap@PAVTESForm		False	0x82014FB8	?$BSTCaseInsensitiveStringMap@PAVTESForm, ?$NiTStringMap@PAVTESForm, ?$NiTStringTemplateMap@V?$NiTMap@PBDPAVTESForm, ?$NiTMap@PBDPAVTESForm, ?$NiTMapBase@V?$DFALL@V?$NiTMapItem@PBDPAVTESForm
?$BSTCaseInsensitiveStringMap@V?$NiPointer@VEntry@BSFaceGenModelMap		False	0x82058470	?$BSTCaseInsensitiveStringMap@V?$NiPointer@VEntry@BSFaceGenModelMap, ?$NiTStringMap@V?$NiPointer@VEntry@BSFaceGenModelMap, ?$NiTStringTemplateMap@V?$NiTMap@PBDV?$NiPointer@VEntry@BSFaceGenModelMap, ?$NiTMap@PBDV?$NiPointer@VEntry@BSFaceGenModelMap, ?$NiTMapBase@V?$DFALL@V?$NiTMapItem@PBDV?$NiPointer@VEntry@BSFaceGenModelMap
?$BSTCommonLLMessageQueue@UMobileObjectMessage		False	0x82079C04	?$BSTCommonLLMessageQueue@UMobileObjectMessage, ?$BSTCommonMessageQueue@UMobileObjectMessage, ?$BSTMessageQueue@UMobileObjectMessage
?$BSTCommonLLMessageQueue@VActorPathingMessage		False	0x8207AE18	?$BSTCommonLLMessageQueue@VActorPathingMessage, ?$BSTCommonMessageQueue@VActorPathingMessage, ?$BSTMessageQueue@VActorPathingMessage
?$BSTCommonLLMessageQueue@VPathingMessage		False	0x82061268	?$BSTCommonLLMessageQueue@VPathingMessage, ?$BSTCommonMessageQueue@VPathingMessage, ?$BSTMessageQueue@VPathingMessage
?$BSTCommonScrapHeapMessageQueue@UBSPackedTask		False	0x82076FBC	?$BSTCommonScrapHeapMessageQueue@UBSPackedTask, ?$BSTCommonMessageQueue@UBSPackedTask, ?$BSTMessageQueue@UBSPackedTask
?$BSTCommonStaticMessageQueue@V?$NiPointer@VNiAVObject		False	0x82061288	?$BSTCommonStaticMessageQueue@V?$NiPointer@VNiAVObject, ?$BSTCommonMessageQueue@V?$NiPointer@VNiAVObject, ?$BSTMessageQueue@V?$NiPointer@VNiAVObject
?$BSTFreeList@UMobileObjectMessage		False	0x82079BFC	?$BSTFreeList@UMobileObjectMessage
?$BSTFreeList@VActorPathingMessage		False	0x82061108	?$BSTFreeList@VActorPathingMessage
?$BSTFreeList@VPathingMessage		False	0x82061110	?$BSTFreeList@VPathingMessage
?$BSTMessageQueue@UBSPackedTask		False	0x82076D60	?$BSTMessageQueue@UBSPackedTask
?$BSTMessageQueue@UMobileObjectMessage		False	0x82079BE4	?$BSTMessageQueue@UMobileObjectMessage
?$BSTMessageQueue@V?$NiPointer@VNiAVObject		False	0x82061130	?$BSTMessageQueue@V?$NiPointer@VNiAVObject
?$BSTMessageQueue@VActorPathingMessage		False	0x8207AB78	?$BSTMessageQueue@VActorPathingMessage
?$BSTMessageQueue@VPathingMessage		False	0x82061118	?$BSTMessageQueue@VPathingMessage
?$BSTStaticFreeList@UMobileObjectMessage		False	0x82079C24	?$BSTStaticFreeList@UMobileObjectMessage, ?$BSTFreeList@UMobileObjectMessage
?$BSTStaticFreeList@VActorPathingMessage		False	0x82061230	?$BSTStaticFreeList@VActorPathingMessage, ?$BSTFreeList@VActorPathingMessage
?$BSTStaticFreeList@VPathingMessage		False	0x82061260	?$BSTStaticFreeList@VPathingMessage, ?$BSTFreeList@VPathingMessage
?$codecvt@DDH@std		False	0x820AB488	?$codecvt@DDH@std, codecvt_base@std, facet@locale@std
?$ctype@D@std		False	0x820AB41C	?$ctype@D@std, ctype_base@std, facet@locale@std
?$hkpSymmetricAgent@VhkpBvAgent		False	0x82118690	?$hkpSymmetricAgent@VhkpBvAgent, ?$hkpSymmetricAgentLinearCast@VhkpBvAgent, hkpBvAgent, hkpCollisionAgent, hkReferencedObject, hkBaseObject
?$hkpSymmetricAgent@VhkpBvTreeAgent		False	0x82117C08	?$hkpSymmetricAgent@VhkpBvTreeAgent, ?$hkpSymmetricAgentLinearCast@VhkpBvTreeAgent, hkpBvTreeAgent, hkpCollisionAgent, hkReferencedObject, hkBaseObject
?$hkpSymmetricAgent@VhkpBvTreeStreamAgent		False	0x82117AB4	?$hkpSymmetricAgent@VhkpBvTreeStreamAgent, ?$hkpSymmetricAgentLinearCast@VhkpBvTreeStreamAgent, hkpBvTreeStreamAgent, hkpCollisionAgent, hkReferencedObject, hkBaseObject
?$hkpSymmetricAgent@VhkpConvexListAgent		False	0x82117ECC	?$hkpSymmetricAgent@VhkpConvexListAgent, ?$hkpSymmetricAgentLinearCast@VhkpConvexListAgent, hkpConvexListAgent, hkpPredGskfAgent, hkpGskfAgent, hkpGskBaseAgent, hkpIterativeLinearCastAgent, hkpCollisionAgent, hkReferencedObject, hkBaseObject
?$hkpSymmetricAgent@VhkpHeightFieldAgent		False	0x82117D58	?$hkpSymmetricAgent@VhkpHeightFieldAgent, ?$hkpSymmetricAgentLinearCast@VhkpHeightFieldAgent, hkpHeightFieldAgent, hkpCollisionAgent, hkReferencedObject, hkBaseObject
?$hkpSymmetricAgent@VhkpListAgent		False	0x82117F54	?$hkpSymmetricAgent@VhkpListAgent, ?$hkpSymmetricAgentLinearCast@VhkpListAgent, hkpListAgent, hkpCollisionAgent, hkReferencedObject, hkBaseObject
?$hkpSymmetricAgent@VhkpMoppAgent		False	0x82117BAC	?$hkpSymmetricAgent@VhkpMoppAgent, ?$hkpSymmetricAgentLinearCast@VhkpMoppAgent, hkpMoppAgent, hkpBvTreeAgent, hkpCollisionAgent, hkReferencedObject, hkBaseObject
?$hkpSymmetricAgent@VhkpMultiRayConvexAgent		False	0x82117FF8	?$hkpSymmetricAgent@VhkpMultiRayConvexAgent, ?$hkpSymmetricAgentLinearCast@VhkpMultiRayConvexAgent, hkpMultiRayConvexAgent, hkpIterativeLinearCastAgent, hkpCollisionAgent, hkReferencedObject, hkBaseObject
?$hkpSymmetricAgent@VhkpMultiSphereAgent		False	0x821185F8	?$hkpSymmetricAgent@VhkpMultiSphereAgent, ?$hkpSymmetricAgentLinearCast@VhkpMultiSphereAgent, hkpMultiSphereAgent, hkpCollisionAgent, hkReferencedObject, hkBaseObject
?$hkpSymmetricAgent@VhkpShapeCollectionAgent		False	0x82117AF0	?$hkpSymmetricAgent@VhkpShapeCollectionAgent, ?$hkpSymmetricAgentLinearCast@VhkpShapeCollectionAgent, hkpShapeCollectionAgent, hkpCollisionAgent, hkReferencedObject, hkBaseObject
?$hkpSymmetricAgent@VhkpTransformAgent		False	0x821184B0	?$hkpSymmetricAgent@VhkpTransformAgent, ?$hkpSymmetricAgentLinearCast@VhkpTransformAgent, hkpTransformAgent, hkpCollisionAgent, hkReferencedObject, hkBaseObject
?$hkpSymmetricAgentLinearCast@VhkpCapsuleTriangleAgent		False	0x82118120	?$hkpSymmetricAgentLinearCast@VhkpCapsuleTriangleAgent, hkpCapsuleTriangleAgent, hkpIterativeLinearCastAgent, hkpCollisionAgent, hkReferencedObject, hkBaseObject
?$hkpSymmetricAgentLinearCast@VhkpMultiSphereTriangleAgent		False	0x82118070	?$hkpSymmetricAgentLinearCast@VhkpMultiSphereTriangleAgent, hkpMultiSphereTriangleAgent, hkpIterativeLinearCastAgent, hkpCollisionAgent, hkReferencedObject, hkBaseObject
?$hkpSymmetricAgentLinearCast@VhkpSphereBoxAgent		False	0x82118200	?$hkpSymmetricAgentLinearCast@VhkpSphereBoxAgent, hkpSphereBoxAgent, hkpIterativeLinearCastAgent, hkpCollisionAgent, hkReferencedObject, hkBaseObject
?$hkpSymmetricAgentLinearCast@VhkpSphereCapsuleAgent		False	0x82118308	?$hkpSymmetricAgentLinearCast@VhkpSphereCapsuleAgent, hkpSphereCapsuleAgent, hkpIterativeLinearCastAgent, hkpCollisionAgent, hkReferencedObject, hkBaseObject
?$hkpSymmetricAgentLinearCast@VhkpSphereTriangleAgent		False	0x82118284	?$hkpSymmetricAgentLinearCast@VhkpSphereTriangleAgent, hkpSphereTriangleAgent, hkpIterativeLinearCastAgent, hkpCollisionAgent, hkReferencedObject, hkBaseObject
?$ListBox@H		False	0x820648F4	?$ListBox@H, ListBoxBase, ?$BSSimpleList@PAU?$ListBoxItem@H
?$ListBox@I		False	0x82063B20	?$ListBox@I, ListBoxBase, ?$BSSimpleList@PAU?$ListBoxItem@I
?$ListBox@PAUPerkRankData		False	0x82063A80	?$ListBox@PAUPerkRankData, ListBoxBase, ?$BSSimpleList@PAU?$ListBoxItem@PAUPerkRankData
?$ListBox@PAUStatusEffect@StatsMenu		False	0x82063AD0	?$ListBox@PAUStatusEffect@StatsMenu, ListBoxBase, ?$BSSimpleList@PAU?$ListBoxItem@PAUStatusEffect@StatsMenu
?$ListBox@PAUTERMINAL_MENU_ITEM		False	0x82064458	?$ListBox@PAUTERMINAL_MENU_ITEM, ListBoxBase, ?$BSSimpleList@PAU?$ListBoxItem@PAUTERMINAL_MENU_ITEM
?$ListBox@PAVBGSNote		False	0x82066DA0	?$ListBox@PAVBGSNote, ListBoxBase, ?$BSSimpleList@PAU?$ListBoxItem@PAVBGSNote
?$ListBox@PAVBGSPerk		False	0x82065D28	?$ListBox@PAVBGSPerk, ListBoxBase, ?$BSSimpleList@PAU?$ListBoxItem@PAVBGSPerk
?$ListBox@PAVBGSQuestObjective		False	0x82066DF0	?$ListBox@PAVBGSQuestObjective, ListBoxBase, ?$BSSimpleList@PAU?$ListBoxItem@PAVBGSQuestObjective
?$ListBox@PAVBGSSaveLoadFileEntry		False	0x820684C4	?$ListBox@PAVBGSSaveLoadFileEntry, ListBoxBase, ?$BSSimpleList@PAU?$ListBoxItem@PAVBGSSaveLoadFileEntry
?$ListBox@PAVItemChange		False	0x82063DA8	?$ListBox@PAVItemChange, ListBoxBase, ?$BSSimpleList@PAU?$ListBoxItem@PAVItemChange
?$ListBox@PAVOption@StartMenu		False	0x8206849C	?$ListBox@PAVOption@StartMenu, ListBoxBase, ?$BSSimpleList@PAU?$ListBoxItem@PAVOption@StartMenu
?$ListBox@PAVTESObjectREFR		False	0x82066DC8	?$ListBox@PAVTESObjectREFR, ListBoxBase, ?$BSSimpleList@PAU?$ListBoxItem@PAVTESObjectREFR
?$ListBox@PAVTESQuest		False	0x82066D78	?$ListBox@PAVTESQuest, ListBoxBase, ?$BSSimpleList@PAU?$ListBoxItem@PAVTESQuest
?$ListBox@PAVTESReputation		False	0x82063AF8	?$ListBox@PAVTESReputation, ListBoxBase, ?$BSSimpleList@PAU?$ListBoxItem@PAVTESReputation
?$ListBox@W4Index@ActorValue		False	0x820639B8	?$ListBox@W4Index@ActorValue, ListBoxBase, ?$BSSimpleList@PAU?$ListBoxItem@W4Index@ActorValue
?$ListBox@W4MiscStatID@MiscStatManager		False	0x82063AA8	?$ListBox@W4MiscStatID@MiscStatManager, ListBoxBase, ?$BSSimpleList@PAU?$ListBoxItem@W4MiscStatID@MiscStatManager
?$LockFreeCaseInsensitiveStringMap@PAVKFModel		False	0x8200FD1C	?$LockFreeCaseInsensitiveStringMap@PAVKFModel, ?$LockFreeStringMap@PAVKFModel, ?$LockFreeMap@PBDPAVKFModel, InterfacedClass
?$LockFreeCaseInsensitiveStringMap@PAVLoadedFile		False	0x8200FD64	?$LockFreeCaseInsensitiveStringMap@PAVLoadedFile, ?$LockFreeStringMap@PAVLoadedFile, ?$LockFreeMap@PBDPAVLoadedFile, InterfacedClass
?$LockFreeCaseInsensitiveStringMap@PAVModel		False	0x82001D04	?$LockFreeCaseInsensitiveStringMap@PAVModel, ?$LockFreeStringMap@PAVModel, ?$LockFreeMap@PBDPAVModel, InterfacedClass
?$LockFreeMap@_JV?$NiPointer@V?$BSTask@_J		False	0x820AE8AC	?$LockFreeMap@_JV?$NiPointer@V?$BSTask@_J, InterfacedClass
?$LockFreeMap@IV?$NiPointer@VExteriorCellLoaderTask		False	0x82023B5C	?$LockFreeMap@IV?$NiPointer@VExteriorCellLoaderTask, InterfacedClass
?$LockFreeMap@PAVAnimation		False	0x8200F5A4	?$LockFreeMap@PAVAnimation, InterfacedClass
?$LockFreeMap@PAVAnimIdle		False	0x8200F55C	?$LockFreeMap@PAVAnimIdle, InterfacedClass
?$LockFreeMap@PAVBSFileEntry		False	0x8200F714	?$LockFreeMap@PAVBSFileEntry, InterfacedClass
?$LockFreeMap@PAVMobileObject		False	0x8207B154	?$LockFreeMap@PAVMobileObject, InterfacedClass
?$LockFreeMap@PAVPathingRequest		False	0x820612AC	?$LockFreeMap@PAVPathingRequest, InterfacedClass
?$LockFreeMap@PAVTESObjectREFR		False	0x8200F514	?$LockFreeMap@PAVTESObjectREFR, InterfacedClass
?$LockFreeMap@PAVTESObjectREFR		False	0x8200F5EC	?$LockFreeMap@PAVTESObjectREFR, InterfacedClass
?$LockFreeMap@PAVTESObjectREFR		False	0x82059034	?$LockFreeMap@PAVTESObjectREFR, InterfacedClass
?$LockFreeMap@PBDPAVKFModel		False	0x8200F67C	?$LockFreeMap@PBDPAVKFModel, InterfacedClass
?$LockFreeMap@PBDPAVLoadedFile		False	0x8200F75C	?$LockFreeMap@PBDPAVLoadedFile, InterfacedClass
?$LockFreeMap@PBDPAVModel		False	0x8200F634	?$LockFreeMap@PBDPAVModel, InterfacedClass
?$LockFreePriorityQueue@V?$NiPointer@VIOTask		False	0x820AE948	?$LockFreePriorityQueue@V?$NiPointer@VIOTask
?$LockFreeQueue@PAVbhkRigidBody		False	0x8205ECAC	?$LockFreeQueue@PAVbhkRigidBody, InterfacedClass
?$LockFreeQueue@V?$NiPointer@VAttachDistant3DTask		False	0x8200F4F8	?$LockFreeQueue@V?$NiPointer@VAttachDistant3DTask, InterfacedClass
?$LockFreeQueue@V?$NiPointer@VIOTask		False	0x820AE8F4	?$LockFreeQueue@V?$NiPointer@VIOTask, InterfacedClass
?$LockFreeQueue@V?$NiPointer@VQueuedReference		False	0x8200F4E0	?$LockFreeQueue@V?$NiPointer@VQueuedReference, InterfacedClass
?$LockFreeStringMap@PAVKFModel		False	0x8200FC8C	?$LockFreeStringMap@PAVKFModel, ?$LockFreeMap@PBDPAVKFModel, InterfacedClass
?$LockFreeStringMap@PAVLoadedFile		False	0x8200FCD4	?$LockFreeStringMap@PAVLoadedFile, ?$LockFreeMap@PBDPAVLoadedFile, InterfacedClass
?$LockFreeStringMap@PAVModel		False	0x8200FC44	?$LockFreeStringMap@PAVModel, ?$LockFreeMap@PBDPAVModel, InterfacedClass
?$NiTArray@IV?$NiTMallocInterface@I		False	0x82012438	?$NiTArray@IV?$NiTMallocInterface@I
?$NiTArray@PADV?$NiTMallocInterface@PAD		False	0x820328FC	?$NiTArray@PADV?$NiTMallocInterface@PAD
?$NiTArray@PAUBSAnimNoteReceiverType@BSAnimNoteReceiver		False	0x8201816C	?$NiTArray@PAUBSAnimNoteReceiverType@BSAnimNoteReceiver
?$NiTArray@PAUFaceGenUndo		False	0x8203EE7C	?$NiTArray@PAUFaceGenUndo
?$NiTArray@PAUPackedMenu@BGSMenuPacker		False	0x820622EC	?$NiTArray@PAUPackedMenu@BGSMenuPacker
?$NiTArray@PAV?$NiTPrimitiveSet@PAVNiNode		False	0x820AFFF0	?$NiTArray@PAV?$NiTPrimitiveSet@PAVNiNode
?$NiTArray@PAVActor		False	0x82086528	?$NiTArray@PAVActor
?$NiTArray@PAVAnimation		False	0x820768AC	?$NiTArray@PAVAnimation
?$NiTArray@PAVBGSAddonNode		False	0x82010F1C	?$NiTArray@PAVBGSAddonNode
?$NiTArray@PAVBGSCameraPath		False	0x82029478	?$NiTArray@PAVBGSCameraPath
?$NiTArray@PAVBipedAnim		False	0x820768A4	?$NiTArray@PAVBipedAnim
?$NiTArray@PAVCombatGroup		False	0x82080D3C	?$NiTArray@PAVCombatGroup
?$NiTArray@PAVMobileObject		False	0x8207E8A8	?$NiTArray@PAVMobileObject
?$NiTArray@PAVNiAGDDataBlock@NiAdditionalGeometryData		False	0x82024A64	?$NiTArray@PAVNiAGDDataBlock@NiAdditionalGeometryData
?$NiTArray@PAVNiAVObject		False	0x8205C3DC	?$NiTArray@PAVNiAVObject
?$NiTArray@PAVNiParticles		False	0x820B08A4	?$NiTArray@PAVNiParticles
?$NiTArray@PAVNiParticleSystem		False	0x820B0844	?$NiTArray@PAVNiParticleSystem
?$NiTArray@PAVTESIdleForm		False	0x8203EC9C	?$NiTArray@PAVTESIdleForm
?$NiTArray@PAVTESModel		False	0x82032904	?$NiTArray@PAVTESModel
?$NiTArray@PAVTESObjectCELL		False	0x82010C94	?$NiTArray@PAVTESObjectCELL
?$NiTArray@PAVTESObjectREFR		False	0x8202553C	?$NiTArray@PAVTESObjectREFR
?$NiTArray@PAVTESObjectREFR		False	0x8207689C	?$NiTArray@PAVTESObjectREFR
?$NiTArray@PAVTESRegion		False	0x8207D980	?$NiTArray@PAVTESRegion
?$NiTArray@PAVTESTexture		False	0x8203290C	?$NiTArray@PAVTESTexture
?$NiTArray@PAVTile		False	0x820A66B8	?$NiTArray@PAVTile
?$NiTArray@PAVXMLStorage		False	0x820A66C0	?$NiTArray@PAVXMLStorage
?$NiTArray@PBDV?$NiTMallocInterface@PBD		False	0x82032914	?$NiTArray@PBDV?$NiTMallocInterface@PBD
?$NiTArray@V?$NiPointer@VbhkRigidBody		False	0x82042884	?$NiTArray@V?$NiPointer@VbhkRigidBody
?$NiTArray@V?$NiPointer@VBSTempEffect		False	0x820768F4	?$NiTArray@V?$NiPointer@VBSTempEffect
?$NiTArray@V?$NiPointer@VNiAVObject		False	0x82017AEC	?$NiTArray@V?$NiPointer@VNiAVObject
?$NiTArray@V?$NiPointer@VNiAVObject		False	0x820B10AC	?$NiTArray@V?$NiPointer@VNiAVObject
?$NiTArray@V?$NiPointer@VNiRefObject		False	0x820AFB4C	?$NiTArray@V?$NiPointer@VNiRefObject
?$NiTArray@V?$NiPointer@VNiTexture		False	0x82032A28	?$NiTArray@V?$NiPointer@VNiTexture
?$NiTArray@VFurnitureMark		False	0x820B00DC	?$NiTArray@VFurnitureMark
?$NiTArray@W4eTextureType@BSTextureManager		False	0x8201AAF0	?$NiTArray@W4eTextureType@BSTextureManager
?$NiTArray@W4FilterMode@NiTexturingProperty		False	0x8201AAF8	?$NiTArray@W4FilterMode@NiTexturingProperty
?$NiTFixedStringMap@PAVNiTexture		False	0x82032A70	?$NiTFixedStringMap@PAVNiTexture, ?$NiTFixedStringMapBase@V?$DFALL@V?$NiTMapItem@VNiFixedString
?$NiTFixedStringMapBase@V?$DFALL@V?$NiTMapItem@VNiFixedString		False	0x82030594	?$NiTFixedStringMapBase@V?$DFALL@V?$NiTMapItem@VNiFixedString
?$NiTLargeArray@IV?$NiTMallocInterface@I		False	0x820755F0	?$NiTLargeArray@IV?$NiTMallocInterface@I
?$NiTLargeArray@PAVTESForm		False	0x82010C9C	?$NiTLargeArray@PAVTESForm
?$NiTLargeArray@PAVTESTopicInfo		False	0x82041E88	?$NiTLargeArray@PAVTESTopicInfo
?$NiTLargePrimitiveArray@I		False	0x820759AC	?$NiTLargePrimitiveArray@I, ?$NiTLargeArray@IV?$NiTMallocInterface@I
?$NiTLargePrimitiveArray@PAVTESForm		False	0x82010F24	?$NiTLargePrimitiveArray@PAVTESForm, ?$NiTLargeArray@PAVTESForm
?$NiTMap@_JH		False	0x82073540	?$NiTMap@_JH, ?$NiTMapBase@V?$DFALL@V?$NiTMapItem@_JH
?$NiTMap@DP6AHPADPAH1@Z		False	0x820CB0B0	?$NiTMap@DP6AHPADPAH1@Z, ?$NiTMapBase@V?$DFALL@V?$NiTMapItem@DP6AHPADPAH1@Z
?$NiTMap@DP6APAVBSSherlockCommand		False	0x820CAF98	?$NiTMap@DP6APAVBSSherlockCommand, ?$NiTMapBase@V?$DFALL@V?$NiTMapItem@DP6APAVBSSherlockCommand
?$NiTMap@GUNavMeshPOVData		False	0x8205C810	?$NiTMap@GUNavMeshPOVData, ?$NiTMapBase@V?$DFALL@V?$NiTMapItem@GUNavMeshPOVData
?$NiTMap@GV?$NiPointer@VObstacleData		False	0x8205C844	?$NiTMap@GV?$NiPointer@VObstacleData, ?$NiTMapBase@V?$DFALL@V?$NiTMapItem@GV?$NiPointer@VObstacleData
?$NiTMap@HH		False	0x82017140	?$NiTMap@HH, ?$NiTMapBase@V?$DFALL@V?$NiTMapItem@HH
?$NiTMap@IE		False	0x8207D94C	?$NiTMap@IE, ?$NiTMapBase@V?$DFALL@V?$NiTMapItem@IE
?$NiTMap@II		False	0x8200144C	?$NiTMap@II, ?$NiTMapBase@V?$DFALL@V?$NiTMapItem@II
?$NiTMap@IPAV?$BSSimpleArray@I$0EAA		False	0x82074630	?$NiTMap@IPAV?$BSSimpleArray@I$0EAA, ?$NiTMapBase@V?$DFALL@V?$NiTMapItem@IPAV?$BSSimpleArray@I$0EAA
?$NiTMap@IPAV?$BSSimpleArray@PAVNavMeshInfo		False	0x820014AC	?$NiTMap@IPAV?$BSSimpleArray@PAVNavMeshInfo, ?$NiTMapBase@V?$DFALL@V?$NiTMapItem@IPAV?$BSSimpleArray@PAVNavMeshInfo
?$NiTMap@IPAV?$NiTMap@IPAV?$BSSimpleArray@PAVNavMeshInfo		False	0x8200148C	?$NiTMap@IPAV?$NiTMap@IPAV?$BSSimpleArray@PAVNavMeshInfo, ?$NiTMapBase@V?$DFALL@V?$NiTMapItem@IPAV?$NiTMap@IPAV?$BSSimpleArray@PAVNavMeshInfo
?$NiTMap@IPAVActor		False	0x82073520	?$NiTMap@IPAVActor, ?$NiTMapBase@V?$DFALL@V?$NiTMapItem@IPAVActor
?$NiTMap@IPAVBGSReconstructCellBlocksMap		False	0x820726F0	?$NiTMap@IPAVBGSReconstructCellBlocksMap, ?$NiTMapBase@V?$DFALL@V?$NiTMapItem@IPAVBGSReconstructCellBlocksMap
?$NiTMap@IPAVBGSReconstructCellsMap		False	0x820726B0	?$NiTMap@IPAVBGSReconstructCellsMap, ?$NiTMapBase@V?$DFALL@V?$NiTMapItem@IPAVBGSReconstructCellsMap
?$NiTMap@IPAVBGSReconstructCellSubBlocksMap		False	0x820726D0	?$NiTMap@IPAVBGSReconstructCellSubBlocksMap, ?$NiTMapBase@V?$DFALL@V?$NiTMapItem@IPAVBGSReconstructCellSubBlocksMap
?$NiTMap@IPAVBGSReconstructFormsMap		False	0x82072690	?$NiTMap@IPAVBGSReconstructFormsMap, ?$NiTMapBase@V?$DFALL@V?$NiTMapItem@IPAVBGSReconstructFormsMap
?$NiTMap@IPAVCombatThreat		False	0x82082110	?$NiTMap@IPAVCombatThreat, ?$NiTMapBase@V?$DFALL@V?$NiTMapItem@IPAVCombatThreat
?$NiTMap@IPAVIDebugTextPage		False	0x8206A6B8	?$NiTMap@IPAVIDebugTextPage, ?$NiTMapBase@V?$DFALL@V?$NiTMapItem@IPAVIDebugTextPage
?$NiTMap@IPAVObstacleTaskData		False	0x8205EB10	?$NiTMap@IPAVObstacleTaskData, ?$NiTMapBase@V?$DFALL@V?$NiTMapItem@IPAVObstacleTaskData
?$NiTMap@IPAVPathingLOSGrid		False	0x82060878	?$NiTMap@IPAVPathingLOSGrid, ?$NiTMapBase@V?$DFALL@V?$NiTMapItem@IPAVPathingLOSGrid
?$NiTMap@IPAVReservedCoverLocation		False	0x8207FEE4	?$NiTMap@IPAVReservedCoverLocation, ?$NiTMapBase@V?$DFALL@V?$NiTMapItem@IPAVReservedCoverLocation
?$NiTMap@IPAVTESFile		False	0x82012460	?$NiTMap@IPAVTESFile, ?$NiTMapBase@V?$DFALL@V?$NiTMapItem@IPAVTESFile
?$NiTMap@IPAVTESObjectREFR		False	0x82023A00	?$NiTMap@IPAVTESObjectREFR, ?$NiTMapBase@V?$DFALL@V?$NiTMapItem@IPAVTESObjectREFR
?$NiTMap@IUReconstructFormData		False	0x82072670	?$NiTMap@IUReconstructFormData, ?$NiTMapBase@V?$DFALL@V?$NiTMapItem@IUReconstructFormData
?$NiTMap@IUVertexDist		False	0x82018A8C	?$NiTMap@IUVertexDist, ?$NiTMapBase@V?$DFALL@V?$NiTMapItem@IUVertexDist
?$NiTMap@IV?$NiPointer@VReferenceObstacleArray		False	0x8205EAD0	?$NiTMap@IV?$NiPointer@VReferenceObstacleArray, ?$NiTMapBase@V?$DFALL@V?$NiTMapItem@IV?$NiPointer@VReferenceObstacleArray
?$NiTMap@PAVActor		False	0x82081264	?$NiTMap@PAVActor, ?$NiTMapBase@V?$DFALL@V?$NiTMapItem@PAVActor
?$NiTMap@PAVActor		False	0x82082074	?$NiTMap@PAVActor, ?$NiTMapBase@V?$DFALL@V?$NiTMapItem@PAVActor
?$NiTMap@PAVbhkRigidBody		False	0x82042B6C	?$NiTMap@PAVbhkRigidBody, ?$NiTMapBase@V?$DFALL@V?$NiTMapItem@PAVbhkRigidBody
?$NiTMap@PAVbhkRigidBody		False	0x8205EAF0	?$NiTMap@PAVbhkRigidBody, ?$NiTMapBase@V?$DFALL@V?$NiTMapItem@PAVbhkRigidBody
?$NiTMap@PAVhkpRigidBody		False	0x820432A4	?$NiTMap@PAVhkpRigidBody, ?$NiTMapBase@V?$DFALL@V?$NiTMapItem@PAVhkpRigidBody
?$NiTMap@PAVLowProcess		False	0x8207B29C	?$NiTMap@PAVLowProcess, ?$NiTMapBase@V?$DFALL@V?$NiTMapItem@PAVLowProcess
?$NiTMap@PAVNavMesh		False	0x8205DC2C	?$NiTMap@PAVNavMesh, ?$NiTMapBase@V?$DFALL@V?$NiTMapItem@PAVNavMesh
?$NiTMap@PAVNiAVObject		False	0x820257A0	?$NiTMap@PAVNiAVObject, ?$NiTMapBase@V?$DFALL@V?$NiTMapItem@PAVNiAVObject
?$NiTMap@PAVNiTexture		False	0x82017160	?$NiTMap@PAVNiTexture, ?$NiTMapBase@V?$DFALL@V?$NiTMapItem@PAVNiTexture
?$NiTMap@PAVNiTexture		False	0x820171D4	?$NiTMap@PAVNiTexture, ?$NiTMapBase@V?$DFALL@V?$NiTMapItem@PAVNiTexture
?$NiTMap@PAVShadowSceneLight		False	0x820171B4	?$NiTMap@PAVShadowSceneLight, ?$NiTMapBase@V?$DFALL@V?$NiTMapItem@PAVShadowSceneLight
?$NiTMap@PAVTESActorBase		False	0x82017194	?$NiTMap@PAVTESActorBase, ?$NiTMapBase@V?$DFALL@V?$NiTMapItem@PAVTESActorBase
?$NiTMap@PAVTESFile		False	0x82028CE8	?$NiTMap@PAVTESFile, ?$NiTMapBase@V?$DFALL@V?$NiTMapItem@PAVTESFile
?$NiTMap@PAVTESFile		False	0x82072724	?$NiTMap@PAVTESFile, ?$NiTMapBase@V?$DFALL@V?$NiTMapItem@PAVTESFile
?$NiTMap@PAVTESForm		False	0x82025740	?$NiTMap@PAVTESForm, ?$NiTMapBase@V?$DFALL@V?$NiTMapItem@PAVTESForm
?$NiTMap@PAVTESForm		False	0x820761F0	?$NiTMap@PAVTESForm, ?$NiTMapBase@V?$DFALL@V?$NiTMapItem@PAVTESForm
?$NiTMap@PAVTESGlobal		False	0x82073B1C	?$NiTMap@PAVTESGlobal, ?$NiTMapBase@V?$DFALL@V?$NiTMapItem@PAVTESGlobal
?$NiTMap@PAVTESIdleForm		False	0x8203E9EC	?$NiTMap@PAVTESIdleForm, ?$NiTMapBase@V?$DFALL@V?$NiTMapItem@PAVTESIdleForm
?$NiTMap@PAVTESObject		False	0x82018CF4	?$NiTMap@PAVTESObject, ?$NiTMapBase@V?$DFALL@V?$NiTMapItem@PAVTESObject
?$NiTMap@PAVTESObjectCELL		False	0x820171F4	?$NiTMap@PAVTESObjectCELL, ?$NiTMapBase@V?$DFALL@V?$NiTMapItem@PAVTESObjectCELL
?$NiTMap@PAVTESObjectCELL		False	0x8205DC4C	?$NiTMap@PAVTESObjectCELL, ?$NiTMapBase@V?$DFALL@V?$NiTMapItem@PAVTESObjectCELL
?$NiTMap@PAVTESObjectREFR		False	0x8200CC18	?$NiTMap@PAVTESObjectREFR, ?$NiTMapBase@V?$DFALL@V?$NiTMapItem@PAVTESObjectREFR
?$NiTMap@PAVTESObjectREFR		False	0x82012B70	?$NiTMap@PAVTESObjectREFR, ?$NiTMapBase@V?$DFALL@V?$NiTMapItem@PAVTESObjectREFR
?$NiTMap@PAVTESObjectREFR		False	0x82025720	?$NiTMap@PAVTESObjectREFR, ?$NiTMapBase@V?$DFALL@V?$NiTMapItem@PAVTESObjectREFR
?$NiTMap@PAVTESObjectREFR		False	0x82025760	?$NiTMap@PAVTESObjectREFR, ?$NiTMapBase@V?$DFALL@V?$NiTMapItem@PAVTESObjectREFR
?$NiTMap@PAVTESObjectREFR		False	0x82025780	?$NiTMap@PAVTESObjectREFR, ?$NiTMapBase@V?$DFALL@V?$NiTMapItem@PAVTESObjectREFR
?$NiTMap@PAVTESObjectREFR		False	0x820425C4	?$NiTMap@PAVTESObjectREFR, ?$NiTMapBase@V?$DFALL@V?$NiTMapItem@PAVTESObjectREFR
?$NiTMap@PAVWaterZone		False	0x8200E3E8	?$NiTMap@PAVWaterZone, ?$NiTMapBase@V?$DFALL@V?$NiTMapItem@PAVWaterZone
?$NiTMap@PBDPAD		False	0x820AE360	?$NiTMap@PBDPAD, ?$NiTMapBase@V?$DFALL@V?$NiTMapItem@PBDPAD
?$NiTMap@PBDPAVIDLE_ANIM_ROOT		False	0x8203ECC4	?$NiTMap@PBDPAVIDLE_ANIM_ROOT, ?$NiTMapBase@V?$DFALL@V?$NiTMapItem@PBDPAVIDLE_ANIM_ROOT
?$NiTMap@PBDPAVSetting		False	0x8200A51C	?$NiTMap@PBDPAVSetting, ?$NiTMapBase@V?$DFALL@V?$NiTMapItem@PBDPAVSetting
?$NiTMap@PBDPAVTESForm		False	0x82014DC0	?$NiTMap@PBDPAVTESForm, ?$NiTMapBase@V?$DFALL@V?$NiTMapItem@PBDPAVTESForm
?$NiTMap@PBDV?$NiPointer@VEntry@BSFaceGenModelMap		False	0x820583F0	?$NiTMap@PBDV?$NiPointer@VEntry@BSFaceGenModelMap, ?$NiTMapBase@V?$DFALL@V?$NiTMapItem@PBDV?$NiPointer@VEntry@BSFaceGenModelMap
?$NiTMap@UFastNavMeshVertHandle		False	0x8205D8A4	?$NiTMap@UFastNavMeshVertHandle, ?$NiTMapBase@V?$DFALL@V?$NiTMapItem@UFastNavMeshVertHandle
?$NiTMap@W4ENUM_FORM_ID		False	0x82074894	?$NiTMap@W4ENUM_FORM_ID, ?$NiTMapBase@V?$DFALL@V?$NiTMapItem@W4ENUM_FORM_ID
?$NiTMapBase@V?$DFALL@V?$NiTMapItem@_JH		False	0x82073134	?$NiTMapBase@V?$DFALL@V?$NiTMapItem@_JH
?$NiTMapBase@V?$DFALL@V?$NiTMapItem@DP6AHPADPAH1@Z		False	0x820CB090	?$NiTMapBase@V?$DFALL@V?$NiTMapItem@DP6AHPADPAH1@Z
?$NiTMapBase@V?$DFALL@V?$NiTMapItem@DP6APAVBSSherlockCommand		False	0x820CAF78	?$NiTMapBase@V?$DFALL@V?$NiTMapItem@DP6APAVBSSherlockCommand
?$NiTMapBase@V?$DFALL@V?$NiTMapItem@GUNavMeshPOVData		False	0x8205C75C	?$NiTMapBase@V?$DFALL@V?$NiTMapItem@GUNavMeshPOVData
?$NiTMapBase@V?$DFALL@V?$NiTMapItem@GV?$NiPointer@VObstacleData		False	0x8205C73C	?$NiTMapBase@V?$DFALL@V?$NiTMapItem@GV?$NiPointer@VObstacleData
?$NiTMapBase@V?$DFALL@V?$NiTMapItem@HH		False	0x82017080	?$NiTMapBase@V?$DFALL@V?$NiTMapItem@HH
?$NiTMapBase@V?$DFALL@V?$NiTMapItem@IE		False	0x8207D570	?$NiTMapBase@V?$DFALL@V?$NiTMapItem@IE
?$NiTMapBase@V?$DFALL@V?$NiTMapItem@II		False	0x820608E0	?$NiTMapBase@V?$DFALL@V?$NiTMapItem@II
?$NiTMapBase@V?$DFALL@V?$NiTMapItem@IPAV?$BSSimpleArray@I$0EAA		False	0x820744B8	?$NiTMapBase@V?$DFALL@V?$NiTMapItem@IPAV?$BSSimpleArray@I$0EAA
?$NiTMapBase@V?$DFALL@V?$NiTMapItem@IPAV?$BSSimpleArray@PAVNavMeshInfo		False	0x8205E1C0	?$NiTMapBase@V?$DFALL@V?$NiTMapItem@IPAV?$BSSimpleArray@PAVNavMeshInfo
?$NiTMapBase@V?$DFALL@V?$NiTMapItem@IPAV?$NiTMap@IPAV?$BSSimpleArray@PAVNavMeshInfo		False	0x8205E1A0	?$NiTMapBase@V?$DFALL@V?$NiTMapItem@IPAV?$NiTMap@IPAV?$BSSimpleArray@PAVNavMeshInfo
?$NiTMapBase@V?$DFALL@V?$NiTMapItem@IPAVActor		False	0x82073114	?$NiTMapBase@V?$DFALL@V?$NiTMapItem@IPAVActor
?$NiTMapBase@V?$DFALL@V?$NiTMapItem@IPAVBGSReconstructCellBlocksMap		False	0x820725A4	?$NiTMapBase@V?$DFALL@V?$NiTMapItem@IPAVBGSReconstructCellBlocksMap
?$NiTMapBase@V?$DFALL@V?$NiTMapItem@IPAVBGSReconstructCellsMap		False	0x82072564	?$NiTMapBase@V?$DFALL@V?$NiTMapItem@IPAVBGSReconstructCellsMap
?$NiTMapBase@V?$DFALL@V?$NiTMapItem@IPAVBGSReconstructCellSubBlocksMap		False	0x82072584	?$NiTMapBase@V?$DFALL@V?$NiTMapItem@IPAVBGSReconstructCellSubBlocksMap
?$NiTMapBase@V?$DFALL@V?$NiTMapItem@IPAVBGSReconstructFormsMap		False	0x82072544	?$NiTMapBase@V?$DFALL@V?$NiTMapItem@IPAVBGSReconstructFormsMap
?$NiTMapBase@V?$DFALL@V?$NiTMapItem@IPAVCombatThreat		False	0x820820F0	?$NiTMapBase@V?$DFALL@V?$NiTMapItem@IPAVCombatThreat
?$NiTMapBase@V?$DFALL@V?$NiTMapItem@IPAVIDebugTextPage		False	0x8206A698	?$NiTMapBase@V?$DFALL@V?$NiTMapItem@IPAVIDebugTextPage
?$NiTMapBase@V?$DFALL@V?$NiTMapItem@IPAVObstacleTaskData		False	0x8205E9D8	?$NiTMapBase@V?$DFALL@V?$NiTMapItem@IPAVObstacleTaskData
?$NiTMapBase@V?$DFALL@V?$NiTMapItem@IPAVPathingLOSGrid		False	0x82060858	?$NiTMapBase@V?$DFALL@V?$NiTMapItem@IPAVPathingLOSGrid
?$NiTMapBase@V?$DFALL@V?$NiTMapItem@IPAVReservedCoverLocation		False	0x8207FEB0	?$NiTMapBase@V?$DFALL@V?$NiTMapItem@IPAVReservedCoverLocation
?$NiTMapBase@V?$DFALL@V?$NiTMapItem@IPAVTESFile		False	0x820122F8	?$NiTMapBase@V?$DFALL@V?$NiTMapItem@IPAVTESFile
?$NiTMapBase@V?$DFALL@V?$NiTMapItem@IPAVTESObjectREFR		False	0x820239E0	?$NiTMapBase@V?$DFALL@V?$NiTMapItem@IPAVTESObjectREFR
?$NiTMapBase@V?$DFALL@V?$NiTMapItem@IUReconstructFormData		False	0x82072524	?$NiTMapBase@V?$DFALL@V?$NiTMapItem@IUReconstructFormData
?$NiTMapBase@V?$DFALL@V?$NiTMapItem@IUVertexDist		False	0x82018A1C	?$NiTMapBase@V?$DFALL@V?$NiTMapItem@IUVertexDist
?$NiTMapBase@V?$DFALL@V?$NiTMapItem@IV?$NiPointer@VReferenceObstacleArray		False	0x8205E998	?$NiTMapBase@V?$DFALL@V?$NiTMapItem@IV?$NiPointer@VReferenceObstacleArray
?$NiTMapBase@V?$DFALL@V?$NiTMapItem@PAVActor		False	0x82080D1C	?$NiTMapBase@V?$DFALL@V?$NiTMapItem@PAVActor
?$NiTMapBase@V?$DFALL@V?$NiTMapItem@PAVActor		False	0x82082054	?$NiTMapBase@V?$DFALL@V?$NiTMapItem@PAVActor
?$NiTMapBase@V?$DFALL@V?$NiTMapItem@PAVbhkRigidBody		False	0x82042B4C	?$NiTMapBase@V?$DFALL@V?$NiTMapItem@PAVbhkRigidBody
?$NiTMapBase@V?$DFALL@V?$NiTMapItem@PAVbhkRigidBody		False	0x8205E9B8	?$NiTMapBase@V?$DFALL@V?$NiTMapItem@PAVbhkRigidBody
?$NiTMapBase@V?$DFALL@V?$NiTMapItem@PAVhkpRigidBody		False	0x82043270	?$NiTMapBase@V?$DFALL@V?$NiTMapItem@PAVhkpRigidBody
?$NiTMapBase@V?$DFALL@V?$NiTMapItem@PAVLowProcess		False	0x8207B278	?$NiTMapBase@V?$DFALL@V?$NiTMapItem@PAVLowProcess
?$NiTMapBase@V?$DFALL@V?$NiTMapItem@PAVNavMesh		False	0x8205DBEC	?$NiTMapBase@V?$DFALL@V?$NiTMapItem@PAVNavMesh
?$NiTMapBase@V?$DFALL@V?$NiTMapItem@PAVNiAVObject		False	0x820254FC	?$NiTMapBase@V?$DFALL@V?$NiTMapItem@PAVNiAVObject
?$NiTMapBase@V?$DFALL@V?$NiTMapItem@PAVNiTexture		False	0x820170A0	?$NiTMapBase@V?$DFALL@V?$NiTMapItem@PAVNiTexture
?$NiTMapBase@V?$DFALL@V?$NiTMapItem@PAVNiTexture		False	0x82017100	?$NiTMapBase@V?$DFALL@V?$NiTMapItem@PAVNiTexture
?$NiTMapBase@V?$DFALL@V?$NiTMapItem@PAVShadowSceneLight		False	0x820170E0	?$NiTMapBase@V?$DFALL@V?$NiTMapItem@PAVShadowSceneLight
?$NiTMapBase@V?$DFALL@V?$NiTMapItem@PAVTESActorBase		False	0x820170C0	?$NiTMapBase@V?$DFALL@V?$NiTMapItem@PAVTESActorBase
?$NiTMapBase@V?$DFALL@V?$NiTMapItem@PAVTESFile		False	0x82028868	?$NiTMapBase@V?$DFALL@V?$NiTMapItem@PAVTESFile
?$NiTMapBase@V?$DFALL@V?$NiTMapItem@PAVTESFile		False	0x820725C4	?$NiTMapBase@V?$DFALL@V?$NiTMapItem@PAVTESFile
?$NiTMapBase@V?$DFALL@V?$NiTMapItem@PAVTESForm		False	0x8202549C	?$NiTMapBase@V?$DFALL@V?$NiTMapItem@PAVTESForm
?$NiTMapBase@V?$DFALL@V?$NiTMapItem@PAVTESForm		False	0x82075F94	?$NiTMapBase@V?$DFALL@V?$NiTMapItem@PAVTESForm
?$NiTMapBase@V?$DFALL@V?$NiTMapItem@PAVTESGlobal		False	0x82073AFC	?$NiTMapBase@V?$DFALL@V?$NiTMapItem@PAVTESGlobal
?$NiTMapBase@V?$DFALL@V?$NiTMapItem@PAVTESIdleForm		False	0x8203E86C	?$NiTMapBase@V?$DFALL@V?$NiTMapItem@PAVTESIdleForm
?$NiTMapBase@V?$DFALL@V?$NiTMapItem@PAVTESObject		False	0x82018C94	?$NiTMapBase@V?$DFALL@V?$NiTMapItem@PAVTESObject
?$NiTMapBase@V?$DFALL@V?$NiTMapItem@PAVTESObjectCELL		False	0x82017120	?$NiTMapBase@V?$DFALL@V?$NiTMapItem@PAVTESObjectCELL
?$NiTMapBase@V?$DFALL@V?$NiTMapItem@PAVTESObjectCELL		False	0x8205DC0C	?$NiTMapBase@V?$DFALL@V?$NiTMapItem@PAVTESObjectCELL
?$NiTMapBase@V?$DFALL@V?$NiTMapItem@PAVTESObjectREFR		False	0x8200CA20	?$NiTMapBase@V?$DFALL@V?$NiTMapItem@PAVTESObjectREFR
?$NiTMapBase@V?$DFALL@V?$NiTMapItem@PAVTESObjectREFR		False	0x82012974	?$NiTMapBase@V?$DFALL@V?$NiTMapItem@PAVTESObjectREFR
?$NiTMapBase@V?$DFALL@V?$NiTMapItem@PAVTESObjectREFR		False	0x8202547C	?$NiTMapBase@V?$DFALL@V?$NiTMapItem@PAVTESObjectREFR
?$NiTMapBase@V?$DFALL@V?$NiTMapItem@PAVTESObjectREFR		False	0x820254BC	?$NiTMapBase@V?$DFALL@V?$NiTMapItem@PAVTESObjectREFR
?$NiTMapBase@V?$DFALL@V?$NiTMapItem@PAVTESObjectREFR		False	0x820254DC	?$NiTMapBase@V?$DFALL@V?$NiTMapItem@PAVTESObjectREFR
?$NiTMapBase@V?$DFALL@V?$NiTMapItem@PAVTESObjectREFR		False	0x820425A4	?$NiTMapBase@V?$DFALL@V?$NiTMapItem@PAVTESObjectREFR
?$NiTMapBase@V?$DFALL@V?$NiTMapItem@PAVWaterZone		False	0x8200E284	?$NiTMapBase@V?$DFALL@V?$NiTMapItem@PAVWaterZone
?$NiTMapBase@V?$DFALL@V?$NiTMapItem@PBDPAD		False	0x820AE340	?$NiTMapBase@V?$DFALL@V?$NiTMapItem@PBDPAD
?$NiTMapBase@V?$DFALL@V?$NiTMapItem@PBDPAVIDLE_ANIM_ROOT		False	0x8203ECA4	?$NiTMapBase@V?$DFALL@V?$NiTMapItem@PBDPAVIDLE_ANIM_ROOT
?$NiTMapBase@V?$DFALL@V?$NiTMapItem@PBDPAVSetting		False	0x8200A4FC	?$NiTMapBase@V?$DFALL@V?$NiTMapItem@PBDPAVSetting
?$NiTMapBase@V?$DFALL@V?$NiTMapItem@PBDPAVTESForm		False	0x82014DA0	?$NiTMapBase@V?$DFALL@V?$NiTMapItem@PBDPAVTESForm
?$NiTMapBase@V?$DFALL@V?$NiTMapItem@PBDV?$NiPointer@VEntry@BSFaceGenModelMap		False	0x820583C4	?$NiTMapBase@V?$DFALL@V?$NiTMapItem@PBDV?$NiPointer@VEntry@BSFaceGenModelMap
?$NiTMapBase@V?$DFALL@V?$NiTMapItem@UFastNavMeshVertHandle		False	0x8205D86C	?$NiTMapBase@V?$DFALL@V?$NiTMapItem@UFastNavMeshVertHandle
?$NiTMapBase@V?$DFALL@V?$NiTMapItem@W4ENUM_FORM_ID		False	0x82074868	?$NiTMapBase@V?$DFALL@V?$NiTMapItem@W4ENUM_FORM_ID
?$NiTMapBase@V?$NiTPointerAllocator@I		False	0x820122D8	?$NiTMapBase@V?$NiTPointerAllocator@I
?$NiTMapBase@V?$NiTPointerAllocator@I		False	0x82014D80	?$NiTMapBase@V?$NiTPointerAllocator@I
?$NiTMapBase@V?$NiTPointerAllocator@I		False	0x82015DF4	?$NiTMapBase@V?$NiTPointerAllocator@I
?$NiTMapBase@V?$NiTPointerAllocator@I		False	0x82017A88	?$NiTMapBase@V?$NiTPointerAllocator@I
?$NiTMapBase@V?$NiTPointerAllocator@I		False	0x82017AA8	?$NiTMapBase@V?$NiTPointerAllocator@I
?$NiTMapBase@V?$NiTPointerAllocator@I		False	0x8201AA70	?$NiTMapBase@V?$NiTPointerAllocator@I
?$NiTMapBase@V?$NiTPointerAllocator@I		False	0x8201AA90	?$NiTMapBase@V?$NiTPointerAllocator@I
?$NiTMapBase@V?$NiTPointerAllocator@I		False	0x8201AAB0	?$NiTMapBase@V?$NiTPointerAllocator@I
?$NiTMapBase@V?$NiTPointerAllocator@I		False	0x820220FC	?$NiTMapBase@V?$NiTPointerAllocator@I
?$NiTMapBase@V?$NiTPointerAllocator@I		False	0x820248F4	?$NiTMapBase@V?$NiTPointerAllocator@I
?$NiTMapBase@V?$NiTPointerAllocator@I		False	0x82026A80	?$NiTMapBase@V?$NiTPointerAllocator@I
?$NiTMapBase@V?$NiTPointerAllocator@I		False	0x82026AA0	?$NiTMapBase@V?$NiTPointerAllocator@I
?$NiTMapBase@V?$NiTPointerAllocator@I		False	0x82028848	?$NiTMapBase@V?$NiTPointerAllocator@I
?$NiTMapBase@V?$NiTPointerAllocator@I		False	0x82028888	?$NiTMapBase@V?$NiTPointerAllocator@I
?$NiTMapBase@V?$NiTPointerAllocator@I		False	0x82058FF0	?$NiTMapBase@V?$NiTPointerAllocator@I
?$NiTMapBase@V?$NiTPointerAllocator@I		False	0x8205E180	?$NiTMapBase@V?$NiTPointerAllocator@I
?$NiTMapBase@V?$NiTPointerAllocator@I		False	0x8206CDBC	?$NiTMapBase@V?$NiTPointerAllocator@I
?$NiTMapBase@V?$NiTPointerAllocator@I		False	0x82070A70	?$NiTMapBase@V?$NiTPointerAllocator@I
?$NiTMapBase@V?$NiTPointerAllocator@I		False	0x82071348	?$NiTMapBase@V?$NiTPointerAllocator@I
?$NiTMapBase@V?$NiTPointerAllocator@I		False	0x82072C80	?$NiTMapBase@V?$NiTPointerAllocator@I
?$NiTMapBase@V?$NiTPointerAllocator@I		False	0x820744D8	?$NiTMapBase@V?$NiTPointerAllocator@I
?$NiTMapBase@V?$NiTPointerAllocator@I		False	0x820744F8	?$NiTMapBase@V?$NiTPointerAllocator@I
?$NiTMapBase@V?$NiTPointerAllocator@I		False	0x82075318	?$NiTMapBase@V?$NiTPointerAllocator@I
?$NiTMapBase@V?$NiTPointerAllocator@I		False	0x82075338	?$NiTMapBase@V?$NiTPointerAllocator@I
?$NiTMapBase@V?$NiTPointerAllocator@I		False	0x82075358	?$NiTMapBase@V?$NiTPointerAllocator@I
?$NiTMapBase@V?$NiTPointerAllocator@I		False	0x82075378	?$NiTMapBase@V?$NiTPointerAllocator@I
?$NiTMapBase@V?$NiTPointerAllocator@I		False	0x82075398	?$NiTMapBase@V?$NiTPointerAllocator@I
?$NiTMapBase@V?$NiTPointerAllocator@I		False	0x820A5268	?$NiTMapBase@V?$NiTPointerAllocator@I
?$NiTMapBase@V?$NiTPointerAllocator@I		False	0x820A5288	?$NiTMapBase@V?$NiTPointerAllocator@I
?$NiTMapBase@V?$NiTPointerAllocator@I		False	0x820A52A8	?$NiTMapBase@V?$NiTPointerAllocator@I
?$NiTMapBase@V?$NiTPointerAllocator@I		False	0x820A65D4	?$NiTMapBase@V?$NiTPointerAllocator@I
?$NiTMapBase@V?$NiTPointerAllocator@I		False	0x820A65F4	?$NiTMapBase@V?$NiTPointerAllocator@I
?$NiTObjectArray@PAVAnimation		False	0x820768EC	?$NiTObjectArray@PAVAnimation, ?$NiTArray@PAVAnimation
?$NiTObjectArray@PAVBipedAnim		False	0x820768E4	?$NiTObjectArray@PAVBipedAnim, ?$NiTArray@PAVBipedAnim
?$NiTObjectArray@PAVTESObjectREFR		False	0x820768DC	?$NiTObjectArray@PAVTESObjectREFR, ?$NiTArray@PAVTESObjectREFR
?$NiTObjectArray@V?$NiPointer@VbhkRigidBody		False	0x8204288C	?$NiTObjectArray@V?$NiPointer@VbhkRigidBody, ?$NiTArray@V?$NiPointer@VbhkRigidBody
?$NiTObjectArray@V?$NiPointer@VBSTempEffect		False	0x820768FC	?$NiTObjectArray@V?$NiPointer@VBSTempEffect, ?$NiTArray@V?$NiPointer@VBSTempEffect
?$NiTObjectArray@V?$NiPointer@VNiAVObject		False	0x82017AF4	?$NiTObjectArray@V?$NiPointer@VNiAVObject, ?$NiTArray@V?$NiPointer@VNiAVObject
?$NiTObjectArray@V?$NiPointer@VNiRefObject		False	0x820AFB54	?$NiTObjectArray@V?$NiPointer@VNiRefObject, ?$NiTArray@V?$NiPointer@VNiRefObject
?$NiTObjectArray@V?$NiPointer@VNiTexture		False	0x82032F78	?$NiTObjectArray@V?$NiPointer@VNiTexture, ?$NiTArray@V?$NiPointer@VNiTexture
?$NiTObjectArray@VFurnitureMark		False	0x820B017C	?$NiTObjectArray@VFurnitureMark, ?$NiTArray@VFurnitureMark
?$NiTPointerMap@EPAV?$BSSimpleList@PAULoadFormHeader		False	0x8207598C	?$NiTPointerMap@EPAV?$BSSimpleList@PAULoadFormHeader, ?$NiTMapBase@V?$NiTPointerAllocator@I
?$NiTPointerMap@GPAVAnimSequenceBase		False	0x82016244	?$NiTPointerMap@GPAVAnimSequenceBase, ?$NiTMapBase@V?$NiTPointerAllocator@I
?$NiTPointerMap@H_N		False	0x8202211C	?$NiTPointerMap@H_N, ?$NiTMapBase@V?$NiTPointerAllocator@I
?$NiTPointerMap@HH		False	0x820A53CC	?$NiTPointerMap@HH, ?$NiTMapBase@V?$NiTPointerAllocator@I
?$NiTPointerMap@HI		False	0x82071400	?$NiTPointerMap@HI, ?$NiTMapBase@V?$NiTPointerAllocator@I
?$NiTPointerMap@HPAVTESObjectCELL		False	0x8200146C	?$NiTPointerMap@HPAVTESObjectCELL, ?$NiTMapBase@V?$NiTPointerAllocator@I
?$NiTPointerMap@I_N		False	0x82026E34	?$NiTPointerMap@I_N, ?$NiTMapBase@V?$NiTPointerAllocator@I
?$NiTPointerMap@II		False	0x82074650	?$NiTPointerMap@II, ?$NiTMapBase@V?$NiTPointerAllocator@I
?$NiTPointerMap@IPAPAVTESGrassAreaParam		False	0x82024A6C	?$NiTPointerMap@IPAPAVTESGrassAreaParam, ?$NiTMapBase@V?$NiTPointerAllocator@I
?$NiTPointerMap@IPAV?$BSSimpleList@I		False	0x82075618	?$NiTPointerMap@IPAV?$BSSimpleList@I, ?$NiTMapBase@V?$NiTPointerAllocator@I
?$NiTPointerMap@IPAV?$BSSimpleList@PAUExteriorCellReferenceData		False	0x82075638	?$NiTPointerMap@IPAV?$BSSimpleList@PAUExteriorCellReferenceData, ?$NiTMapBase@V?$NiTPointerAllocator@I
?$NiTPointerMap@IPAV?$BSSimpleList@PAVTESObjectREFR		False	0x82028CC8	?$NiTPointerMap@IPAV?$BSSimpleList@PAVTESObjectREFR, ?$NiTMapBase@V?$NiTPointerAllocator@I
?$NiTPointerMap@IPAVBGSCellNumericIDArrayMap		False	0x82074670	?$NiTPointerMap@IPAVBGSCellNumericIDArrayMap, ?$NiTMapBase@V?$NiTPointerAllocator@I
?$NiTPointerMap@IPAVBGSFormChanges		False	0x82072CA0	?$NiTPointerMap@IPAVBGSFormChanges, ?$NiTMapBase@V?$NiTPointerAllocator@I
?$NiTPointerMap@IPAVBSSoundHandle		False	0x82070AD0	?$NiTPointerMap@IPAVBSSoundHandle, ?$NiTMapBase@V?$NiTPointerAllocator@I
?$NiTPointerMap@IPAVChangeData		False	0x820755F8	?$NiTPointerMap@IPAVChangeData, ?$NiTMapBase@V?$NiTPointerAllocator@I
?$NiTPointerMap@IPAVNavMeshInfo		False	0x8205E22C	?$NiTPointerMap@IPAVNavMeshInfo, ?$NiTMapBase@V?$NiTPointerAllocator@I
?$NiTPointerMap@IPAVTESFile		False	0x82012440	?$NiTPointerMap@IPAVTESFile, ?$NiTMapBase@V?$NiTPointerAllocator@I
?$NiTPointerMap@IPAVTESForm		False	0x82014E24	?$NiTPointerMap@IPAVTESForm, ?$NiTMapBase@V?$NiTPointerAllocator@I
?$NiTPointerMap@IPAX		False	0x82075658	?$NiTPointerMap@IPAX, ?$NiTMapBase@V?$NiTPointerAllocator@I
?$NiTPointerMap@PAUValue@Tile		False	0x8200138C	?$NiTPointerMap@PAUValue@Tile, ?$NiTMapBase@V?$NiTPointerAllocator@I
?$NiTPointerMap@PAVNiObject		False	0x820013EC	?$NiTPointerMap@PAVNiObject, ?$NiTMapBase@V?$NiTPointerAllocator@I
?$NiTPointerMap@PAVNiObject		False	0x820013AC	?$NiTPointerMap@PAVNiObject, ?$NiTMapBase@V?$NiTPointerAllocator@I
?$NiTPointerMap@PAVTESObjectREFR		False	0x820014CC	?$NiTPointerMap@PAVTESObjectREFR, ?$NiTMapBase@V?$NiTPointerAllocator@I
?$NiTPointerMap@PAVTESObjectREFR		False	0x8201AAD0	?$NiTPointerMap@PAVTESObjectREFR, ?$NiTMapBase@V?$NiTPointerAllocator@I
?$NiTPointerMap@PAVTESObjectREFR		False	0x82026E14	?$NiTPointerMap@PAVTESObjectREFR, ?$NiTMapBase@V?$NiTPointerAllocator@I
?$NiTPointerMap@PAVTESObjectTREE		False	0x82059010	?$NiTPointerMap@PAVTESObjectTREE, ?$NiTMapBase@V?$NiTPointerAllocator@I
?$NiTPointerMap@PAVTESWaterForm		False	0x8200140C	?$NiTPointerMap@PAVTESWaterForm, ?$NiTMapBase@V?$NiTPointerAllocator@I
?$NiTPointerMap@PAVTESWaterForm		False	0x8206D338	?$NiTPointerMap@PAVTESWaterForm, ?$NiTMapBase@V?$NiTPointerAllocator@I
?$NiTPointerMap@PBDH		False	0x820A538C	?$NiTPointerMap@PBDH, ?$NiTMapBase@V?$NiTPointerAllocator@I
?$NiTPointerMap@PBDPAVBuildStorage@Tile		False	0x820A6678	?$NiTPointerMap@PBDPAVBuildStorage@Tile, ?$NiTMapBase@V?$NiTPointerAllocator@I
?$NiTPointerMap@PBDPAVXMLStorage		False	0x820A6638	?$NiTPointerMap@PBDPAVXMLStorage, ?$NiTMapBase@V?$NiTPointerAllocator@I
?$NiTPrimitiveArray@I		False	0x82012480	?$NiTPrimitiveArray@I, ?$NiTArray@IV?$NiTMallocInterface@I
?$NiTPrimitiveArray@PAD		False	0x82032A20	?$NiTPrimitiveArray@PAD, ?$NiTArray@PADV?$NiTMallocInterface@PAD
?$NiTPrimitiveArray@PAUBSAnimNoteReceiverType@BSAnimNoteReceiver		False	0x82026F7C	?$NiTPrimitiveArray@PAUBSAnimNoteReceiverType@BSAnimNoteReceiver, ?$NiTArray@PAUBSAnimNoteReceiverType@BSAnimNoteReceiver
?$NiTPrimitiveArray@PAUFaceGenUndo		False	0x8203F018	?$NiTPrimitiveArray@PAUFaceGenUndo, ?$NiTArray@PAUFaceGenUndo
?$NiTPrimitiveArray@PAUPackedMenu@BGSMenuPacker		False	0x820623C4	?$NiTPrimitiveArray@PAUPackedMenu@BGSMenuPacker, ?$NiTArray@PAUPackedMenu@BGSMenuPacker
?$NiTPrimitiveArray@PAV?$NiTPrimitiveSet@PAVNiNode		False	0x820AFFFC	?$NiTPrimitiveArray@PAV?$NiTPrimitiveSet@PAVNiNode, ?$NiTArray@PAV?$NiTPrimitiveSet@PAVNiNode
?$NiTPrimitiveArray@PAVActor		False	0x820865AC	?$NiTPrimitiveArray@PAVActor, ?$NiTArray@PAVActor
?$NiTPrimitiveArray@PAVBGSAddonNode		False	0x820119F8	?$NiTPrimitiveArray@PAVBGSAddonNode, ?$NiTArray@PAVBGSAddonNode
?$NiTPrimitiveArray@PAVBGSCameraPath		False	0x82029494	?$NiTPrimitiveArray@PAVBGSCameraPath, ?$NiTArray@PAVBGSCameraPath
?$NiTPrimitiveArray@PAVCombatGroup		False	0x82080D80	?$NiTPrimitiveArray@PAVCombatGroup, ?$NiTArray@PAVCombatGroup
?$NiTPrimitiveArray@PAVMobileObject		False	0x8207E8B0	?$NiTPrimitiveArray@PAVMobileObject, ?$NiTArray@PAVMobileObject
?$NiTPrimitiveArray@PAVNiAGDDataBlock@NiAdditionalGeometryData		False	0x82024BCC	?$NiTPrimitiveArray@PAVNiAGDDataBlock@NiAdditionalGeometryData, ?$NiTArray@PAVNiAGDDataBlock@NiAdditionalGeometryData
?$NiTPrimitiveArray@PAVNiAVObject		False	0x8205C3E4	?$NiTPrimitiveArray@PAVNiAVObject, ?$NiTArray@PAVNiAVObject
?$NiTPrimitiveArray@PAVNiParticles		False	0x820B08AC	?$NiTPrimitiveArray@PAVNiParticles, ?$NiTArray@PAVNiParticles
?$NiTPrimitiveArray@PAVNiParticleSystem		False	0x820B089C	?$NiTPrimitiveArray@PAVNiParticleSystem, ?$NiTArray@PAVNiParticleSystem
?$NiTPrimitiveArray@PAVTESIdleForm		False	0x8203ED04	?$NiTPrimitiveArray@PAVTESIdleForm, ?$NiTArray@PAVTESIdleForm
?$NiTPrimitiveArray@PAVTESModel		False	0x82032A30	?$NiTPrimitiveArray@PAVTESModel, ?$NiTArray@PAVTESModel
?$NiTPrimitiveArray@PAVTESObjectCELL		False	0x82010F14	?$NiTPrimitiveArray@PAVTESObjectCELL, ?$NiTArray@PAVTESObjectCELL
?$NiTPrimitiveArray@PAVTESObjectREFR		False	0x820257C0	?$NiTPrimitiveArray@PAVTESObjectREFR, ?$NiTArray@PAVTESObjectREFR
?$NiTPrimitiveArray@PAVTESRegion		False	0x8207DA8C	?$NiTPrimitiveArray@PAVTESRegion, ?$NiTArray@PAVTESRegion
?$NiTPrimitiveArray@PAVTESTexture		False	0x82032A38	?$NiTPrimitiveArray@PAVTESTexture, ?$NiTArray@PAVTESTexture
?$NiTPrimitiveArray@PAVTile		False	0x820A6718	?$NiTPrimitiveArray@PAVTile, ?$NiTArray@PAVTile
?$NiTPrimitiveArray@PAVXMLStorage		False	0x820A6720	?$NiTPrimitiveArray@PAVXMLStorage, ?$NiTArray@PAVXMLStorage
?$NiTPrimitiveArray@PBD		False	0x82032A40	?$NiTPrimitiveArray@PBD, ?$NiTArray@PBDV?$NiTMallocInterface@PBD
?$NiTPrimitiveArray@V?$NiPointer@VNiAVObject		False	0x820B10F4	?$NiTPrimitiveArray@V?$NiPointer@VNiAVObject, ?$NiTArray@V?$NiPointer@VNiAVObject
?$NiTPrimitiveArray@W4eTextureType@BSTextureManager		False	0x8201AB44	?$NiTPrimitiveArray@W4eTextureType@BSTextureManager, ?$NiTArray@W4eTextureType@BSTextureManager
?$NiTPrimitiveArray@W4FilterMode@NiTexturingProperty		False	0x8201AB4C	?$NiTPrimitiveArray@W4FilterMode@NiTexturingProperty, ?$NiTArray@W4FilterMode@NiTexturingProperty
?$NiTStringPointerMap@PAVBuildStorage@Tile		False	0x820A6810	?$NiTStringPointerMap@PAVBuildStorage@Tile, ?$NiTStringTemplateMap@V?$NiTPointerMap@PBDPAVBuildStorage@Tile, ?$NiTPointerMap@PBDPAVBuildStorage@Tile, ?$NiTMapBase@V?$NiTPointerAllocator@I
?$NiTStringPointerMap@PAVXMLStorage		False	0x820A67F0	?$NiTStringPointerMap@PAVXMLStorage, ?$NiTStringTemplateMap@V?$NiTPointerMap@PBDPAVXMLStorage, ?$NiTPointerMap@PBDPAVXMLStorage, ?$NiTMapBase@V?$NiTPointerAllocator@I
?$NiTStringTemplateMap@V?$NiTMap@PBDPAD		False	0x820AE380	?$NiTStringTemplateMap@V?$NiTMap@PBDPAD, ?$NiTMap@PBDPAD, ?$NiTMapBase@V?$DFALL@V?$NiTMapItem@PBDPAD
?$NiTStringTemplateMap@V?$NiTMap@PBDPAVIDLE_ANIM_ROOT		False	0x8203ECE4	?$NiTStringTemplateMap@V?$NiTMap@PBDPAVIDLE_ANIM_ROOT, ?$NiTMap@PBDPAVIDLE_ANIM_ROOT, ?$NiTMapBase@V?$DFALL@V?$NiTMapItem@PBDPAVIDLE_ANIM_ROOT
?$NiTStringTemplateMap@V?$NiTMap@PBDPAVSetting		False	0x8200A53C	?$NiTStringTemplateMap@V?$NiTMap@PBDPAVSetting, ?$NiTMap@PBDPAVSetting, ?$NiTMapBase@V?$DFALL@V?$NiTMapItem@PBDPAVSetting
?$NiTStringTemplateMap@V?$NiTMap@PBDPAVTESForm		False	0x82014DE0	?$NiTStringTemplateMap@V?$NiTMap@PBDPAVTESForm, ?$NiTMap@PBDPAVTESForm, ?$NiTMapBase@V?$DFALL@V?$NiTMapItem@PBDPAVTESForm
?$NiTStringTemplateMap@V?$NiTMap@PBDV?$NiPointer@VEntry@BSFaceGenModelMap		False	0x82058410	?$NiTStringTemplateMap@V?$NiTMap@PBDV?$NiPointer@VEntry@BSFaceGenModelMap, ?$NiTMap@PBDV?$NiPointer@VEntry@BSFaceGenModelMap, ?$NiTMapBase@V?$DFALL@V?$NiTMapItem@PBDV?$NiPointer@VEntry@BSFaceGenModelMap
?$NiTStringTemplateMap@V?$NiTPointerMap@PBDH		False	0x820A53AC	?$NiTStringTemplateMap@V?$NiTPointerMap@PBDH, ?$NiTPointerMap@PBDH, ?$NiTMapBase@V?$NiTPointerAllocator@I
?$NiTStringTemplateMap@V?$NiTPointerMap@PBDPAVBuildStorage@Tile		False	0x820A6698	?$NiTStringTemplateMap@V?$NiTPointerMap@PBDPAVBuildStorage@Tile, ?$NiTPointerMap@PBDPAVBuildStorage@Tile, ?$NiTMapBase@V?$NiTPointerAllocator@I
?$NiTStringTemplateMap@V?$NiTPointerMap@PBDPAVXMLStorage		False	0x820A6658	?$NiTStringTemplateMap@V?$NiTPointerMap@PBDPAVXMLStorage, ?$NiTPointerMap@PBDPAVXMLStorage, ?$NiTMapBase@V?$NiTPointerAllocator@I
?$SettingCollection@VSetting		False	0x8200A4D0	?$SettingCollection@VSetting
?$SettingCollectionList@VSetting		False	0x8200F4B4	?$SettingCollectionList@VSetting, ?$SettingCollection@VSetting
?$SettingCollectionMap@VSetting		False	0x8200A57C	?$SettingCollectionMap@VSetting, ?$SettingCollection@VSetting
?$SettingT@VBlendSettingCollection		False	0x82043424	?$SettingT@VBlendSettingCollection, Setting
?$SettingT@VGameSettingCollection		False	0x8200A634	?$SettingT@VGameSettingCollection, Setting
?$SettingT@VINIPrefSettingCollection		False	0x82019368	?$SettingT@VINIPrefSettingCollection, Setting
?$SettingT@VINISettingCollection		False	0x8200FC24	?$SettingT@VINISettingCollection, Setting
?$SettingT@VRegSettingCollection		False	0x820770E8	?$SettingT@VRegSettingCollection, Setting
?$TESImageSpaceModifiableCountForm@$05		False	0x82028548	?$TESImageSpaceModifiableCountForm@$05, BaseFormComponent
AbsorbEffect		False	0x8206DCDC	AbsorbEffect, ValueModifierEffect, ActiveEffect
ActiveEffect		False	0x8206DE24	ActiveEffect
Actor		True	0x82078BFC	Actor, MobileObject, TESObjectREFR, TESForm, BaseFormComponent, TESChildCell, MagicCaster, MagicTarget, ActorValueOwner, CachedValuesOwner
Actor		True	0x82078BF0	Actor, MobileObject, TESObjectREFR, TESForm, BaseFormComponent, TESChildCell, MagicCaster, MagicTarget, ActorValueOwner, CachedValuesOwner
Actor		True	0x82078B9C	Actor, MobileObject, TESObjectREFR, TESForm, BaseFormComponent, TESChildCell, MagicCaster, MagicTarget, ActorValueOwner, CachedValuesOwner
Actor		True	0x82078B68	Actor, MobileObject, TESObjectREFR, TESForm, BaseFormComponent, TESChildCell, MagicCaster, MagicTarget, ActorValueOwner, CachedValuesOwner
Actor		True	0x82078B38	Actor, MobileObject, TESObjectREFR, TESForm, BaseFormComponent, TESChildCell, MagicCaster, MagicTarget, ActorValueOwner, CachedValuesOwner
Actor		True	0x82078AF4	Actor, MobileObject, TESObjectREFR, TESForm, BaseFormComponent, TESChildCell, MagicCaster, MagicTarget, ActorValueOwner, CachedValuesOwner
ActorMover		False	0x82001AD4	ActorMover
ActorPackageData		False	0x8205B2E0	ActorPackageData
ActorPathHandler		False	0x820862C4	ActorPathHandler
ActorPathingMessageQueue		False	0x8207AEC8	ActorPathingMessageQueue, ?$BSTCommonLLMessageQueue@VActorPathingMessage, ?$BSTCommonMessageQueue@VActorPathingMessage, ?$BSTMessageQueue@VActorPathingMessage, NiRefObject, NiMemObject
ActorPathingMessageQueue		False	0x8207AEBC	ActorPathingMessageQueue, ?$BSTCommonLLMessageQueue@VActorPathingMessage, ?$BSTCommonMessageQueue@VActorPathingMessage, ?$BSTMessageQueue@VActorPathingMessage, NiRefObject, NiMemObject
ActorsScriptTaskData		False	0x82079CCC	ActorsScriptTaskData, MobileObjectTaskletData, BSXenonTaskletData, BSTaskletData
ActorUpdateTaskData		False	0x82079C8C	ActorUpdateTaskData, MobileObjectTaskletData, BSXenonTaskletData, BSTaskletData
ActorValueInfo		True	0x82059F94	ActorValueInfo, TESForm, BaseFormComponent, TESFullName, BaseFormComponent, TESDescription, BaseFormComponent, TESIcon, TESTexture, BaseFormComponent
ActorValueInfo		True	0x82059F80	ActorValueInfo, TESForm, BaseFormComponent, TESFullName, BaseFormComponent, TESDescription, BaseFormComponent, TESIcon, TESTexture, BaseFormComponent
ActorValueInfo		True	0x82059F68	ActorValueInfo, TESForm, BaseFormComponent, TESFullName, BaseFormComponent, TESDescription, BaseFormComponent, TESIcon, TESTexture, BaseFormComponent
ActorValueInfo		True	0x82059F44	ActorValueInfo, TESForm, BaseFormComponent, TESFullName, BaseFormComponent, TESDescription, BaseFormComponent, TESIcon, TESTexture, BaseFormComponent
ActorValueOwner		False	0x8203D9C4	ActorValueOwner
AILinearTaskThread		False	0x82079A10	AILinearTaskThread, BSLinearTaskThread, BSThread
AITaskThread		False	0x82079B60	AITaskThread, BSThread
AlarmPackage		True	0x82086AE4	AlarmPackage, TESPackage, TESForm, BaseFormComponent
AlchemyItem		True	0x82009E3C	AlchemyItem, MagicItemObject, TESBoundObject, TESObject, TESForm, BaseFormComponent, MagicItem, TESFullName, BaseFormComponent, EffectItemList, ?$BSSimpleList@PAVEffectItem, TESModelTextureSwap, TESModel, BaseFormComponent, TESIcon, TESTexture, BaseFormComponent, BGSMessageIcon, BaseFormComponent, TESScriptableForm, BaseFormComponent, TESWeightForm, BaseFormComponent, BGSEquipType, BaseFormComponent, BGSDestructibleObjectForm, BaseFormComponent, BGSPickupPutdownSounds, BaseFormComponent
AlchemyItem		True	0x82009DEC	AlchemyItem, MagicItemObject, TESBoundObject, TESObject, TESForm, BaseFormComponent, MagicItem, TESFullName, BaseFormComponent, EffectItemList, ?$BSSimpleList@PAVEffectItem, TESModelTextureSwap, TESModel, BaseFormComponent, TESIcon, TESTexture, BaseFormComponent, BGSMessageIcon, BaseFormComponent, TESScriptableForm, BaseFormComponent, TESWeightForm, BaseFormComponent, BGSEquipType, BaseFormComponent, BGSDestructibleObjectForm, BaseFormComponent, BGSPickupPutdownSounds, BaseFormComponent
AlchemyItem		True	0x82009DD4	AlchemyItem, MagicItemObject, TESBoundObject, TESObject, TESForm, BaseFormComponent, MagicItem, TESFullName, BaseFormComponent, EffectItemList, ?$BSSimpleList@PAVEffectItem, TESModelTextureSwap, TESModel, BaseFormComponent, TESIcon, TESTexture, BaseFormComponent, BGSMessageIcon, BaseFormComponent, TESScriptableForm, BaseFormComponent, TESWeightForm, BaseFormComponent, BGSEquipType, BaseFormComponent, BGSDestructibleObjectForm, BaseFormComponent, BGSPickupPutdownSounds, BaseFormComponent
AlchemyItem		True	0x82009DC0	AlchemyItem, MagicItemObject, TESBoundObject, TESObject, TESForm, BaseFormComponent, MagicItem, TESFullName, BaseFormComponent, EffectItemList, ?$BSSimpleList@PAVEffectItem, TESModelTextureSwap, TESModel, BaseFormComponent, TESIcon, TESTexture, BaseFormComponent, BGSMessageIcon, BaseFormComponent, TESScriptableForm, BaseFormComponent, TESWeightForm, BaseFormComponent, BGSEquipType, BaseFormComponent, BGSDestructibleObjectForm, BaseFormComponent, BGSPickupPutdownSounds, BaseFormComponent
AlchemyItem		True	0x82009DAC	AlchemyItem, MagicItemObject, TESBoundObject, TESObject, TESForm, BaseFormComponent, MagicItem, TESFullName, BaseFormComponent, EffectItemList, ?$BSSimpleList@PAVEffectItem, TESModelTextureSwap, TESModel, BaseFormComponent, TESIcon, TESTexture, BaseFormComponent, BGSMessageIcon, BaseFormComponent, TESScriptableForm, BaseFormComponent, TESWeightForm, BaseFormComponent, BGSEquipType, BaseFormComponent, BGSDestructibleObjectForm, BaseFormComponent, BGSPickupPutdownSounds, BaseFormComponent
AlchemyItem		True	0x82009D88	AlchemyItem, MagicItemObject, TESBoundObject, TESObject, TESForm, BaseFormComponent, MagicItem, TESFullName, BaseFormComponent, EffectItemList, ?$BSSimpleList@PAVEffectItem, TESModelTextureSwap, TESModel, BaseFormComponent, TESIcon, TESTexture, BaseFormComponent, BGSMessageIcon, BaseFormComponent, TESScriptableForm, BaseFormComponent, TESWeightForm, BaseFormComponent, BGSEquipType, BaseFormComponent, BGSDestructibleObjectForm, BaseFormComponent, BGSPickupPutdownSounds, BaseFormComponent
AlchemyItem		True	0x82009D64	AlchemyItem, MagicItemObject, TESBoundObject, TESObject, TESForm, BaseFormComponent, MagicItem, TESFullName, BaseFormComponent, EffectItemList, ?$BSSimpleList@PAVEffectItem, TESModelTextureSwap, TESModel, BaseFormComponent, TESIcon, TESTexture, BaseFormComponent, BGSMessageIcon, BaseFormComponent, TESScriptableForm, BaseFormComponent, TESWeightForm, BaseFormComponent, BGSEquipType, BaseFormComponent, BGSDestructibleObjectForm, BaseFormComponent, BGSPickupPutdownSounds, BaseFormComponent
AlchemyItem		True	0x82009D50	AlchemyItem, MagicItemObject, TESBoundObject, TESObject, TESForm, BaseFormComponent, MagicItem, TESFullName, BaseFormComponent, EffectItemList, ?$BSSimpleList@PAVEffectItem, TESModelTextureSwap, TESModel, BaseFormComponent, TESIcon, TESTexture, BaseFormComponent, BGSMessageIcon, BaseFormComponent, TESScriptableForm, BaseFormComponent, TESWeightForm, BaseFormComponent, BGSEquipType, BaseFormComponent, BGSDestructibleObjectForm, BaseFormComponent, BGSPickupPutdownSounds, BaseFormComponent
AlchemyItem		True	0x82009D3C	AlchemyItem, MagicItemObject, TESBoundObject, TESObject, TESForm, BaseFormComponent, MagicItem, TESFullName, BaseFormComponent, EffectItemList, ?$BSSimpleList@PAVEffectItem, TESModelTextureSwap, TESModel, BaseFormComponent, TESIcon, TESTexture, BaseFormComponent, BGSMessageIcon, BaseFormComponent, TESScriptableForm, BaseFormComponent, TESWeightForm, BaseFormComponent, BGSEquipType, BaseFormComponent, BGSDestructibleObjectForm, BaseFormComponent, BGSPickupPutdownSounds, BaseFormComponent
AlchemyItem		True	0x82009D28	AlchemyItem, MagicItemObject, TESBoundObject, TESObject, TESForm, BaseFormComponent, MagicItem, TESFullName, BaseFormComponent, EffectItemList, ?$BSSimpleList@PAVEffectItem, TESModelTextureSwap, TESModel, BaseFormComponent, TESIcon, TESTexture, BaseFormComponent, BGSMessageIcon, BaseFormComponent, TESScriptableForm, BaseFormComponent, TESWeightForm, BaseFormComponent, BGSEquipType, BaseFormComponent, BGSDestructibleObjectForm, BaseFormComponent, BGSPickupPutdownSounds, BaseFormComponent
AlchemyItem		True	0x82009D14	AlchemyItem, MagicItemObject, TESBoundObject, TESObject, TESForm, BaseFormComponent, MagicItem, TESFullName, BaseFormComponent, EffectItemList, ?$BSSimpleList@PAVEffectItem, TESModelTextureSwap, TESModel, BaseFormComponent, TESIcon, TESTexture, BaseFormComponent, BGSMessageIcon, BaseFormComponent, TESScriptableForm, BaseFormComponent, TESWeightForm, BaseFormComponent, BGSEquipType, BaseFormComponent, BGSDestructibleObjectForm, BaseFormComponent, BGSPickupPutdownSounds, BaseFormComponent
AnimationTaskData		False	0x82079C4C	AnimationTaskData, MobileObjectTaskletData, BSXenonTaskletData, BSTaskletData
AnimIdle		False	0x82016274	AnimIdle, NiRefObject, NiMemObject
AnimSequenceBase		False	0x82015DB4	AnimSequenceBase
AnimSequenceMultiple		False	0x820162D0	AnimSequenceMultiple, AnimSequenceBase
AnimSequenceSingle		False	0x82015DD4	AnimSequenceSingle, AnimSequenceBase
AssociatedItemEffect		False	0x8206DF1C	AssociatedItemEffect, ActiveEffect
Atmosphere		False	0x8204387C	Atmosphere, SkyObject
AttachDistant3DTask		False	0x8200ED20	AttachDistant3DTask, IOTask, ?$BSTask@_J
BackgroundCloneThread		False	0x8200EC38	BackgroundCloneThread, BSTaskThread
BackgroundKeyboard		False	0x820A501C	BackgroundKeyboard, BackgroundLoader
BackgroundLoader		False	0x820B0A88	BackgroundLoader
BackgroundLoaderThread		False	0x820B0A44	BackgroundLoaderThread, BSThread
BackUpPackage		True	0x82086C5C	BackUpPackage, TESPackage, TESForm, BaseFormComponent
bad_alloc@stdext		False	0x8200E9D0	bad_alloc@stdext, exception@stdext
BarterMenu		False	0x82063E1C	BarterMenu, Menu
BaseExtraList		False	0x8200C6CC	BaseExtraList
BaseProcess		False	0x82079DA4	BaseProcess
BeamProjectile		True	0x8207EBA4	BeamProjectile, Projectile, MobileObject, TESObjectREFR, TESForm, BaseFormComponent, TESChildCell
BeamProjectile		True	0x8207EB98	BeamProjectile, Projectile, MobileObject, TESObjectREFR, TESForm, BaseFormComponent, TESChildCell
BGSAbilityPerkEntry		False	0x8203BE88	BGSAbilityPerkEntry, BGSPerkEntry
BGSAcousticSpace		True	0x82028F3C	BGSAcousticSpace, TESBoundObject, TESObject, TESForm, BaseFormComponent
BGSAcousticSpaceListener		False	0x820425E4	BGSAcousticSpaceListener, bhkEntityListener, hkpEntityListener
BGSAddonNode		True	0x8201BB04	BGSAddonNode, TESBoundObject, TESObject, TESForm, BaseFormComponent, TESModelTextureSwap, TESModel, BaseFormComponent
BGSAddonNode		True	0x8201BAE0	BGSAddonNode, TESBoundObject, TESObject, TESForm, BaseFormComponent, TESModelTextureSwap, TESModel, BaseFormComponent
BGSAddonNodeSoundHandleExtra		False	0x8201BCC4	BGSAddonNodeSoundHandleExtra, NiExtraData, NiObject, NiRefObject, NiMemObject
BGSAmmoForm		False	0x820126F0	BGSAmmoForm, BaseFormComponent
BGSBipedModelList		False	0x820127C4	BGSBipedModelList, BaseFormComponent
BGSBodyPart		False	0x8203AAB8	BGSBodyPart
BGSBodyPartData		True	0x8203ACCC	BGSBodyPartData, TESForm, BaseFormComponent, TESModel, BaseFormComponent, BGSPreloadable, BaseFormComponent
BGSBodyPartData		True	0x8203ACA8	BGSBodyPartData, TESForm, BaseFormComponent, TESModel, BaseFormComponent, BGSPreloadable, BaseFormComponent
BGSBodyPartData		True	0x8203AC90	BGSBodyPartData, TESForm, BaseFormComponent, TESModel, BaseFormComponent, BGSPreloadable, BaseFormComponent
BGSCameraPath		True	0x82029114	BGSCameraPath, TESForm, BaseFormComponent
BGSCameraShot		True	0x8202959C	BGSCameraShot, TESForm, BaseFormComponent, TESModel, BaseFormComponent, TESImageSpaceModifiableForm, BaseFormComponent
BGSCameraShot		True	0x82029578	BGSCameraShot, TESForm, BaseFormComponent, TESModel, BaseFormComponent, TESImageSpaceModifiableForm, BaseFormComponent
BGSCameraShot		True	0x82029564	BGSCameraShot, TESForm, BaseFormComponent, TESModel, BaseFormComponent, TESImageSpaceModifiableForm, BaseFormComponent
BGSCellNumericIDArrayMap		False	0x82074690	BGSCellNumericIDArrayMap, ?$NiTMap@IPAV?$BSSimpleArray@I$0EAA, ?$NiTMapBase@V?$DFALL@V?$NiTMapItem@IPAV?$BSSimpleArray@I$0EAA
BGSClipRoundsForm		False	0x82012944	BGSClipRoundsForm, BaseFormComponent
BGSConstructibleObject		True	0x8201BE6C	BGSConstructibleObject, TESObjectMISC, TESBoundObject, TESObject, TESForm, BaseFormComponent, TESFullName, BaseFormComponent, TESModelTextureSwap, TESModel, BaseFormComponent, TESIcon, TESTexture, BaseFormComponent, TESScriptableForm, BaseFormComponent, TESValueForm, BaseFormComponent, TESWeightForm, BaseFormComponent, BGSDestructibleObjectForm, BaseFormComponent, BGSMessageIcon, BaseFormComponent, BGSPickupPutdownSounds, BaseFormComponent
BGSConstructibleObject		True	0x8201BE58	BGSConstructibleObject, TESObjectMISC, TESBoundObject, TESObject, TESForm, BaseFormComponent, TESFullName, BaseFormComponent, TESModelTextureSwap, TESModel, BaseFormComponent, TESIcon, TESTexture, BaseFormComponent, TESScriptableForm, BaseFormComponent, TESValueForm, BaseFormComponent, TESWeightForm, BaseFormComponent, BGSDestructibleObjectForm, BaseFormComponent, BGSMessageIcon, BaseFormComponent, BGSPickupPutdownSounds, BaseFormComponent
BGSConstructibleObject		True	0x8201BE34	BGSConstructibleObject, TESObjectMISC, TESBoundObject, TESObject, TESForm, BaseFormComponent, TESFullName, BaseFormComponent, TESModelTextureSwap, TESModel, BaseFormComponent, TESIcon, TESTexture, BaseFormComponent, TESScriptableForm, BaseFormComponent, TESValueForm, BaseFormComponent, TESWeightForm, BaseFormComponent, BGSDestructibleObjectForm, BaseFormComponent, BGSMessageIcon, BaseFormComponent, BGSPickupPutdownSounds, BaseFormComponent
BGSConstructibleObject		True	0x8201BE10	BGSConstructibleObject, TESObjectMISC, TESBoundObject, TESObject, TESForm, BaseFormComponent, TESFullName, BaseFormComponent, TESModelTextureSwap, TESModel, BaseFormComponent, TESIcon, TESTexture, BaseFormComponent, TESScriptableForm, BaseFormComponent, TESValueForm, BaseFormComponent, TESWeightForm, BaseFormComponent, BGSDestructibleObjectForm, BaseFormComponent, BGSMessageIcon, BaseFormComponent, BGSPickupPutdownSounds, BaseFormComponent
BGSConstructibleObject		True	0x8201BDFC	BGSConstructibleObject, TESObjectMISC, TESBoundObject, TESObject, TESForm, BaseFormComponent, TESFullName, BaseFormComponent, TESModelTextureSwap, TESModel, BaseFormComponent, TESIcon, TESTexture, BaseFormComponent, TESScriptableForm, BaseFormComponent, TESValueForm, BaseFormComponent, TESWeightForm, BaseFormComponent, BGSDestructibleObjectForm, BaseFormComponent, BGSMessageIcon, BaseFormComponent, BGSPickupPutdownSounds, BaseFormComponent
BGSConstructibleObject		True	0x8201BDDC	BGSConstructibleObject, TESObjectMISC, TESBoundObject, TESObject, TESForm, BaseFormComponent, TESFullName, BaseFormComponent, TESModelTextureSwap, TESModel, BaseFormComponent, TESIcon, TESTexture, BaseFormComponent, TESScriptableForm, BaseFormComponent, TESValueForm, BaseFormComponent, TESWeightForm, BaseFormComponent, BGSDestructibleObjectForm, BaseFormComponent, BGSMessageIcon, BaseFormComponent, BGSPickupPutdownSounds, BaseFormComponent
BGSConstructibleObject		True	0x8201BDC8	BGSConstructibleObject, TESObjectMISC, TESBoundObject, TESObject, TESForm, BaseFormComponent, TESFullName, BaseFormComponent, TESModelTextureSwap, TESModel, BaseFormComponent, TESIcon, TESTexture, BaseFormComponent, TESScriptableForm, BaseFormComponent, TESValueForm, BaseFormComponent, TESWeightForm, BaseFormComponent, BGSDestructibleObjectForm, BaseFormComponent, BGSMessageIcon, BaseFormComponent, BGSPickupPutdownSounds, BaseFormComponent
BGSConstructibleObject		True	0x8201BDB4	BGSConstructibleObject, TESObjectMISC, TESBoundObject, TESObject, TESForm, BaseFormComponent, TESFullName, BaseFormComponent, TESModelTextureSwap, TESModel, BaseFormComponent, TESIcon, TESTexture, BaseFormComponent, TESScriptableForm, BaseFormComponent, TESValueForm, BaseFormComponent, TESWeightForm, BaseFormComponent, BGSDestructibleObjectForm, BaseFormComponent, BGSMessageIcon, BaseFormComponent, BGSPickupPutdownSounds, BaseFormComponent
BGSConstructibleObject		True	0x8201BDA0	BGSConstructibleObject, TESObjectMISC, TESBoundObject, TESObject, TESForm, BaseFormComponent, TESFullName, BaseFormComponent, TESModelTextureSwap, TESModel, BaseFormComponent, TESIcon, TESTexture, BaseFormComponent, TESScriptableForm, BaseFormComponent, TESValueForm, BaseFormComponent, TESWeightForm, BaseFormComponent, BGSDestructibleObjectForm, BaseFormComponent, BGSMessageIcon, BaseFormComponent, BGSPickupPutdownSounds, BaseFormComponent
BGSConstructibleObject		True	0x8201BD8C	BGSConstructibleObject, TESObjectMISC, TESBoundObject, TESObject, TESForm, BaseFormComponent, TESFullName, BaseFormComponent, TESModelTextureSwap, TESModel, BaseFormComponent, TESIcon, TESTexture, BaseFormComponent, TESScriptableForm, BaseFormComponent, TESValueForm, BaseFormComponent, TESWeightForm, BaseFormComponent, BGSDestructibleObjectForm, BaseFormComponent, BGSMessageIcon, BaseFormComponent, BGSPickupPutdownSounds, BaseFormComponent
BGSDebris		True	0x8201C0DC	BGSDebris, TESForm, BaseFormComponent, BGSPreloadable, BaseFormComponent
BGSDebris		True	0x8201C0C4	BGSDebris, TESForm, BaseFormComponent, BGSPreloadable, BaseFormComponent
BGSDecalNode		False	0x8201B204	BGSDecalNode, NiNode, NiAVObject, NiObjectNET, NiObject, NiRefObject, NiMemObject
BGSDefaultObjectManager		True	0x820299D4	BGSDefaultObjectManager, TESForm, BaseFormComponent
BGSDestructibleObjectForm		False	0x82012994	BGSDestructibleObjectForm, BaseFormComponent
BGSDistantObjectBlockLoadTask		False	0x82061674	BGSDistantObjectBlockLoadTask, QueuedFileEntry, QueuedFile, IOTask, ?$BSTask@_J
BGSDistantTreeBlockLoadTask		False	0x820618DC	BGSDistantTreeBlockLoadTask, QueuedFileEntry, QueuedFile, IOTask, ?$BSTask@_J
BGSEncounterZone		True	0x820236AC	BGSEncounterZone, TESForm, BaseFormComponent
BGSEntryPointFunctionData		False	0x8203B40C	BGSEntryPointFunctionData
BGSEntryPointFunctionDataActivateChoice		False	0x8203B6E8	BGSEntryPointFunctionDataActivateChoice, BGSEntryPointFunctionData
BGSEntryPointFunctionDataLeveledList		False	0x8203B44C	BGSEntryPointFunctionDataLeveledList, BGSEntryPointFunctionData
BGSEntryPointFunctionDataOneValue		False	0x8203B6C8	BGSEntryPointFunctionDataOneValue, BGSEntryPointFunctionData
BGSEntryPointFunctionDataTwoValue		False	0x8203B42C	BGSEntryPointFunctionDataTwoValue, BGSEntryPointFunctionData
BGSEntryPointPerkEntry		False	0x8203BEC4	BGSEntryPointPerkEntry, BGSPerkEntry
BGSEquipType		False	0x82012F78	BGSEquipType, BaseFormComponent
BGSExplosion		True	0x8201C39C	BGSExplosion, TESBoundObject, TESObject, TESForm, BaseFormComponent, TESFullName, BaseFormComponent, TESModel, BaseFormComponent, TESEnchantableForm, BaseFormComponent, BGSPreloadable, BaseFormComponent, TESImageSpaceModifiableForm, BaseFormComponent
BGSExplosion		True	0x8201C384	BGSExplosion, TESBoundObject, TESObject, TESForm, BaseFormComponent, TESFullName, BaseFormComponent, TESModel, BaseFormComponent, TESEnchantableForm, BaseFormComponent, BGSPreloadable, BaseFormComponent, TESImageSpaceModifiableForm, BaseFormComponent
BGSExplosion		True	0x8201C360	BGSExplosion, TESBoundObject, TESObject, TESForm, BaseFormComponent, TESFullName, BaseFormComponent, TESModel, BaseFormComponent, TESEnchantableForm, BaseFormComponent, BGSPreloadable, BaseFormComponent, TESImageSpaceModifiableForm, BaseFormComponent
BGSExplosion		True	0x8201C348	BGSExplosion, TESBoundObject, TESObject, TESForm, BaseFormComponent, TESFullName, BaseFormComponent, TESModel, BaseFormComponent, TESEnchantableForm, BaseFormComponent, BGSPreloadable, BaseFormComponent, TESImageSpaceModifiableForm, BaseFormComponent
BGSExplosion		True	0x8201C330	BGSExplosion, TESBoundObject, TESObject, TESForm, BaseFormComponent, TESFullName, BaseFormComponent, TESModel, BaseFormComponent, TESEnchantableForm, BaseFormComponent, BGSPreloadable, BaseFormComponent, TESImageSpaceModifiableForm, BaseFormComponent
BGSExplosion		True	0x8201C31C	BGSExplosion, TESBoundObject, TESObject, TESForm, BaseFormComponent, TESFullName, BaseFormComponent, TESModel, BaseFormComponent, TESEnchantableForm, BaseFormComponent, BGSPreloadable, BaseFormComponent, TESImageSpaceModifiableForm, BaseFormComponent
BGSHeadPart		True	0x8203B7DC	BGSHeadPart, TESForm, BaseFormComponent, TESFullName, BaseFormComponent, TESModelTextureSwap, TESModel, BaseFormComponent
BGSHeadPart		True	0x8203B7C4	BGSHeadPart, TESForm, BaseFormComponent, TESFullName, BaseFormComponent, TESModelTextureSwap, TESModel, BaseFormComponent
BGSHeadPart		True	0x8203B7A0	BGSHeadPart, TESForm, BaseFormComponent, TESFullName, BaseFormComponent, TESModelTextureSwap, TESModel, BaseFormComponent
BGSIdleCollection		False	0x82012FD4	BGSIdleCollection, BaseFormComponent
BGSIdleMarker		True	0x8203B974	BGSIdleMarker, TESBoundObject, TESObject, TESForm, BaseFormComponent, BGSIdleCollection, BaseFormComponent
BGSIdleMarker		True	0x8203B95C	BGSIdleMarker, TESBoundObject, TESObject, TESForm, BaseFormComponent, BGSIdleCollection, BaseFormComponent
BGSImpactData		True	0x82029B8C	BGSImpactData, TESForm, BaseFormComponent, TESModel, BaseFormComponent
BGSImpactData		True	0x82029B68	BGSImpactData, TESForm, BaseFormComponent, TESModel, BaseFormComponent
BGSImpactDataSet		True	0x82029E6C	BGSImpactDataSet, TESForm, BaseFormComponent, BGSPreloadable, BaseFormComponent
BGSImpactDataSet		True	0x82029E50	BGSImpactDataSet, TESForm, BaseFormComponent, BGSPreloadable, BaseFormComponent
BGSLightingTemplate		True	0x82023894	BGSLightingTemplate, TESForm, BaseFormComponent
BGSListForm		True	0x8202A11C	BGSListForm, TESForm, BaseFormComponent
BGSLoadFormBuffer		False	0x82075CB4	BGSLoadFormBuffer, BGSLoadGameBuffer
BGSLoadGameBuffer		False	0x82075D50	BGSLoadGameBuffer
BGSMenuIcon		True	0x8202A2BC	BGSMenuIcon, TESForm, BaseFormComponent, TESIcon, TESTexture, BaseFormComponent
BGSMenuIcon		True	0x8202A298	BGSMenuIcon, TESForm, BaseFormComponent, TESIcon, TESTexture, BaseFormComponent
BGSMessage		True	0x8202A464	BGSMessage, TESForm, BaseFormComponent, TESFullName, BaseFormComponent, TESDescription, BaseFormComponent
BGSMessage		True	0x8202A450	BGSMessage, TESForm, BaseFormComponent, TESFullName, BaseFormComponent, TESDescription, BaseFormComponent
BGSMessage		True	0x8202A438	BGSMessage, TESForm, BaseFormComponent, TESFullName, BaseFormComponent, TESDescription, BaseFormComponent
BGSMessageIcon		False	0x820130F4	BGSMessageIcon, BaseFormComponent
BGSMovableStatic		True	0x8201C730	BGSMovableStatic, TESFullName, BaseFormComponent, BGSDestructibleObjectForm, BaseFormComponent, TESObjectSTAT, TESBoundObject, TESObject, TESForm, BaseFormComponent, TESModelTextureSwap, TESModel, BaseFormComponent
BGSMovableStatic		True	0x8201C71C	BGSMovableStatic, TESFullName, BaseFormComponent, BGSDestructibleObjectForm, BaseFormComponent, TESObjectSTAT, TESBoundObject, TESObject, TESForm, BaseFormComponent, TESModelTextureSwap, TESModel, BaseFormComponent
BGSMovableStatic		True	0x8201C59C	BGSMovableStatic, TESFullName, BaseFormComponent, BGSDestructibleObjectForm, BaseFormComponent, TESObjectSTAT, TESBoundObject, TESObject, TESForm, BaseFormComponent, TESModelTextureSwap, TESModel, BaseFormComponent
BGSMovableStatic		True	0x8201C574	BGSMovableStatic, TESFullName, BaseFormComponent, BGSDestructibleObjectForm, BaseFormComponent, TESObjectSTAT, TESBoundObject, TESObject, TESForm, BaseFormComponent, TESModelTextureSwap, TESModel, BaseFormComponent
BGSMoviePlayer		False	0x820767D4	BGSMoviePlayer, MoviePlayer
BGSMusicType		True	0x8202A604	BGSMusicType, TESForm, BaseFormComponent, TESSoundFile, BaseFormComponent
BGSMusicType		True	0x8202A5EC	BGSMusicType, TESForm, BaseFormComponent, TESSoundFile, BaseFormComponent
BGSNote		True	0x8203BB74	BGSNote, TESBoundObject, TESObject, TESForm, BaseFormComponent, TESModel, BaseFormComponent, TESFullName, BaseFormComponent, TESIcon, TESTexture, BaseFormComponent, BGSPickupPutdownSounds, BaseFormComponent
BGSNote		True	0x8203BB50	BGSNote, TESBoundObject, TESObject, TESForm, BaseFormComponent, TESModel, BaseFormComponent, TESFullName, BaseFormComponent, TESIcon, TESTexture, BaseFormComponent, BGSPickupPutdownSounds, BaseFormComponent
BGSNote		True	0x8203BB3C	BGSNote, TESBoundObject, TESObject, TESForm, BaseFormComponent, TESModel, BaseFormComponent, TESFullName, BaseFormComponent, TESIcon, TESTexture, BaseFormComponent, BGSPickupPutdownSounds, BaseFormComponent
BGSNote		True	0x8203BB18	BGSNote, TESBoundObject, TESObject, TESForm, BaseFormComponent, TESModel, BaseFormComponent, TESFullName, BaseFormComponent, TESIcon, TESTexture, BaseFormComponent, BGSPickupPutdownSounds, BaseFormComponent
BGSNote		True	0x8203BB04	BGSNote, TESBoundObject, TESObject, TESForm, BaseFormComponent, TESModel, BaseFormComponent, TESFullName, BaseFormComponent, TESIcon, TESTexture, BaseFormComponent, BGSPickupPutdownSounds, BaseFormComponent
BGSOffsetDataArray		False	0x82072864	BGSOffsetDataArray, ?$BSScrapArray@UOffsetData, ?$BSSimpleArray@UOffsetData
BGSOpenCloseForm		False	0x82020E00	BGSOpenCloseForm
BGSPerk		True	0x8203C1A4	BGSPerk, TESForm, BaseFormComponent, TESFullName, BaseFormComponent, TESDescription, BaseFormComponent, TESIcon, TESTexture, BaseFormComponent
BGSPerk		True	0x8203C190	BGSPerk, TESForm, BaseFormComponent, TESFullName, BaseFormComponent, TESDescription, BaseFormComponent, TESIcon, TESTexture, BaseFormComponent
BGSPerk		True	0x8203C178	BGSPerk, TESForm, BaseFormComponent, TESFullName, BaseFormComponent, TESDescription, BaseFormComponent, TESIcon, TESTexture, BaseFormComponent
BGSPerk		True	0x8203C154	BGSPerk, TESForm, BaseFormComponent, TESFullName, BaseFormComponent, TESDescription, BaseFormComponent, TESIcon, TESTexture, BaseFormComponent
BGSPerkEntry		False	0x8203BE10	BGSPerkEntry
BGSPickupPutdownSounds		False	0x820131E0	BGSPickupPutdownSounds, BaseFormComponent
BGSPlaceableWater		True	0x82007DA4	BGSPlaceableWater, TESBoundObject, TESObject, TESForm, BaseFormComponent, TESModel, BaseFormComponent
BGSPlaceableWater		True	0x8201C754	BGSPlaceableWater, TESBoundObject, TESObject, TESForm, BaseFormComponent, TESModel, BaseFormComponent
BGSPreloadable		False	0x8201C0A8	BGSPreloadable, BaseFormComponent
BGSPrimitive		False	0x82016ED4	BGSPrimitive
BGSPrimitiveBox		False	0x82016F20	BGSPrimitiveBox, BGSPrimitive
BGSPrimitivePlane		False	0x82016EFC	BGSPrimitivePlane, BGSPrimitive
BGSPrimitiveSphere		False	0x82016F3C	BGSPrimitiveSphere, BGSPrimitive
BGSProjectile		True	0x8201C824	BGSProjectile, TESBoundObject, TESObject, TESForm, BaseFormComponent, TESFullName, BaseFormComponent, TESModel, BaseFormComponent, BGSPreloadable, BaseFormComponent, BGSDestructibleObjectForm, BaseFormComponent
BGSProjectile		True	0x8201C810	BGSProjectile, TESBoundObject, TESObject, TESForm, BaseFormComponent, TESFullName, BaseFormComponent, TESModel, BaseFormComponent, BGSPreloadable, BaseFormComponent, BGSDestructibleObjectForm, BaseFormComponent
BGSProjectile		True	0x8201C7EC	BGSProjectile, TESBoundObject, TESObject, TESForm, BaseFormComponent, TESFullName, BaseFormComponent, TESModel, BaseFormComponent, BGSPreloadable, BaseFormComponent, BGSDestructibleObjectForm, BaseFormComponent
BGSProjectile		True	0x8201C7D4	BGSProjectile, TESBoundObject, TESObject, TESForm, BaseFormComponent, TESFullName, BaseFormComponent, TESModel, BaseFormComponent, BGSPreloadable, BaseFormComponent, BGSDestructibleObjectForm, BaseFormComponent
BGSProjectile		True	0x8201C7C0	BGSProjectile, TESBoundObject, TESObject, TESForm, BaseFormComponent, TESFullName, BaseFormComponent, TESModel, BaseFormComponent, BGSPreloadable, BaseFormComponent, BGSDestructibleObjectForm, BaseFormComponent
BGSQuestObjective		False	0x8203C2FC	BGSQuestObjective
BGSQuestPerkEntry		False	0x8203BE4C	BGSQuestPerkEntry, BGSPerkEntry
BGSRadiationStage		True	0x8202A74C	BGSRadiationStage, TESForm, BaseFormComponent
BGSRagdoll		True	0x8203C44C	BGSRagdoll, TESForm, BaseFormComponent, TESModel, BaseFormComponent
BGSRagdoll		True	0x8203C428	BGSRagdoll, TESForm, BaseFormComponent, TESModel, BaseFormComponent
BGSReconstructCellBlocksMap		False	0x820727B8	BGSReconstructCellBlocksMap, ?$NiTMap@IPAVBGSReconstructCellSubBlocksMap, ?$NiTMapBase@V?$DFALL@V?$NiTMapItem@IPAVBGSReconstructCellSubBlocksMap
BGSReconstructCellsMap		False	0x82072778	BGSReconstructCellsMap, ?$NiTMap@IPAVBGSReconstructFormsMap, ?$NiTMapBase@V?$DFALL@V?$NiTMapItem@IPAVBGSReconstructFormsMap
BGSReconstructCellSubBlocksMap		False	0x82072798	BGSReconstructCellSubBlocksMap, ?$NiTMap@IPAVBGSReconstructCellsMap, ?$NiTMapBase@V?$DFALL@V?$NiTMapItem@IPAVBGSReconstructCellsMap
BGSReconstructFormsInAllFilesMap		False	0x82072A64	BGSReconstructFormsInAllFilesMap, ?$NiTMap@PAVTESFile, ?$NiTMapBase@V?$DFALL@V?$NiTMapItem@PAVTESFile
BGSReconstructFormsInFileMap		False	0x820727F8	BGSReconstructFormsInFileMap, ?$NiTMap@IPAVBGSReconstructFormsMap, ?$NiTMapBase@V?$DFALL@V?$NiTMapItem@IPAVBGSReconstructFormsMap
BGSReconstructFormsMap		False	0x82072758	BGSReconstructFormsMap, ?$NiTMap@IUReconstructFormData, ?$NiTMapBase@V?$DFALL@V?$NiTMapItem@IUReconstructFormData
BGSReconstructWorldSpacesMap		False	0x820727D8	BGSReconstructWorldSpacesMap, ?$NiTMap@IPAVBGSReconstructCellBlocksMap, ?$NiTMapBase@V?$DFALL@V?$NiTMapItem@IPAVBGSReconstructCellBlocksMap
BGSRepairItemList		False	0x820133C4	BGSRepairItemList, BaseFormComponent
BGSSaveFormBuffer		False	0x82076270	BGSSaveFormBuffer, BGSSaveGameBuffer
BGSSaveGameBuffer		False	0x8207628C	BGSSaveGameBuffer
BGSSaveLoadChangesMap		False	0x82072CC0	BGSSaveLoadChangesMap, ?$NiTPointerMap@IPAVBGSFormChanges, ?$NiTMapBase@V?$NiTPointerAllocator@I
BGSSaveLoadStatsMap		False	0x820748B4	BGSSaveLoadStatsMap, ?$NiTMap@W4ENUM_FORM_ID, ?$NiTMapBase@V?$DFALL@V?$NiTMapItem@W4ENUM_FORM_ID
BGSSceneInfo		False	0x82017078	BGSSceneInfo
BGSStaticCollection		True	0x8201C9CC	BGSStaticCollection, TESBoundObject, TESObject, TESForm, BaseFormComponent, TESModelTextureSwap, TESModel, BaseFormComponent
BGSStaticCollection		True	0x8201C9A8	BGSStaticCollection, TESBoundObject, TESObject, TESForm, BaseFormComponent, TESModelTextureSwap, TESModel, BaseFormComponent
BGSTalkingActivator		True	0x8201CBE4	BGSTalkingActivator, TESObjectACTI, TESBoundAnimObject, TESBoundObject, TESObject, TESForm, BaseFormComponent, TESFullName, BaseFormComponent, TESModelTextureSwap, TESModel, BaseFormComponent, TESScriptableForm, BaseFormComponent, TESMagicTargetForm, BGSDestructibleObjectForm, BaseFormComponent, BGSOpenCloseForm
BGSTalkingActivator		True	0x8201CBCC	BGSTalkingActivator, TESObjectACTI, TESBoundAnimObject, TESBoundObject, TESObject, TESForm, BaseFormComponent, TESFullName, BaseFormComponent, TESModelTextureSwap, TESModel, BaseFormComponent, TESScriptableForm, BaseFormComponent, TESMagicTargetForm, BGSDestructibleObjectForm, BaseFormComponent, BGSOpenCloseForm
BGSTalkingActivator		True	0x8201CBA8	BGSTalkingActivator, TESObjectACTI, TESBoundAnimObject, TESBoundObject, TESObject, TESForm, BaseFormComponent, TESFullName, BaseFormComponent, TESModelTextureSwap, TESModel, BaseFormComponent, TESScriptableForm, BaseFormComponent, TESMagicTargetForm, BGSDestructibleObjectForm, BaseFormComponent, BGSOpenCloseForm
BGSTalkingActivator		True	0x8201CB94	BGSTalkingActivator, TESObjectACTI, TESBoundAnimObject, TESBoundObject, TESObject, TESForm, BaseFormComponent, TESFullName, BaseFormComponent, TESModelTextureSwap, TESModel, BaseFormComponent, TESScriptableForm, BaseFormComponent, TESMagicTargetForm, BGSDestructibleObjectForm, BaseFormComponent, BGSOpenCloseForm
BGSTalkingActivator		True	0x8201CB80	BGSTalkingActivator, TESObjectACTI, TESBoundAnimObject, TESBoundObject, TESObject, TESForm, BaseFormComponent, TESFullName, BaseFormComponent, TESModelTextureSwap, TESModel, BaseFormComponent, TESScriptableForm, BaseFormComponent, TESMagicTargetForm, BGSDestructibleObjectForm, BaseFormComponent, BGSOpenCloseForm
BGSTalkingActivator		True	0x8201CB70	BGSTalkingActivator, TESObjectACTI, TESBoundAnimObject, TESBoundObject, TESObject, TESForm, BaseFormComponent, TESFullName, BaseFormComponent, TESModelTextureSwap, TESModel, BaseFormComponent, TESScriptableForm, BaseFormComponent, TESMagicTargetForm, BGSDestructibleObjectForm, BaseFormComponent, BGSOpenCloseForm
BGSTerminal		True	0x8201CF2C	BGSTerminal, TESObjectACTI, TESBoundAnimObject, TESBoundObject, TESObject, TESForm, BaseFormComponent, TESFullName, BaseFormComponent, TESModelTextureSwap, TESModel, BaseFormComponent, TESScriptableForm, BaseFormComponent, TESMagicTargetForm, BGSDestructibleObjectForm, BaseFormComponent, BGSOpenCloseForm, TESDescription, BaseFormComponent
BGSTerminal		True	0x8201CF18	BGSTerminal, TESObjectACTI, TESBoundAnimObject, TESBoundObject, TESObject, TESForm, BaseFormComponent, TESFullName, BaseFormComponent, TESModelTextureSwap, TESModel, BaseFormComponent, TESScriptableForm, BaseFormComponent, TESMagicTargetForm, BGSDestructibleObjectForm, BaseFormComponent, BGSOpenCloseForm, TESDescription, BaseFormComponent
BGSTerminal		True	0x8201CEF4	BGSTerminal, TESObjectACTI, TESBoundAnimObject, TESBoundObject, TESObject, TESForm, BaseFormComponent, TESFullName, BaseFormComponent, TESModelTextureSwap, TESModel, BaseFormComponent, TESScriptableForm, BaseFormComponent, TESMagicTargetForm, BGSDestructibleObjectForm, BaseFormComponent, BGSOpenCloseForm, TESDescription, BaseFormComponent
BGSTerminal		True	0x8201CEE0	BGSTerminal, TESObjectACTI, TESBoundAnimObject, TESBoundObject, TESObject, TESForm, BaseFormComponent, TESFullName, BaseFormComponent, TESModelTextureSwap, TESModel, BaseFormComponent, TESScriptableForm, BaseFormComponent, TESMagicTargetForm, BGSDestructibleObjectForm, BaseFormComponent, BGSOpenCloseForm, TESDescription, BaseFormComponent
BGSTerminal		True	0x8201CECC	BGSTerminal, TESObjectACTI, TESBoundAnimObject, TESBoundObject, TESObject, TESForm, BaseFormComponent, TESFullName, BaseFormComponent, TESModelTextureSwap, TESModel, BaseFormComponent, TESScriptableForm, BaseFormComponent, TESMagicTargetForm, BGSDestructibleObjectForm, BaseFormComponent, BGSOpenCloseForm, TESDescription, BaseFormComponent
BGSTerminal		True	0x8201CEBC	BGSTerminal, TESObjectACTI, TESBoundAnimObject, TESBoundObject, TESObject, TESForm, BaseFormComponent, TESFullName, BaseFormComponent, TESModelTextureSwap, TESModel, BaseFormComponent, TESScriptableForm, BaseFormComponent, TESMagicTargetForm, BGSDestructibleObjectForm, BaseFormComponent, BGSOpenCloseForm, TESDescription, BaseFormComponent
BGSTerminal		True	0x8201CEA4	BGSTerminal, TESObjectACTI, TESBoundAnimObject, TESBoundObject, TESObject, TESForm, BaseFormComponent, TESFullName, BaseFormComponent, TESModelTextureSwap, TESModel, BaseFormComponent, TESScriptableForm, BaseFormComponent, TESMagicTargetForm, BGSDestructibleObjectForm, BaseFormComponent, BGSOpenCloseForm, TESDescription, BaseFormComponent
BGSTerrainChunkLoadTask		False	0x82061D4C	BGSTerrainChunkLoadTask, QueuedFileEntry, QueuedFile, IOTask, ?$BSTask@_J
BGSTextureModel		False	0x820401D8	BGSTextureModel, TESModel, BaseFormComponent
BGSTextureSet		True	0x8202A934	BGSTextureSet, TESBoundObject, TESObject, TESForm, BaseFormComponent, BSTextureSet, NiObject, NiRefObject, NiMemObject
BGSTextureSet		True	0x8202A894	BGSTextureSet, TESBoundObject, TESObject, TESForm, BaseFormComponent, BSTextureSet, NiObject, NiRefObject, NiMemObject
BGSTouchSpellForm		False	0x820134D0	BGSTouchSpellForm, BaseFormComponent
BGSVoiceType		True	0x8203C58C	BGSVoiceType, TESForm, BaseFormComponent
BGSZoneTargetListener		False	0x82042620	BGSZoneTargetListener
bhkAabbPhantom		False	0x820267C4	bhkAabbPhantom, bhkPhantom, bhkWorldObject, bhkSerializable, bhkRefObject, NiObject, NiRefObject, NiMemObject
bhkAcousticSpacePhantomCallbackShape		False	0x82026C48	bhkAcousticSpacePhantomCallbackShape, hkpPhantomCallbackShape, hkpShape, hkReferencedObject, hkBaseObject
bhkAction		False	0x82018464	bhkAction, bhkSerializable, bhkRefObject, NiObject, NiRefObject, NiMemObject
bhkBoxShape		False	0x82026E54	bhkBoxShape, bhkConvexShape, bhkSphereRepShape, bhkShape, bhkSerializable, bhkRefObject, NiObject, NiRefObject, NiMemObject
bhkBvTreeShape		False	0x820426B4	bhkBvTreeShape, bhkShape, bhkSerializable, bhkRefObject, NiObject, NiRefObject, NiMemObject
bhkCapsuleShape		False	0x8205979C	bhkCapsuleShape, bhkConvexShape, bhkSphereRepShape, bhkShape, bhkSerializable, bhkRefObject, NiObject, NiRefObject, NiMemObject
bhkCharacterListenerSpell		False	0x8206DFB4	bhkCharacterListenerSpell, bhkCharacterController, bhkCharacterProxy, bhkSerializable, bhkRefObject, NiObject, NiRefObject, NiMemObject, hkpCharacterContext, hkReferencedObject, hkBaseObject, bhkCharacterListener, hkpCharacterProxyListener, hkpSurfaceInfo
bhkCharacterListenerSpell		False	0x8206DFA4	bhkCharacterListenerSpell, bhkCharacterController, bhkCharacterProxy, bhkSerializable, bhkRefObject, NiObject, NiRefObject, NiMemObject, hkpCharacterContext, hkReferencedObject, hkBaseObject, bhkCharacterListener, hkpCharacterProxyListener, hkpSurfaceInfo
bhkCharacterListenerSpell		False	0x8206DF88	bhkCharacterListenerSpell, bhkCharacterController, bhkCharacterProxy, bhkSerializable, bhkRefObject, NiObject, NiRefObject, NiMemObject, hkpCharacterContext, hkReferencedObject, hkBaseObject, bhkCharacterListener, hkpCharacterProxyListener, hkpSurfaceInfo
bhkCollisionObject		False	0x8200382C	bhkCollisionObject, bhkNiCollisionObject, NiCollisionObject, NiObject, NiRefObject, NiMemObject
bhkConstraint		False	0x8208385C	bhkConstraint, bhkSerializable, bhkRefObject, NiObject, NiRefObject, NiMemObject
bhkConvexShape		False	0x82026614	bhkConvexShape, bhkSphereRepShape, bhkShape, bhkSerializable, bhkRefObject, NiObject, NiRefObject, NiMemObject
bhkEntity		False	0x82026384	bhkEntity, bhkWorldObject, bhkSerializable, bhkRefObject, NiObject, NiRefObject, NiMemObject
bhkFilteredCdBodyCollector		False	0x820791A8	bhkFilteredCdBodyCollector, hkpAllCdBodyPairCollector, hkpCdBodyPairCollector
bhkHingeConstraint		False	0x82083934	bhkHingeConstraint, bhkConstraint, bhkSerializable, bhkRefObject, NiObject, NiRefObject, NiMemObject
bhkLiquidAction		False	0x82082C2C	bhkLiquidAction, bhkUnaryAction, bhkAction, bhkSerializable, bhkRefObject, NiObject, NiRefObject, NiMemObject
bhkMouseSpringAction		False	0x82018644	bhkMouseSpringAction, bhkUnaryAction, bhkAction, bhkSerializable, bhkRefObject, NiObject, NiRefObject, NiMemObject
bhkMultiSphereShape		False	0x820595DC	bhkMultiSphereShape, bhkSphereRepShape, bhkShape, bhkSerializable, bhkRefObject, NiObject, NiRefObject, NiMemObject
bhkObstacleDeactivationListener		False	0x8205EA5C	bhkObstacleDeactivationListener, hkpEntityActivationListener
bhkObstacleRemovalListener		False	0x8205E980	bhkObstacleRemovalListener, hkpEntityListener
bhkPCollisionObject		False	0x8205944C	bhkPCollisionObject, bhkNiCollisionObject, NiCollisionObject, NiObject, NiRefObject, NiMemObject
bhkPhantom		False	0x82026454	bhkPhantom, bhkWorldObject, bhkSerializable, bhkRefObject, NiObject, NiRefObject, NiMemObject
bhkRigidBody		False	0x82004784	bhkRigidBody, bhkEntity, bhkWorldObject, bhkSerializable, bhkRefObject, NiObject, NiRefObject, NiMemObject
bhkSerializable		False	0x8201839C	bhkSerializable, bhkRefObject, NiObject, NiRefObject, NiMemObject
bhkShape		False	0x820261D4	bhkShape, bhkSerializable, bhkRefObject, NiObject, NiRefObject, NiMemObject
bhkShapePhantom		False	0x820266F4	bhkShapePhantom, bhkPhantom, bhkWorldObject, bhkSerializable, bhkRefObject, NiObject, NiRefObject, NiMemObject
bhkSimpleShapePhantom		False	0x82026894	bhkSimpleShapePhantom, bhkShapePhantom, bhkPhantom, bhkWorldObject, bhkSerializable, bhkRefObject, NiObject, NiRefObject, NiMemObject
bhkSPCollisionObject		False	0x82059514	bhkSPCollisionObject, bhkPCollisionObject, bhkNiCollisionObject, NiCollisionObject, NiObject, NiRefObject, NiMemObject
bhkSphereRepShape		False	0x82026534	bhkSphereRepShape, bhkShape, bhkSerializable, bhkRefObject, NiObject, NiRefObject, NiMemObject
bhkSphereShape		False	0x82026AC4	bhkSphereShape, bhkConvexShape, bhkSphereRepShape, bhkShape, bhkSerializable, bhkRefObject, NiObject, NiRefObject, NiMemObject
bhkTelekinesisListener		False	0x8206E0F8	bhkTelekinesisListener, bhkCollisionListener, hkpCollisionListener, hkpEntityListener, hkpEntityActivationListener
bhkTelekinesisListener		False	0x8206E0E0	bhkTelekinesisListener, bhkCollisionListener, hkpCollisionListener, hkpEntityListener, hkpEntityActivationListener
bhkTelekinesisListener		False	0x8206E0D0	bhkTelekinesisListener, bhkCollisionListener, hkpCollisionListener, hkpEntityListener, hkpEntityActivationListener
bhkTransformShape		False	0x820596BC	bhkTransformShape, bhkShape, bhkSerializable, bhkRefObject, NiObject, NiRefObject, NiMemObject
bhkTrapListener		False	0x8204318C	bhkTrapListener, bhkEntityListener, hkpEntityListener, hkpPhantomListener
bhkTrapListener		False	0x82043174	bhkTrapListener, bhkEntityListener, hkpEntityListener, hkpPhantomListener
bhkTriSampledHeightFieldBvTreeShape		False	0x820427A4	bhkTriSampledHeightFieldBvTreeShape, bhkBvTreeShape, bhkShape, bhkSerializable, bhkRefObject, NiObject, NiRefObject, NiMemObject
bhkUnaryAction		False	0x8201857C	bhkUnaryAction, bhkAction, bhkSerializable, bhkRefObject, NiObject, NiRefObject, NiMemObject
bhkWaterPhantomCallbackShape		False	0x82026C18	bhkWaterPhantomCallbackShape, hkpPhantomCallbackShape, hkpShape, hkReferencedObject, hkBaseObject
bhkWorldObject		False	0x820262B4	bhkWorldObject, bhkSerializable, bhkRefObject, NiObject, NiRefObject, NiMemObject
BinaryPackfileData@hkBinaryPackfileReader		False	0x8211F394	BinaryPackfileData@hkBinaryPackfileReader, hkPackfileData, hkResource, hkReferencedObject, hkBaseObject
BlendSettingCollection		False	0x820433F0	BlendSettingCollection, INISettingCollection, ?$SettingCollectionList@VSetting, ?$SettingCollection@VSetting
BookMenu		False	0x82063F94	BookMenu, Menu
BoundItemEffect		False	0x8206E15C	BoundItemEffect, AssociatedItemEffect, ActiveEffect
BSAnimGroupSequence		False	0x82015E1C	BSAnimGroupSequence, NiControllerSequence, NiObject, NiRefObject, NiMemObject
BSAnimNoteReceiver		False	0x82018174	BSAnimNoteReceiver, IBSAnimNoteReceiver
BSBlastNode		False	0x820AFB5C	BSBlastNode, BSRangeNode, BSNiNode, NiNode, NiAVObject, NiObjectNET, NiObject, NiRefObject, NiMemObject
BSBound		False	0x820B01B4	BSBound, NiExtraData, NiObject, NiRefObject, NiMemObject
BSConsoleCommand		False	0x8206DAF0	BSConsoleCommand, BSSherlockCommand
BSCullingProcess		False	0x82001DF4	BSCullingProcess, NiCullingProcess
BSCustomSplatterExtraData		False	0x8201A21C	BSCustomSplatterExtraData, NiExtraData, NiObject, NiRefObject, NiMemObject
BSDamageStage		False	0x820AFD7C	BSDamageStage, BSRangeNode, BSNiNode, NiNode, NiAVObject, NiObjectNET, NiObject, NiRefObject, NiMemObject
BSDebrisNode		False	0x820AFC6C	BSDebrisNode, BSRangeNode, BSNiNode, NiNode, NiAVObject, NiObjectNET, NiObject, NiRefObject, NiMemObject
BSDecalPlacementVectorExtraData		False	0x820B129C	BSDecalPlacementVectorExtraData, NiIntegerExtraData, NiExtraData, NiObject, NiRefObject, NiMemObject
BSDiscErrorThread		False	0x82018200	BSDiscErrorThread, BSThread
BSDismemberSkinInstance		False	0x820021EC	BSDismemberSkinInstance, NiSkinInstance, NiObject, NiRefObject, NiMemObject
BSExtraData		False	0x8200C3FC	BSExtraData
BSFaceGenAnimationData		False	0x82057B84	BSFaceGenAnimationData, NiExtraData, NiObject, NiRefObject, NiMemObject
BSFaceGenBaseMorphExtraData		False	0x82058BAC	BSFaceGenBaseMorphExtraData, NiExtraData, NiObject, NiRefObject, NiMemObject
BSFaceGenBinaryFile		False	0x820AB290	BSFaceGenBinaryFile, FutBinaryFileC
BSFaceGenImage		False	0x82058118	BSFaceGenImage, NiRefObject, NiMemObject
BSFaceGenKeyframe		False	0x8205814C	BSFaceGenKeyframe
BSFaceGenKeyframeMultiple		False	0x8205819C	BSFaceGenKeyframeMultiple, BSFaceGenKeyframe
BSFaceGenModel		False	0x82058844	BSFaceGenModel, NiRefObject, NiMemObject
BSFaceGenModelExtraData		False	0x82058854	BSFaceGenModelExtraData, NiExtraData, NiObject, NiRefObject, NiMemObject
BSFaceGenModelMap		False	0x82058490	BSFaceGenModelMap
BSFaceGenMorph		False	0x82058AD4	BSFaceGenMorph
BSFaceGenMorphDataHair		False	0x82058B5C	BSFaceGenMorphDataHair, BSFaceGenMorphData, NiRefObject, NiMemObject
BSFaceGenMorphDataHead		False	0x82058B0C	BSFaceGenMorphDataHead, BSFaceGenMorphData, NiRefObject, NiMemObject
BSFaceGenMorphDifferential		False	0x82058AE0	BSFaceGenMorphDifferential, BSFaceGenMorph
BSFaceGenMorphStatistical		False	0x82058AEC	BSFaceGenMorphStatistical, BSFaceGenMorph
BSFaceGenNiNode		False	0x82006024	BSFaceGenNiNode, NiNode, NiAVObject, NiObjectNET, NiObject, NiRefObject, NiMemObject
BSFadeNodeCuller		False	0x82001D9C	BSFadeNodeCuller, NiCullingProcess
BSFurnitureMarker		False	0x820B00E4	BSFurnitureMarker, NiExtraData, NiObject, NiRefObject, NiMemObject
BSGetTrackedPages		False	0x8206DB58	BSGetTrackedPages, BSSherlockCommand
BSLinearTaskThread		False	0x820799F8	BSLinearTaskThread, BSThread
BSMasterParticleSystem		False	0x820B08E4	BSMasterParticleSystem, NiNode, NiAVObject, NiObjectNET, NiObject, NiRefObject, NiMemObject
BSMultiBound		False	0x820AE6EC	BSMultiBound, NiObject, NiRefObject, NiMemObject
BSMultiBoundAABB		False	0x8200343C	BSMultiBoundAABB, BSMultiBoundShape, NiObject, NiRefObject, NiMemObject
BSMultiBoundCapsule		False	0x820B0E24	BSMultiBoundCapsule, BSMultiBoundShape, NiObject, NiRefObject, NiMemObject
BSMultiBoundNode		False	0x8200597C	BSMultiBoundNode, BSNiNode, NiNode, NiAVObject, NiObjectNET, NiObject, NiRefObject, NiMemObject
BSMultiBoundOBB		False	0x82016E14	BSMultiBoundOBB, BSMultiBoundAABB, BSMultiBoundShape, NiObject, NiRefObject, NiMemObject
BSMultiBoundRoom		False	0x82005A94	BSMultiBoundRoom, BSMultiBoundNode, BSNiNode, NiNode, NiAVObject, NiObjectNET, NiObject, NiRefObject, NiMemObject
BSMultiBoundShape		False	0x820AFF1C	BSMultiBoundShape, NiObject, NiRefObject, NiMemObject
BSMultiBoundSphere		False	0x820035BC	BSMultiBoundSphere, BSMultiBoundShape, NiObject, NiRefObject, NiMemObject
BSNiNode		False	0x820B0AA4	BSNiNode, NiNode, NiAVObject, NiObjectNET, NiObject, NiRefObject, NiMemObject
BSNodeReferences		False	0x820AF0EC	BSNodeReferences, NiObject, NiRefObject, NiMemObject
BSOcclusionPlane		False	0x82016CE4	BSOcclusionPlane, NiObject, NiRefObject, NiMemObject
BSOutOfMemoryErrorThread		False	0x820181F4	BSOutOfMemoryErrorThread, BSThread
BSPackedAdditionalGeometryData		False	0x820025FC	BSPackedAdditionalGeometryData, NiAdditionalGeometryData, NiObject, NiRefObject, NiMemObject
BSParallelTaskThread		False	0x82001010	BSParallelTaskThread, BSLinearTaskThread, BSThread
BSParentVelocityModifier		False	0x820B11EC	BSParentVelocityModifier, NiPSysModifier, NiObject, NiRefObject, NiMemObject
BSParticleSystemManager		False	0x820AF8A4	BSParticleSystemManager, NiNode, NiAVObject, NiObjectNET, NiObject, NiRefObject, NiMemObject
BSPlayerDistanceCheckController		False	0x8207A5C4	BSPlayerDistanceCheckController, NiTimeController, NiObject, NiRefObject, NiMemObject
BSPortal		False	0x82016D7C	BSPortal, BSOcclusionPlane, NiObject, NiRefObject, NiMemObject
BSPortalGraph		False	0x820B03CC	BSPortalGraph, NiRefObject, NiMemObject
BSPortalSharedNode		False	0x820AF6D4	BSPortalSharedNode, NiNode, NiAVObject, NiObjectNET, NiObject, NiRefObject, NiMemObject
BSPSysArrayEmitter		False	0x820B10FC	BSPSysArrayEmitter, NiPSysVolumeEmitter, NiPSysEmitter, NiPSysModifier, NiObject, NiRefObject, NiMemObject
BSPSysMultiTargetEmitterCtlr		False	0x820B045C	BSPSysMultiTargetEmitterCtlr, NiPSysEmitterCtlr, NiPSysModifierCtlr, NiSingleInterpController, NiInterpController, NiTimeController, NiObject, NiRefObject, NiMemObject
BSPSysSimpleColorModifier		False	0x820B0CFC	BSPSysSimpleColorModifier, NiPSysModifier, NiObject, NiRefObject, NiMemObject
BSPSysStripUpdateModifier		False	0x820B0BBC	BSPSysStripUpdateModifier, NiPSysModifier, NiObject, NiRefObject, NiMemObject
BSRangeNode		False	0x820AF4E4	BSRangeNode, BSNiNode, NiNode, NiAVObject, NiObjectNET, NiObject, NiRefObject, NiMemObject
BSReference		False	0x820AF014	BSReference, NiObject, NiRefObject, NiMemObject
BSSceneGraph		False	0x820B0584	BSSceneGraph, NiNode, NiAVObject, NiObjectNET, NiObject, NiRefObject, NiMemObject
BSScissorTriShape		False	0x8200449C	BSScissorTriShape, NiTriShape, NiTriBasedGeom, NiGeometry, NiAVObject, NiObjectNET, NiObject, NiRefObject, NiMemObject
BSSendContextCommand		False	0x820CB03C	BSSendContextCommand, BSSherlockCommand
BSSendDebugPage		False	0x8206DBD0	BSSendDebugPage, BSSherlockCommand
BSSendGenericDataCommand		False	0x820CB060	BSSendGenericDataCommand, BSSherlockCommand
BSSendSceneGraphCommand		False	0x820CAED0	BSSendSceneGraphCommand, BSSherlockCommand
BSShaderTextureSet		False	0x82022C84	BSShaderTextureSet, BSTextureSet, NiObject, NiRefObject, NiMemObject
BSSherlockCommand		False	0x820CAFB8	BSSherlockCommand
BSSplatterExtraData		False	0x8201A3F4	BSSplatterExtraData, NiExtraData, NiObject, NiRefObject, NiMemObject
BSStopTrackingDebugPage		False	0x8206DC70	BSStopTrackingDebugPage, BSSherlockCommand
BSStream		False	0x8200ED44	BSStream, NiStream
BSSystemPhysHeap		False	0x82076758	BSSystemPhysHeap, IMemoryHeap
BSTasklet		False	0x8205E968	BSTasklet
BSTaskletData		False	0x8205EE10	BSTaskletData
BSTaskThread		False	0x820AEE64	BSTaskThread
BSTempEffect		False	0x8205BF04	BSTempEffect, NiObject, NiRefObject, NiMemObject
BSTempEffectDebris		False	0x8205C00C	BSTempEffectDebris, BSTempEffect, NiObject, NiRefObject, NiMemObject
BSTempEffectGeometryDecal		False	0x8205C1B4	BSTempEffectGeometryDecal, BSTempEffect, NiObject, NiRefObject, NiMemObject
BSTempEffectParticle		False	0x8205C2C4	BSTempEffectParticle, BSTempEffect, NiObject, NiRefObject, NiMemObject
BSTempEffectSimpleDecal		False	0x8205C494	BSTempEffectSimpleDecal, BSTempEffect, NiObject, NiRefObject, NiMemObject
BSTempNode		False	0x8200FE64	BSTempNode, NiNode, NiAVObject, NiObjectNET, NiObject, NiRefObject, NiMemObject
BSTempNodeManager		False	0x82004F54	BSTempNodeManager, NiNode, NiAVObject, NiObjectNET, NiObject, NiRefObject, NiMemObject
BSTextureData		False	0x820B13B4	BSTextureData, NiExtraData, NiObject, NiRefObject, NiMemObject
BSTextureSet		False	0x8202297C	BSTextureSet, NiObject, NiRefObject, NiMemObject
BSTreeModel		False	0x8205930C	BSTreeModel, NiRefObject, NiMemObject
BSTreeNode		False	0x8200690C	BSTreeNode, BSFadeNode, NiNode, NiAVObject, NiObjectNET, NiObject, NiRefObject, NiMemObject
BSValueNode		False	0x820AF1AC	BSValueNode, BSNiNode, NiNode, NiAVObject, NiObjectNET, NiObject, NiRefObject, NiMemObject
BSWArray		False	0x820B1014	BSWArray, NiIntegersExtraData, NiExtraData, NiObject, NiRefObject, NiMemObject
BSWindModifier		False	0x820AF7FC	BSWindModifier, NiPSysModifier, NiObject, NiRefObject, NiMemObject
BSXenonTaskletData		False	0x8205EE24	BSXenonTaskletData, BSTaskletData
BSXFlags		False	0x820AED54	BSXFlags, NiIntegerExtraData, NiExtraData, NiObject, NiRefObject, NiMemObject
CachedDebugText		False	0x820A69F0	CachedDebugText, IDebugText
CachedValuesOwner		False	0x820783C4	CachedValuesOwner
CalmEffect		False	0x8206E1DC	CalmEffect, ValueModifierEffect, ActiveEffect
CBillboardLeaf		False	0x820AD5F4	CBillboardLeaf, CIdvCamera
CellMopp		False	0x82042894	CellMopp, NiRefObject, NiMemObject
ChameleonEffect		False	0x8206E254	ChameleonEffect, ValueModifierEffect, ActiveEffect
ChangesMap		False	0x82075678	ChangesMap, ?$NiTPointerMap@IPAVChangeData, ?$NiTMapBase@V?$NiTPointerAllocator@I
Character		True	0x8200898C	Character, Actor, MobileObject, TESObjectREFR, TESForm, BaseFormComponent, TESChildCell, MagicCaster, MagicTarget, ActorValueOwner, CachedValuesOwner
Character		True	0x8207A800	Character, Actor, MobileObject, TESObjectREFR, TESForm, BaseFormComponent, TESChildCell, MagicCaster, MagicTarget, ActorValueOwner, CachedValuesOwner
Character		True	0x8207A7AC	Character, Actor, MobileObject, TESObjectREFR, TESForm, BaseFormComponent, TESChildCell, MagicCaster, MagicTarget, ActorValueOwner, CachedValuesOwner
Character		True	0x8207A778	Character, Actor, MobileObject, TESObjectREFR, TESForm, BaseFormComponent, TESChildCell, MagicCaster, MagicTarget, ActorValueOwner, CachedValuesOwner
Character		True	0x8207A748	Character, Actor, MobileObject, TESObjectREFR, TESForm, BaseFormComponent, TESChildCell, MagicCaster, MagicTarget, ActorValueOwner, CachedValuesOwner
Character		True	0x8207A704	Character, Actor, MobileObject, TESObjectREFR, TESForm, BaseFormComponent, TESChildCell, MagicCaster, MagicTarget, ActorValueOwner, CachedValuesOwner
Characters@hkXmlParser		False	0x821215FC	Characters@hkXmlParser, Node@hkXmlParser, hkReferencedObject, hkBaseObject
CharGenMenu		False	0x82064114	CharGenMenu, Menu
CheckLineOfSightFilterWater		False	0x82000B50	CheckLineOfSightFilterWater, CheckLineOfSightFilter@Pathing
CheckWithinMultiBoundTask		False	0x82025544	CheckWithinMultiBoundTask, IOTask, ?$BSTask@_J
CIdvCamera		False	0x820AD1E4	CIdvCamera
ClassUpdateTracker@?A0x8ca33235		False	0x8211F4C0	ClassUpdateTracker@?A0x8ca33235, hkObjectUpdateTracker, hkReferencedObject, hkBaseObject
Clouds		False	0x820439D0	Clouds, SkyObject
CombatAction		False	0x8207F29C	CombatAction
CombatActionAcquireLineOfSight		False	0x8207F574	CombatActionAcquireLineOfSight, CombatAction
CombatActionActivateCombatItem		False	0x8207F52C	CombatActionActivateCombatItem, CombatAction
CombatActionApproachTarget		False	0x8207F55C	CombatActionApproachTarget, CombatAction
CombatActionAttackGrenade		False	0x8207F35C	CombatActionAttackGrenade, CombatAction
CombatActionAttackGrenadeFlushTarget		False	0x8207F374	CombatActionAttackGrenadeFlushTarget, CombatAction
CombatActionAttackGrenadeFromCover		False	0x8207F408	CombatActionAttackGrenadeFromCover, CombatAction
CombatActionAttackHandToHand		False	0x8207F344	CombatActionAttackHandToHand, CombatAction
CombatActionAttackMelee		False	0x8207F32C	CombatActionAttackMelee, CombatAction
CombatActionAttackRanged		False	0x8207F2CC	CombatActionAttackRanged, CombatAction
CombatActionAttackRangedExplosive		False	0x8207F2FC	CombatActionAttackRangedExplosive, CombatAction
CombatActionAttackRangedExplosiveFromCover		False	0x8207F314	CombatActionAttackRangedExplosiveFromCover, CombatAction
CombatActionAttackRangedFromCover		False	0x8207F2E4	CombatActionAttackRangedFromCover, CombatAction
CombatActionAvoidThreat		False	0x8207F49C	CombatActionAvoidThreat, CombatAction
CombatActionDodge		False	0x8207F4E4	CombatActionDodge, CombatAction
CombatActionDrawWeapon		False	0x8207F46C	CombatActionDrawWeapon, CombatAction
CombatActionFlee		False	0x8207F514	CombatActionFlee, CombatAction
CombatActionHide		False	0x8207F58C	CombatActionHide, CombatAction
CombatActionIgnoreBlockedTarget		False	0x8207F4FC	CombatActionIgnoreBlockedTarget, CombatAction
CombatActionInvestigate		False	0x8207F4CC	CombatActionInvestigate, CombatAction
CombatActionMove		False	0x8207F420	CombatActionMove, CombatAction
CombatActionMoveAndAttackGrenade		False	0x8207F5F4	CombatActionMoveAndAttackGrenade, CombatActionAttackGrenade, CombatAction
CombatActionMoveAndAttackRanged		False	0x8207F5C4	CombatActionMoveAndAttackRanged, CombatActionAttackRanged, CombatAction
CombatActionMoveAndAttackRangedExplosive		False	0x8207F5DC	CombatActionMoveAndAttackRangedExplosive, CombatActionAttackRangedExplosive, CombatAction
CombatActionMoveAndSwitchToMelee		False	0x8207F5AC	CombatActionMoveAndSwitchToMelee, CombatActionMove, CombatAction
CombatActionSearch		False	0x8207F4B4	CombatActionSearch, CombatAction
CombatActionSwitchWeapon		False	0x8207F484	CombatActionSwitchWeapon, CombatAction
CombatActionUseCombatItem		False	0x8207F544	CombatActionUseCombatItem, CombatAction
CombatController		True	0x8207F744	CombatController, TESPackage, TESForm, BaseFormComponent
CombatCoverMap		False	0x8207FFB0	CombatCoverMap, ?$NiTMap@IPAVReservedCoverLocation, ?$NiTMapBase@V?$DFALL@V?$NiTMapItem@IPAVReservedCoverLocation
CombatGoal		False	0x8208047C	CombatGoal
CombatGoalActivateCombatItem		False	0x820804B8	CombatGoalActivateCombatItem, CombatGoal
CombatGoalAdvance		False	0x82080500	CombatGoalAdvance, CombatGoal
CombatGoalAmbush		False	0x820804E8	CombatGoalAmbush, CombatGoal
CombatGoalAvoidThreats		False	0x820804A0	CombatGoalAvoidThreats, CombatGoal
CombatGoalCluster		False	0x82080518	CombatGoalCluster, CombatGoal
CombatGoalFallBack		False	0x820804DC	CombatGoalFallBack, CombatGoal
CombatGoalFindTarget		False	0x82080494	CombatGoalFindTarget, CombatGoal
CombatGoalFlank		False	0x820804D0	CombatGoalFlank, CombatGoal
CombatGoalFlee		False	0x820804AC	CombatGoalFlee, CombatGoal
CombatGoalFlushTarget		False	0x82080530	CombatGoalFlushTarget, CombatGoal
CombatGoalGuard		False	0x8208050C	CombatGoalGuard, CombatGoal
CombatGoalHideFromTarget		False	0x82080524	CombatGoalHideFromTarget, CombatGoal
CombatGoalKillTarget		False	0x82080488	CombatGoalKillTarget, CombatGoal
CombatGoalReachDestination		False	0x820804F4	CombatGoalReachDestination, CombatGoal
CombatGoalStayInCombatArea		False	0x8208053C	CombatGoalStayInCombatArea, CombatGoal
CombatGoalUseCombatItem		False	0x820804C4	CombatGoalUseCombatItem, CombatGoal
CombatGroupStrategyAdvance		False	0x82080C8C	CombatGroupStrategyAdvance, CombatGroupStrategy
CombatGroupStrategyAmbush		False	0x82080C7C	CombatGroupStrategyAmbush, CombatGroupStrategy
CombatGroupStrategyFallBack		False	0x82080C6C	CombatGroupStrategyFallBack, CombatGroupStrategy
CombatGroupStrategyFlank		False	0x82080C5C	CombatGroupStrategyFlank, CombatGroupStrategy
CombatPlanner		False	0x8207F734	CombatPlanner, ?$AStarSearch@PAVCombatPlanNode
CombatProcedure		False	0x8208464C	CombatProcedure
CombatProcedureActivateObject		False	0x82084694	CombatProcedureActivateObject, CombatProcedure
CombatProcedureAttackGrenade		False	0x820847B4	CombatProcedureAttackGrenade, CombatProcedure
CombatProcedureAttackLow		False	0x820848B4	CombatProcedureAttackLow, CombatProcedure
CombatProcedureAttackMelee		False	0x8208499C	CombatProcedureAttackMelee, CombatProcedure
CombatProcedureAttackRanged		False	0x82001B5C	CombatProcedureAttackRanged, CombatProcedure
CombatProcedureBeInCover		False	0x82001C34	CombatProcedureBeInCover, CombatProcedure
CombatProcedureEngageTarget		False	0x82001B14	CombatProcedureEngageTarget, CombatProcedure
CombatProcedureEvade		False	0x820855DC	CombatProcedureEvade, CombatProcedure
CombatProcedureHideFromTarget		False	0x82085694	CombatProcedureHideFromTarget, CombatProcedure
CombatProcedureMove		False	0x82001BEC	CombatProcedureMove, CombatProcedure
CombatProcedureSearch		False	0x820859A4	CombatProcedureSearch, CombatProcedure
CombatProcedureSwitchWeapon		False	0x82085C8C	CombatProcedureSwitchWeapon, CombatProcedure
CombatProcedureUseCombatItem		False	0x82085CEC	CombatProcedureUseCombatItem, CombatProcedure
CombatTargetMap		False	0x820820A4	CombatTargetMap, ?$NiTMap@PAVActor, ?$NiTMapBase@V?$DFALL@V?$NiTMapItem@PAVActor
CombatThreatMap		False	0x82082130	CombatThreatMap, ?$NiTMap@IPAVCombatThreat, ?$NiTMapBase@V?$DFALL@V?$NiTMapItem@IPAVCombatThreat
CommandCreatureEffect		False	0x8206E2CC	CommandCreatureEffect, CommandEffect, ActiveEffect
CommandEffect		False	0x8206E344	CommandEffect, ActiveEffect
CommandHumanoidEffect		False	0x8206E3B4	CommandHumanoidEffect, CommandEffect, ActiveEffect
CompanionWheelMenu		False	0x82064244	CompanionWheelMenu, Menu
CompileFilesTask		False	0x82010B84	CompileFilesTask, BSThread
ComputersMenu		False	0x8206452C	ComputersMenu, Menu
ConcussionEffect		False	0x8206E434	ConcussionEffect, ActiveEffect
ContainerMenu		False	0x82064664	ContainerMenu, Menu
ContinuousBeamProjectile		True	0x820828A4	ContinuousBeamProjectile, Projectile, MobileObject, TESObjectREFR, TESForm, BaseFormComponent, TESChildCell
ContinuousBeamProjectile		True	0x82082898	ContinuousBeamProjectile, Projectile, MobileObject, TESObjectREFR, TESForm, BaseFormComponent, TESChildCell
ConvertListener@hkpHavokSnapshot		False	0x821135E0	ConvertListener@hkpHavokSnapshot, AddObjectListener@hkPackfileWriter, hkReferencedObject, hkBaseObject
Creature		True	0x820084BC	Creature, Actor, MobileObject, TESObjectREFR, TESForm, BaseFormComponent, TESChildCell, MagicCaster, MagicTarget, ActorValueOwner, CachedValuesOwner
Creature		True	0x8207A980	Creature, Actor, MobileObject, TESObjectREFR, TESForm, BaseFormComponent, TESChildCell, MagicCaster, MagicTarget, ActorValueOwner, CachedValuesOwner
Creature		True	0x8207A92C	Creature, Actor, MobileObject, TESObjectREFR, TESForm, BaseFormComponent, TESChildCell, MagicCaster, MagicTarget, ActorValueOwner, CachedValuesOwner
Creature		True	0x8207A8F8	Creature, Actor, MobileObject, TESObjectREFR, TESForm, BaseFormComponent, TESChildCell, MagicCaster, MagicTarget, ActorValueOwner, CachedValuesOwner
Creature		True	0x8207A8C8	Creature, Actor, MobileObject, TESObjectREFR, TESForm, BaseFormComponent, TESChildCell, MagicCaster, MagicTarget, ActorValueOwner, CachedValuesOwner
Creature		True	0x8207A884	Creature, Actor, MobileObject, TESObjectREFR, TESForm, BaseFormComponent, TESChildCell, MagicCaster, MagicTarget, ActorValueOwner, CachedValuesOwner
CreditsMenu		False	0x82064764	CreditsMenu, Menu
CTreeEngine		False	0x820AD42C	CTreeEngine, CIdvCamera
CureEffect		False	0x8206E4B4	CureEffect, ActiveEffect
DarknessEffect		False	0x8206E524	DarknessEffect, ValueModifierEffect, ActiveEffect
DebugText		False	0x820A51B8	DebugText, IDebugText
DebugTextActor		False	0x8206AA58	DebugTextActor, IDebugTextPage
DebugTextAnimation		False	0x8206AFEC	DebugTextAnimation, IDebugTextPage
DebugTextAudio		False	0x8206B178	DebugTextAudio, IDebugTextPage
DebugTextBackgroundLoad		False	0x8206B230	DebugTextBackgroundLoad, IDebugTextPage
DebugTextCombat		False	0x8206B304	DebugTextCombat, IDebugTextPage
DebugTextCombatStyle		False	0x8206B8E0	DebugTextCombatStyle, IDebugTextPage
DebugTextDestruction		False	0x8206B9F4	DebugTextDestruction, IDebugTextPage
DebugTextExteriorLoader		False	0x8206BA10	DebugTextExteriorLoader, IDebugTextPage
DebugTextExtraData		False	0x820A50DC	DebugTextExtraData, NiExtraData, NiObject, NiRefObject, NiMemObject
DebugTextFaceGen		False	0x8206BB28	DebugTextFaceGen, IDebugTextPage
DebugTextHUD		False	0x8206BB48	DebugTextHUD, IDebugTextPage
DebugTextImagespace		False	0x8206BB6C	DebugTextImagespace, IDebugTextPage
DebugTextMagic		False	0x8206BBB4	DebugTextMagic, IDebugTextPage
DebugTextMemHeaps		False	0x8206BE34	DebugTextMemHeaps, IDebugTextPage
DebugTextNpcAi		False	0x8206BEF8	DebugTextNpcAi, IDebugTextPage
DebugTextObstacles		False	0x8206C2B0	DebugTextObstacles, IDebugTextPage
DebugTextParticleSystem		False	0x8206C378	DebugTextParticleSystem, IDebugTextPage
DebugTextPathing		False	0x8206C3E4	DebugTextPathing, IDebugTextPage
DebugTextPerformanceTiming		False	0x8206C514	DebugTextPerformanceTiming, IDebugTextPage
DebugTextPlayer		False	0x8206C570	DebugTextPlayer, IDebugTextPage
DebugTextRenderedTexture		False	0x8206C58C	DebugTextRenderedTexture, IDebugTextPage
DebugTextRenderer		False	0x8206C6E0	DebugTextRenderer, IDebugTextPage
DebugTextSaveGame		False	0x8206C94C	DebugTextSaveGame, IDebugTextPage
DebugTextScriptProfiler		False	0x8206C960	DebugTextScriptProfiler, IDebugTextPage
DebugTextTexture		False	0x8206CA1C	DebugTextTexture, IDebugTextPage
DebugTextVATS		False	0x8206CADC	DebugTextVATS, IDebugTextPage
DebugTextWater		False	0x8206CDDC	DebugTextWater, IDebugTextPage
DebugTextWeapon		False	0x8206D760	DebugTextWeapon, IDebugTextPage
DebugTextXenonFileCache		False	0x8206D9A4	DebugTextXenonFileCache, IDebugTextPage
DemoralizeEffect		False	0x8206E59C	DemoralizeEffect, ActiveEffect
DetailedActorPathHandler		False	0x82002164	DetailedActorPathHandler, ActorPathHandler
DetectionTaskData		False	0x82079C2C	DetectionTaskData, MobileObjectTaskletData, BSXenonTaskletData, BSTaskletData
DetectLifeEffect		False	0x8206E60C	DetectLifeEffect, ValueModifierEffect, ActiveEffect
DialogMenu		False	0x8206491C	DialogMenu, Menu
DialoguePackage		True	0x82086E14	DialoguePackage, TESPackage, TESForm, BaseFormComponent
DisintegrateArmorEffect		False	0x8206E684	DisintegrateArmorEffect, ActiveEffect
DisintegrateWeaponEffect		False	0x8206E724	DisintegrateWeaponEffect, ActiveEffect
DispelEffect		False	0x8206E7C4	DispelEffect, ActiveEffect
DoorInPathFilter		False	0x82086534	DoorInPathFilter, CheckLineOfSightFilter@Pathing
EffectItemList		False	0x8200A88C	EffectItemList, ?$BSSimpleList@PAVEffectItem
EffectSetting		True	0x8200AEA4	EffectSetting, TESForm, BaseFormComponent, TESModel, BaseFormComponent, TESDescription, BaseFormComponent, TESFullName, BaseFormComponent, TESIcon, TESTexture, BaseFormComponent
EffectSetting		True	0x8200AE80	EffectSetting, TESForm, BaseFormComponent, TESModel, BaseFormComponent, TESDescription, BaseFormComponent, TESFullName, BaseFormComponent, TESIcon, TESTexture, BaseFormComponent
EffectSetting		True	0x8200AE68	EffectSetting, TESForm, BaseFormComponent, TESModel, BaseFormComponent, TESDescription, BaseFormComponent, TESFullName, BaseFormComponent, TESIcon, TESTexture, BaseFormComponent
EffectSetting		True	0x8200AE54	EffectSetting, TESForm, BaseFormComponent, TESModel, BaseFormComponent, TESDescription, BaseFormComponent, TESFullName, BaseFormComponent, TESIcon, TESTexture, BaseFormComponent
EffectSetting		True	0x8200AE30	EffectSetting, TESForm, BaseFormComponent, TESModel, BaseFormComponent, TESDescription, BaseFormComponent, TESFullName, BaseFormComponent, TESIcon, TESTexture, BaseFormComponent
EnchantmentItem		True	0x8200B1E4	EnchantmentItem, MagicItemForm, TESForm, BaseFormComponent, MagicItem, TESFullName, BaseFormComponent, EffectItemList, ?$BSSimpleList@PAVEffectItem
EnchantmentItem		True	0x8200B194	EnchantmentItem, MagicItemForm, TESForm, BaseFormComponent, MagicItem, TESFullName, BaseFormComponent, EffectItemList, ?$BSSimpleList@PAVEffectItem
EnchantmentItem		True	0x8200B17C	EnchantmentItem, MagicItemForm, TESForm, BaseFormComponent, MagicItem, TESFullName, BaseFormComponent, EffectItemList, ?$BSSimpleList@PAVEffectItem
EndElement@hkXmlParser		False	0x821215EC	EndElement@hkXmlParser, Node@hkXmlParser, hkReferencedObject, hkBaseObject
EntitySelector@hkpSaveContactPointsUtil		False	0x8211FC84	EntitySelector@hkpSaveContactPointsUtil
Entry@BSFaceGenModelMap		False	0x820583E4	Entry@BSFaceGenModelMap, NiRefObject, NiMemObject
EscortActorPackageData		False	0x82086FF8	EscortActorPackageData, ActorPackageData
exception@stdext		False	0x8200E9AC	exception@stdext
Explosion		True	0x82082D0C	Explosion, MobileObject, TESObjectREFR, TESForm, BaseFormComponent, TESChildCell
Explosion		True	0x82082D04	Explosion, MobileObject, TESObjectREFR, TESForm, BaseFormComponent, TESChildCell
ExteriorCellLoaderTask		False	0x82023AF8	ExteriorCellLoaderTask, IOTask, ?$BSTask@_J
ExteriorCellNewReferencesMap		False	0x820756BC	ExteriorCellNewReferencesMap, ?$NiTPointerMap@IPAV?$BSSimpleList@PAUExteriorCellReferenceData, ?$NiTMapBase@V?$NiTPointerAllocator@I
Extra@Tile		False	0x820A52F4	Extra@Tile, NiExtraData, NiObject, NiRefObject, NiMemObject
ExtraAction		False	0x8200E040	ExtraAction, BSExtraData
ExtraActivateLoopSound		False	0x8200E248	ExtraActivateLoopSound, BSExtraData
ExtraActivateRef		False	0x8200E50C	ExtraActivateRef, BSExtraData
ExtraActivateRefChildren		False	0x8200E320	ExtraActivateRefChildren, BSExtraData
ExtraActorCause		False	0x8200CA40	ExtraActorCause, BSExtraData
ExtraAmmo		False	0x8200C63C	ExtraAmmo, BSExtraData
ExtraAnim		False	0x8200E004	ExtraAnim, BSExtraData
ExtraAnimNoteReceiver		False	0x82026524	ExtraAnimNoteReceiver, BSExtraData
ExtraAshPileRef		False	0x8200E170	ExtraAshPileRef, BSExtraData
ExtraCannotWear		False	0x8200E088	ExtraCannotWear, BSExtraData
ExtraCell3D		False	0x8200C48C	ExtraCell3D, BSExtraData
ExtraCellAcousticSpace		False	0x8200C420	ExtraCellAcousticSpace, BSExtraData
ExtraCellCanopyShadowMask		False	0x8200C4A4	ExtraCellCanopyShadowMask, BSExtraData
ExtraCellClimate		False	0x8200C42C	ExtraCellClimate, BSExtraData
ExtraCellImageSpace		False	0x8200C438	ExtraCellImageSpace, BSExtraData
ExtraCellImpactSwap		False	0x8200C444	ExtraCellImpactSwap, BSExtraData
ExtraCellMusicType		False	0x8200C414	ExtraCellMusicType, BSExtraData
ExtraCellWaterType		False	0x8200C450	ExtraCellWaterType, BSExtraData
ExtraCharge		False	0x8200C57C	ExtraCharge, BSExtraData
ExtraCollisionData		False	0x8200C6A8	ExtraCollisionData, BSExtraData
ExtraCombatStyle		False	0x8200C654	ExtraCombatStyle, BSExtraData
ExtraContainerChanges		False	0x8200E04C	ExtraContainerChanges, BSExtraData
ExtraCount		False	0x8200C540	ExtraCount, BSExtraData
ExtraCreatureAwakeSound		False	0x8200E218	ExtraCreatureAwakeSound, BSExtraData
ExtraCreatureMovementSound		False	0x8200E224	ExtraCreatureMovementSound, BSExtraData
ExtraDataList		False	0x8200CA9C	ExtraDataList, BaseExtraList
ExtraDecalRefs		False	0x8200E32C	ExtraDecalRefs, BSExtraData
ExtraDetachTime		False	0x8200C480	ExtraDetachTime, BSExtraData
ExtraDismemberedLimbs		False	0x8200E4F4	ExtraDismemberedLimbs, BSExtraData
ExtraDistantData		False	0x8200E140	ExtraDistantData, BSExtraData
ExtraDroppedItemList		False	0x8200E4E8	ExtraDroppedItemList, BSExtraData
ExtraEditorRefMoveData		False	0x8200E200	ExtraEditorRefMoveData, BSExtraData
ExtraEmittanceSource		False	0x8200E1AC	ExtraEmittanceSource, BSExtraData
ExtraEnableStateChildren		False	0x8200E408	ExtraEnableStateChildren, BSExtraData
ExtraEnableStateParent		False	0x8200E14C	ExtraEnableStateParent, BSExtraData
ExtraEncounterZone		False	0x8200E11C	ExtraEncounterZone, BSExtraData
ExtraFactionChanges		False	0x8200E368	ExtraFactionChanges, BSExtraData
ExtraFollower		False	0x8200E2FC	ExtraFollower, BSExtraData
ExtraFollowerSwimBreadcrumbs		False	0x8200E380	ExtraFollowerSwimBreadcrumbs, BSExtraData
ExtraFriendHits		False	0x8200E554	ExtraFriendHits, BSExtraData
ExtraGhost		False	0x8200E064	ExtraGhost, BSExtraData
ExtraGlobal		False	0x8200C528	ExtraGlobal, BSExtraData
ExtraGuardedRefData		False	0x8200E500	ExtraGuardedRefData, BSExtraData
ExtraHasNoRumors		False	0x8200C5E8	ExtraHasNoRumors, BSExtraData
ExtraHavok		False	0x8200C498	ExtraHavok, BSExtraData
ExtraHeadingTarget		False	0x8200C5DC	ExtraHeadingTarget, BSExtraData
ExtraHealth		False	0x8200C54C	ExtraHealth, BSExtraData
ExtraHealthPerc		False	0x8200C558	ExtraHealthPerc, BSExtraData
ExtraHotKey		False	0x8200C5A0	ExtraHotKey, BSExtraData
ExtraIgnoredBySandbox		False	0x8200E26C	ExtraIgnoredBySandbox, BSExtraData
ExtraInfoGeneralTopic		False	0x8200E094	ExtraInfoGeneralTopic, BSExtraData
ExtraItemDropper		False	0x8200E1D0	ExtraItemDropper, BSExtraData
ExtraLastFinishedSequence		False	0x8200E194	ExtraLastFinishedSequence, BSExtraData
ExtraLevCreaModifier		False	0x8200E188	ExtraLevCreaModifier, BSExtraData
ExtraLeveledCreature		False	0x8200E028	ExtraLeveledCreature, BSExtraData
ExtraLeveledItem		False	0x8200C5C4	ExtraLeveledItem, BSExtraData
ExtraLight		False	0x8200E01C	ExtraLight, BSExtraData
ExtraLinkedRef		False	0x8200E164	ExtraLinkedRef, BSExtraData
ExtraLinkedRefChildren		False	0x8200E414	ExtraLinkedRefChildren, BSExtraData
ExtraLitWaterRefs		False	0x8200CC5C	ExtraLitWaterRefs, BSExtraData
ExtraLock		False	0x8200C4F8	ExtraLock, BSExtraData
ExtraMapMarker		False	0x8200E034	ExtraMapMarker, BSExtraData
ExtraMerchantContainer		False	0x8200E17C	ExtraMerchantContainer, BSExtraData
ExtraModdingItem		False	0x8200C6C0	ExtraModdingItem, BSExtraData
ExtraModelSwap		False	0x8200C618	ExtraModelSwap, BSExtraData
ExtraMultiBound		False	0x8200E338	ExtraMultiBound, BSExtraData
ExtraMultiBoundData		False	0x8200E1C4	ExtraMultiBoundData, BSExtraData
ExtraMultiBoundRef		False	0x8200E1B8	ExtraMultiBoundRef, BSExtraData
ExtraNavMeshPortal		False	0x8200C60C	ExtraNavMeshPortal, BSExtraData
ExtraNorthRotation		False	0x8200C474	ExtraNorthRotation, BSExtraData
ExtraObjectHealth		False	0x8200C5F4	ExtraObjectHealth, BSExtraData
ExtraOcclusionPlane		False	0x8200E344	ExtraOcclusionPlane, BSExtraData
ExtraOcclusionPlaneRefData		False	0x8200C678	ExtraOcclusionPlaneRefData, BSExtraData
ExtraOpenCloseActivateRef		False	0x8200C504	ExtraOpenCloseActivateRef, BSExtraData
ExtraOriginalReference		False	0x8200E058	ExtraOriginalReference, BSExtraData
ExtraOwnership		False	0x8200C51C	ExtraOwnership, BSExtraData
ExtraPackage		False	0x8200E0B8	ExtraPackage, BSExtraData
ExtraPackageData		False	0x8200C69C	ExtraPackageData, BSExtraData
ExtraPackageStartLocation		False	0x8200E0AC	ExtraPackageStartLocation, BSExtraData
ExtraPatrolRefData		False	0x8200C66C	ExtraPatrolRefData, BSExtraData
ExtraPatrolRefInUseData		False	0x8200E278	ExtraPatrolRefInUseData, BSExtraData
ExtraPersistentCell		False	0x8200E104	ExtraPersistentCell, BSExtraData
ExtraPlayerCrimeList		False	0x8200E308	ExtraPlayerCrimeList, BSExtraData
ExtraPoison		False	0x8200C5D0	ExtraPoison, BSExtraData
ExtraPortal		False	0x8200E350	ExtraPortal, BSExtraData
ExtraPortalRefData		False	0x8200C684	ExtraPortalRefData, BSExtraData
ExtraPrimitive		False	0x8200C660	ExtraPrimitive, BSExtraData
ExtraProcessMiddleLow		False	0x8200C45C	ExtraProcessMiddleLow, BSExtraData
ExtraRadiation		False	0x8200C630	ExtraRadiation, BSExtraData
ExtraRadioData		False	0x8200C648	ExtraRadioData, BSExtraData
ExtraRadius		False	0x8200C624	ExtraRadius, BSExtraData
ExtraRagDollData		False	0x8200E110	ExtraRagDollData, BSExtraData
ExtraRandomTeleportMarker		False	0x8200E158	ExtraRandomTeleportMarker, BSExtraData
ExtraRank		False	0x8200C534	ExtraRank, BSExtraData
ExtraReferencePointer		False	0x8200C5AC	ExtraReferencePointer, BSExtraData
ExtraReflectedRefs		False	0x8200CC38	ExtraReflectedRefs, BSExtraData
ExtraReflectorRefs		False	0x8200CC44	ExtraReflectorRefs, BSExtraData
ExtraRefractionProperty		False	0x8200E1F4	ExtraRefractionProperty, BSExtraData
ExtraRegionList		False	0x8200C408	ExtraRegionList, BSExtraData
ExtraReservedMarkers		False	0x8200E134	ExtraReservedMarkers, BSExtraData
ExtraRoom		False	0x8200E35C	ExtraRoom, BSExtraData
ExtraRoomRefData		False	0x8200C690	ExtraRoomRefData, BSExtraData
ExtraRunOncePacks		False	0x8200E314	ExtraRunOncePacks, BSExtraData
ExtraSavedAnimation		False	0x8200E1DC	ExtraSavedAnimation, BSExtraData
ExtraSavedHavokData		False	0x8200E1E8	ExtraSavedHavokData, BSExtraData
ExtraSayTopicInfoOnceADay		False	0x8200E374	ExtraSayTopicInfoOnceADay, BSExtraData
ExtraSayToTopicInfo		False	0x8200E260	ExtraSayToTopicInfo, BSExtraData
ExtraScale		False	0x8200C594	ExtraScale, BSExtraData
ExtraScript		False	0x8200C588	ExtraScript, BSExtraData
ExtraSecuritronFace		False	0x8200D004	ExtraSecuritronFace, BSExtraData
ExtraSeed		False	0x8200E0A0	ExtraSeed, BSExtraData
ExtraSeenData		False	0x8200C468	ExtraSeenData, BSExtraData
ExtraSound		False	0x8200E20C	ExtraSound, BSExtraData
ExtraStartingPosition		False	0x8200E2F0	ExtraStartingPosition, BSExtraData
ExtraStartingWorldOrCell		False	0x8200E010	ExtraStartingWorldOrCell, BSExtraData
ExtraTalkingActor		False	0x8200E254	ExtraTalkingActor, BSExtraData
ExtraTeleport		False	0x8200C510	ExtraTeleport, BSExtraData
ExtraTerminalState		False	0x8200C600	ExtraTerminalState, BSExtraData
ExtraTimeLeft		False	0x8200C570	ExtraTimeLeft, BSExtraData
ExtraTresPassPackage		False	0x8200C5B8	ExtraTresPassPackage, BSExtraData
ExtraUsedMarkers		False	0x8200E128	ExtraUsedMarkers, BSExtraData
ExtraUses		False	0x8200C564	ExtraUses, BSExtraData
ExtraWaterLightRefs		False	0x8200CC50	ExtraWaterLightRefs, BSExtraData
ExtraWaterZoneMap		False	0x8200E560	ExtraWaterZoneMap, BSExtraData
ExtraWeaponAttackSound		False	0x8200E23C	ExtraWeaponAttackSound, BSExtraData
ExtraWeaponIdleSound		False	0x8200E230	ExtraWeaponIdleSound, BSExtraData
ExtraWeaponModFlags		False	0x8200C6B4	ExtraWeaponModFlags, BSExtraData
ExtraWorn		False	0x8200E070	ExtraWorn, BSExtraData
ExtraWornLeft		False	0x8200E07C	ExtraWornLeft, BSExtraData
ExtraXTarget		False	0x8200E1A0	ExtraXTarget, BSExtraData
facet@locale@std		False	0x820AB3FC	facet@locale@std
Factory@hkpReportContactMgr		False	0x82116708	Factory@hkpReportContactMgr, hkpContactMgrFactory, hkReferencedObject, hkBaseObject
Factory@hkpSimpleConstraintContactMgr		False	0x8211671C	Factory@hkpSimpleConstraintContactMgr, hkpContactMgrFactory, hkReferencedObject, hkBaseObject
failure@ios_base@std		False	0x820AB4F8	failure@ios_base@std, runtime_error@std, exception@stdext
FindTriangleForLocationWaterFilter@PathBuilder		False	0x82000B1C	FindTriangleForLocationWaterFilter@PathBuilder, FindTriangleForLocationFilter
FlameProjectile		True	0x8208316C	FlameProjectile, Projectile, MobileObject, TESObjectREFR, TESForm, BaseFormComponent, TESChildCell
FlameProjectile		True	0x82083164	FlameProjectile, Projectile, MobileObject, TESObjectREFR, TESForm, BaseFormComponent, TESChildCell
FleePackage		True	0x82087064	FleePackage, TESPackage, TESForm, BaseFormComponent
FloatAction@Tile		False	0x820A5250	FloatAction@Tile, Action@Tile
FOCollisionListener		False	0x8204290C	FOCollisionListener, bhkCollisionListener, hkpCollisionListener
FOIslandActivationListener		False	0x8204296C	FOIslandActivationListener, hkpIslandActivationListener, hkpEntityListener
FOIslandActivationListener		False	0x82042954	FOIslandActivationListener, hkpIslandActivationListener, hkpEntityListener
FOPipboyManager		False	0x8206962C	FOPipboyManager, FORenderedMenu
FORenderedMenu		False	0x820698F4	FORenderedMenu
FORenderedMenuRaceSex		False	0x820676FC	FORenderedMenuRaceSex, FORenderedMenu
FORenderedTerminal		False	0x820625E4	FORenderedTerminal, FORenderedMenu
FrenzyEffect		False	0x8206E834	FrenzyEffect, ValueModifierEffect, ActiveEffect
FutBinaryFileC		False	0x820AB278	FutBinaryFileC
GameSettingCollection		False	0x8200A604	GameSettingCollection, ?$SettingCollectionMap@VSetting, ?$SettingCollection@VSetting
GrenadeProjectile		True	0x820834C4	GrenadeProjectile, Projectile, MobileObject, TESObjectREFR, TESForm, BaseFormComponent, TESChildCell
GrenadeProjectile		True	0x820834BC	GrenadeProjectile, Projectile, MobileObject, TESObjectREFR, TESForm, BaseFormComponent, TESChildCell
GridArray		False	0x82018AF8	GridArray
GridCellArray		False	0x82018C40	GridCellArray, GridArray
GuardActorPackageData		False	0x820871D4	GuardActorPackageData, ActorPackageData
HackingMenu		False	0x82064D24	HackingMenu, Menu
HardSystemColor@SystemColorManager		False	0x82062CC0	HardSystemColor@SystemColorManager, SystemColor@SystemColorManager
HavokError		False	0x82042A3C	HavokError, hkError, hkReferencedObject, hkBaseObject, ?$hkSingleton@VhkError
HavokFileStreambufReader		False	0x82042994	HavokFileStreambufReader, hkStreamReader, hkReferencedObject, hkBaseObject
HavokFileStreambufWriter		False	0x820429D4	HavokFileStreambufWriter, hkStreamWriter, hkReferencedObject, hkBaseObject
HavokStreambufFactory		False	0x82042A04	HavokStreambufFactory, hkFileSystem, hkReferencedObject, hkBaseObject, ?$hkSingleton@VhkFileSystem
HighActorCuller		False	0x82000A44	HighActorCuller, MobIterOperator
HighProcess		False	0x82009344	HighProcess, MiddleHighProcess, MiddleLowProcess, LowProcess, BaseProcess
hkaDetectRagdollPenetration		False	0x82116EE4	hkaDetectRagdollPenetration, hkReferencedObject, hkBaseObject
hkaFootPlacementIkSolver		False	0x8211576C	hkaFootPlacementIkSolver, hkReferencedObject, hkBaseObject
hkaRagdollInstance		False	0x8211577C	hkaRagdollInstance, hkReferencedObject, hkBaseObject
hkArrayStreamWriter		False	0x821135A4	hkArrayStreamWriter, hkStreamWriter, hkReferencedObject, hkBaseObject
hkaSkeletonMapper		False	0x82115814	hkaSkeletonMapper, hkReferencedObject, hkBaseObject
hkBaseObject		False	0x820248A0	hkBaseObject
hkBinaryPackfileReader		False	0x8211F44C	hkBinaryPackfileReader, hkPackfileReader, hkReferencedObject, hkBaseObject
hkBinaryPackfileWriter		False	0x821190C0	hkBinaryPackfileWriter, hkPackfileWriter, hkReferencedObject, hkBaseObject
hkBindingClassNameRegistry		False	0x8211ECA0	hkBindingClassNameRegistry, hkChainedClassNameRegistry, hkDynamicClassNameRegistry, hkClassNameRegistry, hkReferencedObject, hkBaseObject
hkBsdSocket		False	0x8211EBD0	hkBsdSocket, hkSocket, hkReferencedObject, hkBaseObject
hkBufferedStreamReader		False	0x821172FC	hkBufferedStreamReader, hkStreamReader, hkReferencedObject, hkBaseObject
hkBufferedStreamWriter		False	0x821171CC	hkBufferedStreamWriter, hkStreamWriter, hkReferencedObject, hkBaseObject
hkChainedClassNameRegistry		False	0x82121088	hkChainedClassNameRegistry, hkDynamicClassNameRegistry, hkClassNameRegistry, hkReferencedObject, hkBaseObject
hkCommandRouter		False	0x82119A8C	hkCommandRouter, hkReferencedObject, hkBaseObject
hkConstraintCinfo		False	0x82083838	hkConstraintCinfo, hkSerializableCinfo
hkCrc32StreamWriter		False	0x8211EC78	hkCrc32StreamWriter, hkStreamWriter, hkReferencedObject, hkBaseObject
hkDebugDisplay		False	0x820CE5EC	hkDebugDisplay, hkReferencedObject, hkBaseObject, ?$hkSingleton@VhkDebugDisplay
hkDebugDisplayHandler		False	0x8211FEE4	hkDebugDisplayHandler
hkDebugDisplayProcess		False	0x821200A0	hkDebugDisplayProcess, hkReferencedObject, hkBaseObject, hkProcess, hkDebugDisplayHandler
hkDebugDisplayProcess		False	0x82120080	hkDebugDisplayProcess, hkReferencedObject, hkBaseObject, hkProcess, hkDebugDisplayHandler
hkDebugDisplayProcess		False	0x82120034	hkDebugDisplayProcess, hkReferencedObject, hkBaseObject, hkProcess, hkDebugDisplayHandler
hkDefaultBuiltinTypeRegistry		False	0x820D0A40	hkDefaultBuiltinTypeRegistry, hkBuiltinTypeRegistry, hkReferencedObject, hkBaseObject, ?$hkSingleton@VhkBuiltinTypeRegistry
hkDefaultClassNameRegistry		False	0x82117600	hkDefaultClassNameRegistry, hkDynamicClassNameRegistry, hkClassNameRegistry, hkReferencedObject, hkBaseObject, ?$hkSingleton@VhkDefaultClassNameRegistry
hkDefaultError		False	0x820D06A0	hkDefaultError, hkError, hkReferencedObject, hkBaseObject, ?$hkSingleton@VhkError
hkDisplayAABB		False	0x82119D94	hkDisplayAABB, hkDisplayGeometry, hkReferencedObject, hkBaseObject
hkDisplayBox		False	0x8211A02C	hkDisplayBox, hkDisplayGeometry, hkReferencedObject, hkBaseObject
hkDisplayCapsule		False	0x8211708C	hkDisplayCapsule, hkDisplayGeometry, hkReferencedObject, hkBaseObject
hkDisplayCone		False	0x821202E4	hkDisplayCone, hkDisplayGeometry, hkReferencedObject, hkBaseObject
hkDisplayConvex		False	0x82120194	hkDisplayConvex, hkDisplayGeometry, hkReferencedObject, hkBaseObject
hkDisplayCylinder		False	0x82119838	hkDisplayCylinder, hkDisplayGeometry, hkReferencedObject, hkBaseObject
hkDisplayGeometry		False	0x82117074	hkDisplayGeometry, hkReferencedObject, hkBaseObject
hkDisplayPlane		False	0x821202CC	hkDisplayPlane, hkDisplayGeometry, hkReferencedObject, hkBaseObject
hkDisplaySemiCircle		False	0x821202B4	hkDisplaySemiCircle, hkDisplayGeometry, hkReferencedObject, hkBaseObject
hkDisplaySerializeIStream		False	0x8211FFA0	hkDisplaySerializeIStream, hkIArchive, hkReferencedObject, hkBaseObject
hkDisplaySerializeOStream		False	0x8211FF90	hkDisplaySerializeOStream, hkOArchive, hkReferencedObject, hkBaseObject
hkDisplaySphere		False	0x821218B0	hkDisplaySphere, hkDisplayGeometry, hkReferencedObject, hkBaseObject
hkDummySingleton		False	0x820D068C	hkDummySingleton, hkReferencedObject, hkBaseObject, ?$hkSingleton@VhkDummySingleton
hkDynamicClassNameRegistry		False	0x821175D0	hkDynamicClassNameRegistry, hkClassNameRegistry, hkReferencedObject, hkBaseObject
hkEntitySelectorAll@?A0x432bd454		False	0x8211FC90	hkEntitySelectorAll@?A0x432bd454, EntitySelector@hkpSaveContactPointsUtil
hkEntitySelectorListed@?A0x432bd454		False	0x8211FC9C	hkEntitySelectorListed@?A0x432bd454, EntitySelector@hkpSaveContactPointsUtil
hkErrStream		False	0x820CFDC8	hkErrStream, hkOstream, hkReferencedObject, hkBaseObject
hkHeightFieldRayForwardingCollector		False	0x82117C78	hkHeightFieldRayForwardingCollector, hkpRayHitCollector
hkHingeConstraintCinfo		False	0x82083D44	hkHingeConstraintCinfo, hkConstraintCinfo, hkSerializableCinfo
hkIArchive		False	0x8211FE7C	hkIArchive, hkReferencedObject, hkBaseObject
hkInspectProcess		False	0x8211FFE4	hkInspectProcess, hkReferencedObject, hkBaseObject, hkProcess
hkInspectProcess		False	0x8211FFC4	hkInspectProcess, hkReferencedObject, hkBaseObject, hkProcess
hkIstream		False	0x8211F71C	hkIstream, hkReferencedObject, hkBaseObject
hkLineNumberStreamReader		False	0x82121678	hkLineNumberStreamReader, hkStreamReader, hkReferencedObject, hkBaseObject
hkLoader		False	0x821135F4	hkLoader, hkReferencedObject, hkBaseObject
hkMemory		False	0x820D05F4	hkMemory
hkMemoryStreamReader		False	0x821217E0	hkMemoryStreamReader, hkStreamReader, hkReferencedObject, hkBaseObject
hkMoppBvTreeShapeBase		False	0x8211965C	hkMoppBvTreeShapeBase, hkpBvTreeShape, hkpShape, hkReferencedObject, hkBaseObject
hkNativeFileSystem		False	0x820D0670	hkNativeFileSystem, hkFileSystem, hkReferencedObject, hkBaseObject, ?$hkSingleton@VhkFileSystem
hkOArchive		False	0x82119A3C	hkOArchive, hkReferencedObject, hkBaseObject
hkObjectCopier		False	0x82117920	hkObjectCopier, hkReferencedObject, hkBaseObject
hkOffsetOnlyStreamWriter		False	0x82121814	hkOffsetOnlyStreamWriter, hkStreamWriter, hkReferencedObject, hkBaseObject
hkOstream		False	0x821135D0	hkOstream, hkReferencedObject, hkBaseObject
hkp3AxisSweep		False	0x82116D14	hkp3AxisSweep, hkpBroadPhase, hkReferencedObject, hkBaseObject
hkpAabbPhantom		False	0x82115D1C	hkpAabbPhantom, hkpPhantom, hkpWorldObject, hkReferencedObject, hkBaseObject
hkPackfileData		False	0x821210D4	hkPackfileData, hkResource, hkReferencedObject, hkBaseObject
hkPackfileObjectUpdateTracker		False	0x8211F498	hkPackfileObjectUpdateTracker, hkObjectUpdateTracker, hkReferencedObject, hkBaseObject
hkPackfileReader		False	0x8211F620	hkPackfileReader, hkReferencedObject, hkBaseObject
hkPackfileWriter		False	0x8211F7E0	hkPackfileWriter, hkReferencedObject, hkBaseObject
hkpActionListener		False	0x821152D0	hkpActionListener
hkpActiveContactPointViewer		False	0x8211A230	hkpActiveContactPointViewer, hkpContactPointViewer, hkpWorldViewerBase, hkReferencedObject, hkBaseObject, hkProcess, hkpPhysicsContextWorldListener, hkpWorldPostSimulationListener
hkpActiveContactPointViewer		False	0x8211A210	hkpActiveContactPointViewer, hkpContactPointViewer, hkpWorldViewerBase, hkReferencedObject, hkBaseObject, hkProcess, hkpPhysicsContextWorldListener, hkpWorldPostSimulationListener
hkpActiveContactPointViewer		False	0x8211A200	hkpActiveContactPointViewer, hkpContactPointViewer, hkpWorldViewerBase, hkReferencedObject, hkBaseObject, hkProcess, hkpPhysicsContextWorldListener, hkpWorldPostSimulationListener
hkpActiveContactPointViewer		False	0x8211A1F0	hkpActiveContactPointViewer, hkpContactPointViewer, hkpWorldViewerBase, hkReferencedObject, hkBaseObject, hkProcess, hkpPhysicsContextWorldListener, hkpWorldPostSimulationListener
hkpAllCdBodyPairCollector		False	0x82043210	hkpAllCdBodyPairCollector, hkpCdBodyPairCollector
hkpAllCdPointCollector		False	0x82042670	hkpAllCdPointCollector, hkpCdPointCollector
hkpAllRayHitCollector		False	0x82016A2C	hkpAllRayHitCollector, hkpRayHitCollector
hkpAngularDashpotAction		False	0x82119320	hkpAngularDashpotAction, hkpBinaryAction, hkpAction, hkReferencedObject, hkBaseObject
hkPatchClassInstanceXmlParser@?A0x025e5cfb		False	0x8211F508	hkPatchClassInstanceXmlParser@?A0x025e5cfb, hkXmlParser, hkReferencedObject, hkBaseObject
hkpBallAndSocketConstraintData		False	0x82119550	hkpBallAndSocketConstraintData, hkpConstraintData, hkReferencedObject, hkBaseObject
hkpBallSocketChainData		False	0x82119518	hkpBallSocketChainData, hkpConstraintChainData, hkpConstraintData, hkReferencedObject, hkBaseObject
hkpBinaryAction		False	0x8211CB34	hkpBinaryAction, hkpAction, hkReferencedObject, hkBaseObject
hkpBoxBoxAgent		False	0x821183AC	hkpBoxBoxAgent, hkpIterativeLinearCastAgent, hkpCollisionAgent, hkReferencedObject, hkBaseObject
hkpBoxMotion		False	0x820CEF9C	hkpBoxMotion, hkpMotion, hkReferencedObject, hkBaseObject
hkpBoxShape		False	0x820CF924	hkpBoxShape, hkpConvexShape, hkpSphereRepShape, hkpShape, hkReferencedObject, hkBaseObject
hkpBreakableConstraintData		False	0x82119344	hkpBreakableConstraintData, hkpConstraintData, hkReferencedObject, hkBaseObject
hkpBroadPhase		False	0x8211E80C	hkpBroadPhase, hkReferencedObject, hkBaseObject
hkpBroadPhaseBorder		False	0x82116A4C	hkpBroadPhaseBorder, hkReferencedObject, hkBaseObject, hkpWorldDeletionListener, hkpPhantomOverlapListener
hkpBroadPhaseBorder		False	0x82116A40	hkpBroadPhaseBorder, hkReferencedObject, hkBaseObject, hkpWorldDeletionListener, hkpPhantomOverlapListener
hkpBroadPhaseBorder		False	0x82116A30	hkpBroadPhaseBorder, hkReferencedObject, hkBaseObject, hkpWorldDeletionListener, hkpPhantomOverlapListener
hkpBroadPhaseBorderListener		False	0x820CDFC8	hkpBroadPhaseBorderListener, hkReferencedObject, hkBaseObject, hkpBroadPhaseListener
hkpBroadPhaseBorderListener		False	0x820CDFB8	hkpBroadPhaseBorderListener, hkReferencedObject, hkBaseObject, hkpBroadPhaseListener
hkpBroadPhaseCastCollector		False	0x820CDF80	hkpBroadPhaseCastCollector
hkpBroadPhaseListener		False	0x820CDF44	hkpBroadPhaseListener
hkpBroadphaseViewer		False	0x8211A4F0	hkpBroadphaseViewer, hkpWorldViewerBase, hkReferencedObject, hkBaseObject, hkProcess, hkpPhysicsContextWorldListener, hkpWorldPostSimulationListener
hkpBroadphaseViewer		False	0x8211A4D0	hkpBroadphaseViewer, hkpWorldViewerBase, hkReferencedObject, hkBaseObject, hkProcess, hkpPhysicsContextWorldListener, hkpWorldPostSimulationListener
hkpBroadphaseViewer		False	0x8211A4C0	hkpBroadphaseViewer, hkpWorldViewerBase, hkReferencedObject, hkBaseObject, hkProcess, hkpPhysicsContextWorldListener, hkpWorldPostSimulationListener
hkpBroadphaseViewer		False	0x8211A4B0	hkpBroadphaseViewer, hkpWorldViewerBase, hkReferencedObject, hkBaseObject, hkProcess, hkpPhysicsContextWorldListener, hkpWorldPostSimulationListener
hkpBvAgent		False	0x82118634	hkpBvAgent, hkpCollisionAgent, hkReferencedObject, hkBaseObject
hkpBvShape		False	0x820CF844	hkpBvShape, hkpShape, hkReferencedObject, hkBaseObject
hkpBvTreeAgent		False	0x82117B2C	hkpBvTreeAgent, hkpCollisionAgent, hkReferencedObject, hkBaseObject
hkpBvTreeStreamAgent		False	0x82117A78	hkpBvTreeStreamAgent, hkpCollisionAgent, hkReferencedObject, hkBaseObject
hkpCachingShapePhantom		False	0x82119234	hkpCachingShapePhantom, hkpShapePhantom, hkpPhantom, hkpWorldObject, hkReferencedObject, hkBaseObject
hkpCallbackConstraintMotor		False	0x8211DDF4	hkpCallbackConstraintMotor, hkpLimitedForceConstraintMotor, hkpConstraintMotor, hkReferencedObject, hkBaseObject
hkpCapsuleCapsuleAgent		False	0x8211817C	hkpCapsuleCapsuleAgent, hkpIterativeLinearCastAgent, hkpCollisionAgent, hkReferencedObject, hkBaseObject
hkpCapsuleShape		False	0x82117024	hkpCapsuleShape, hkpConvexShape, hkpSphereRepShape, hkpShape, hkReferencedObject, hkBaseObject
hkpCapsuleTriangleAgent		False	0x821180E4	hkpCapsuleTriangleAgent, hkpIterativeLinearCastAgent, hkpCollisionAgent, hkReferencedObject, hkBaseObject
hkpCdBodyPairCollector		False	0x82043138	hkpCdBodyPairCollector
hkpCdPointCollector		False	0x82042660	hkpCdPointCollector
hkpCharacterContext		False	0x820CFA54	hkpCharacterContext, hkReferencedObject, hkBaseObject
hkpCharacterMotion		False	0x820CF14C	hkpCharacterMotion, hkpMotion, hkReferencedObject, hkBaseObject
hkpCharacterProxy		False	0x820CFCA0	hkpCharacterProxy, hkReferencedObject, hkBaseObject, hkpEntityListener, hkpPhantomListener
hkpCharacterProxy		False	0x820CFC88	hkpCharacterProxy, hkReferencedObject, hkBaseObject, hkpEntityListener, hkpPhantomListener
hkpCharacterProxy		False	0x820CFC70	hkpCharacterProxy, hkReferencedObject, hkBaseObject, hkpEntityListener, hkpPhantomListener
hkpCharacterStateManager		False	0x820D0854	hkpCharacterStateManager, hkReferencedObject, hkBaseObject
hkpClosestCdPointCollector		False	0x820D05C4	hkpClosestCdPointCollector, hkpCdPointCollector
hkpClosestRayHitCollector		False	0x820430A4	hkpClosestRayHitCollector, hkpRayHitCollector
hkpCollidableCollidableFilter		False	0x820CDF38	hkpCollidableCollidableFilter
hkpCollisionDispatcher		False	0x821165DC	hkpCollisionDispatcher, hkReferencedObject, hkBaseObject
hkpCollisionFilter		False	0x8211358C	hkpCollisionFilter, hkReferencedObject, hkBaseObject, hkpCollidableCollidableFilter, hkpShapeCollectionFilter, hkpRayShapeCollectionFilter, hkpRayCollidableFilter
hkpCollisionFilter		False	0x82113580	hkpCollisionFilter, hkReferencedObject, hkBaseObject, hkpCollidableCollidableFilter, hkpShapeCollectionFilter, hkpRayShapeCollectionFilter, hkpRayCollidableFilter
hkpCollisionFilter		False	0x8211356C	hkpCollisionFilter, hkReferencedObject, hkBaseObject, hkpCollidableCollidableFilter, hkpShapeCollectionFilter, hkpRayShapeCollectionFilter, hkpRayCollidableFilter
hkpCollisionFilter		False	0x82113560	hkpCollisionFilter, hkReferencedObject, hkBaseObject, hkpCollidableCollidableFilter, hkpShapeCollectionFilter, hkpRayShapeCollectionFilter, hkpRayCollidableFilter
hkpCollisionFilter		False	0x82113554	hkpCollisionFilter, hkReferencedObject, hkBaseObject, hkpCollidableCollidableFilter, hkpShapeCollectionFilter, hkpRayShapeCollectionFilter, hkpRayCollidableFilter
hkpCollisionFilterList		False	0x8211E54C	hkpCollisionFilterList, hkpCollisionFilter, hkReferencedObject, hkBaseObject, hkpCollidableCollidableFilter, hkpShapeCollectionFilter, hkpRayShapeCollectionFilter, hkpRayCollidableFilter
hkpCollisionFilterList		False	0x8211E540	hkpCollisionFilterList, hkpCollisionFilter, hkReferencedObject, hkBaseObject, hkpCollidableCollidableFilter, hkpShapeCollectionFilter, hkpRayShapeCollectionFilter, hkpRayCollidableFilter
hkpCollisionFilterList		False	0x8211E534	hkpCollisionFilterList, hkpCollisionFilter, hkReferencedObject, hkBaseObject, hkpCollidableCollidableFilter, hkpShapeCollectionFilter, hkpRayShapeCollectionFilter, hkpRayCollidableFilter
hkpCollisionFilterList		False	0x8211E520	hkpCollisionFilterList, hkpCollisionFilter, hkReferencedObject, hkBaseObject, hkpCollidableCollidableFilter, hkpShapeCollectionFilter, hkpRayShapeCollectionFilter, hkpRayCollidableFilter
hkpCollisionFilterList		False	0x8211E514	hkpCollisionFilterList, hkpCollisionFilter, hkReferencedObject, hkBaseObject, hkpCollidableCollidableFilter, hkpShapeCollectionFilter, hkpRayShapeCollectionFilter, hkpRayCollidableFilter
hkpCollisionListener		False	0x820428F4	hkpCollisionListener
hkpConstrainedSystemFilter		False	0x8211CF1C	hkpConstrainedSystemFilter, hkpCollisionFilter, hkReferencedObject, hkBaseObject, hkpCollidableCollidableFilter, hkpShapeCollectionFilter, hkpRayShapeCollectionFilter, hkpRayCollidableFilter, hkpConstraintListener
hkpConstrainedSystemFilter		False	0x8211CF10	hkpConstrainedSystemFilter, hkpCollisionFilter, hkReferencedObject, hkBaseObject, hkpCollidableCollidableFilter, hkpShapeCollectionFilter, hkpRayShapeCollectionFilter, hkpRayCollidableFilter, hkpConstraintListener
hkpConstrainedSystemFilter		False	0x8211CEFC	hkpConstrainedSystemFilter, hkpCollisionFilter, hkReferencedObject, hkBaseObject, hkpCollidableCollidableFilter, hkpShapeCollectionFilter, hkpRayShapeCollectionFilter, hkpRayCollidableFilter, hkpConstraintListener
hkpConstrainedSystemFilter		False	0x8211CEF0	hkpConstrainedSystemFilter, hkpCollisionFilter, hkReferencedObject, hkBaseObject, hkpCollidableCollidableFilter, hkpShapeCollectionFilter, hkpRayShapeCollectionFilter, hkpRayCollidableFilter, hkpConstraintListener
hkpConstrainedSystemFilter		False	0x8211CEE4	hkpConstrainedSystemFilter, hkpCollisionFilter, hkReferencedObject, hkBaseObject, hkpCollidableCollidableFilter, hkpShapeCollectionFilter, hkpRayShapeCollectionFilter, hkpRayCollidableFilter, hkpConstraintListener
hkpConstrainedSystemFilter		False	0x8211CED4	hkpConstrainedSystemFilter, hkpCollisionFilter, hkReferencedObject, hkBaseObject, hkpCollidableCollidableFilter, hkpShapeCollectionFilter, hkpRayShapeCollectionFilter, hkpRayCollidableFilter, hkpConstraintListener
hkpConstraintChainInstance		False	0x8211DD98	hkpConstraintChainInstance, hkpConstraintInstance, hkReferencedObject, hkBaseObject
hkpConstraintChainInstanceAction		False	0x8211DD44	hkpConstraintChainInstanceAction, hkpAction, hkReferencedObject, hkBaseObject
hkpConstraintInstance		False	0x82116D94	hkpConstraintInstance, hkReferencedObject, hkBaseObject
hkpConstraintListener		False	0x821152E0	hkpConstraintListener
hkpConstraintMotor		False	0x82115498	hkpConstraintMotor, hkReferencedObject, hkBaseObject
hkpConstraintOwner		False	0x82116944	hkpConstraintOwner, hkReferencedObject, hkBaseObject
hkpConstraintViewer		False	0x8211A358	hkpConstraintViewer, hkpWorldViewerBase, hkReferencedObject, hkBaseObject, hkProcess, hkpPhysicsContextWorldListener, hkpWorldPostSimulationListener
hkpConstraintViewer		False	0x8211A338	hkpConstraintViewer, hkpWorldViewerBase, hkReferencedObject, hkBaseObject, hkProcess, hkpPhysicsContextWorldListener, hkpWorldPostSimulationListener
hkpConstraintViewer		False	0x8211A328	hkpConstraintViewer, hkpWorldViewerBase, hkReferencedObject, hkBaseObject, hkProcess, hkpPhysicsContextWorldListener, hkpWorldPostSimulationListener
hkpConstraintViewer		False	0x8211A318	hkpConstraintViewer, hkpWorldViewerBase, hkReferencedObject, hkBaseObject, hkProcess, hkpPhysicsContextWorldListener, hkpWorldPostSimulationListener
hkpContactPointViewer		False	0x821201F0	hkpContactPointViewer, hkpWorldViewerBase, hkReferencedObject, hkBaseObject, hkProcess, hkpPhysicsContextWorldListener, hkpWorldPostSimulationListener
hkpContactPointViewer		False	0x821201DC	hkpContactPointViewer, hkpWorldViewerBase, hkReferencedObject, hkBaseObject, hkProcess, hkpPhysicsContextWorldListener, hkpWorldPostSimulationListener
hkpContactPointViewer		False	0x821201BC	hkpContactPointViewer, hkpWorldViewerBase, hkReferencedObject, hkBaseObject, hkProcess, hkpPhysicsContextWorldListener, hkpWorldPostSimulationListener
hkpContactPointViewer		False	0x821201AC	hkpContactPointViewer, hkpWorldViewerBase, hkReferencedObject, hkBaseObject, hkProcess, hkpPhysicsContextWorldListener, hkpWorldPostSimulationListener
hkpContinuousSimulation		False	0x82116A9C	hkpContinuousSimulation, hkpSimulation, hkReferencedObject, hkBaseObject
hkpConvexListAgent		False	0x82117E4C	hkpConvexListAgent, hkpPredGskfAgent, hkpGskfAgent, hkpGskBaseAgent, hkpIterativeLinearCastAgent, hkpCollisionAgent, hkReferencedObject, hkBaseObject
hkpConvexListShape		False	0x821199DC	hkpConvexListShape, hkpConvexShape, hkpSphereRepShape, hkpShape, hkReferencedObject, hkBaseObject, hkpShapeContainer
hkpConvexListShape		False	0x821199B8	hkpConvexListShape, hkpConvexShape, hkpSphereRepShape, hkpShape, hkReferencedObject, hkBaseObject, hkpShapeContainer
hkpConvexPieceMeshShape		False	0x8211E458	hkpConvexPieceMeshShape, hkpShapeCollection, hkpShape, hkReferencedObject, hkBaseObject, hkpShapeContainer
hkpConvexPieceMeshShape		False	0x8211E434	hkpConvexPieceMeshShape, hkpShapeCollection, hkpShape, hkReferencedObject, hkBaseObject, hkpShapeContainer
hkpConvexPieceShape		False	0x82122014	hkpConvexPieceShape, hkpConvexShape, hkpSphereRepShape, hkpShape, hkReferencedObject, hkBaseObject, hkpShapeContainer
hkpConvexPieceShape		False	0x82121FF0	hkpConvexPieceShape, hkpConvexShape, hkpSphereRepShape, hkpShape, hkReferencedObject, hkBaseObject, hkpShapeContainer
hkpConvexPieceStreamData		False	0x8211CA64	hkpConvexPieceStreamData, hkReferencedObject, hkBaseObject
hkpConvexRadiusBuilder		False	0x82120294	hkpConvexRadiusBuilder, hkReferencedObject, hkBaseObject
hkpConvexRadiusViewer		False	0x8211A2C4	hkpConvexRadiusViewer, hkpWorldViewerBase, hkReferencedObject, hkBaseObject, hkProcess, hkpPhysicsContextWorldListener, hkpEntityListener, hkpWorldPostSimulationListener
hkpConvexRadiusViewer		False	0x8211A2A4	hkpConvexRadiusViewer, hkpWorldViewerBase, hkReferencedObject, hkBaseObject, hkProcess, hkpPhysicsContextWorldListener, hkpEntityListener, hkpWorldPostSimulationListener
hkpConvexRadiusViewer		False	0x8211A294	hkpConvexRadiusViewer, hkpWorldViewerBase, hkReferencedObject, hkBaseObject, hkProcess, hkpPhysicsContextWorldListener, hkpEntityListener, hkpWorldPostSimulationListener
hkpConvexRadiusViewer		False	0x8211A27C	hkpConvexRadiusViewer, hkpWorldViewerBase, hkReferencedObject, hkBaseObject, hkProcess, hkpPhysicsContextWorldListener, hkpEntityListener, hkpWorldPostSimulationListener
hkpConvexRadiusViewer		False	0x8211A26C	hkpConvexRadiusViewer, hkpWorldViewerBase, hkReferencedObject, hkBaseObject, hkProcess, hkpPhysicsContextWorldListener, hkpEntityListener, hkpWorldPostSimulationListener
hkpConvexTransformShape		False	0x82119954	hkpConvexTransformShape, hkpConvexShape, hkpSphereRepShape, hkpShape, hkReferencedObject, hkBaseObject
hkpConvexTranslateShape		False	0x8211E35C	hkpConvexTranslateShape, hkpConvexShape, hkpSphereRepShape, hkpShape, hkReferencedObject, hkBaseObject
hkpConvexVerticesConnectivity		False	0x8211E2FC	hkpConvexVerticesConnectivity, hkReferencedObject, hkBaseObject
hkpConvexVerticesShape		False	0x821198A4	hkpConvexVerticesShape, hkpConvexShape, hkpSphereRepShape, hkpShape, hkReferencedObject, hkBaseObject
hkpCylinderShape		False	0x821197E4	hkpCylinderShape, hkpConvexShape, hkpSphereRepShape, hkpShape, hkReferencedObject, hkBaseObject
hkpDashpotAction		False	0x821192EC	hkpDashpotAction, hkpBinaryAction, hkpAction, hkReferencedObject, hkBaseObject
hkpDefaultConvexListFilter		False	0x820CE034	hkpDefaultConvexListFilter, hkpConvexListFilter, hkReferencedObject, hkBaseObject
hkpDefaultToiResourceMgr		False	0x8211E8C4	hkpDefaultToiResourceMgr, hkpToiResourceMgr, hkReferencedObject, hkBaseObject
hkpDefaultWorldMaintenanceMgr		False	0x821169DC	hkpDefaultWorldMaintenanceMgr, hkpWorldMaintenanceMgr, hkReferencedObject, hkBaseObject
hkpDeferredConstraintOwner		False	0x8211E6C0	hkpDeferredConstraintOwner, hkpConstraintOwner, hkReferencedObject, hkBaseObject
hkpDisableEntityCollisionFilter		False	0x8211CE50	hkpDisableEntityCollisionFilter, hkpCollisionFilter, hkReferencedObject, hkBaseObject, hkpCollidableCollidableFilter, hkpShapeCollectionFilter, hkpRayShapeCollectionFilter, hkpRayCollidableFilter, hkpEntityListener
hkpDisableEntityCollisionFilter		False	0x8211CE40	hkpDisableEntityCollisionFilter, hkpCollisionFilter, hkReferencedObject, hkBaseObject, hkpCollidableCollidableFilter, hkpShapeCollectionFilter, hkpRayShapeCollectionFilter, hkpRayCollidableFilter, hkpEntityListener
hkpDisableEntityCollisionFilter		False	0x8211CE2C	hkpDisableEntityCollisionFilter, hkpCollisionFilter, hkReferencedObject, hkBaseObject, hkpCollidableCollidableFilter, hkpShapeCollectionFilter, hkpRayShapeCollectionFilter, hkpRayCollidableFilter, hkpEntityListener
hkpDisableEntityCollisionFilter		False	0x8211CE20	hkpDisableEntityCollisionFilter, hkpCollisionFilter, hkReferencedObject, hkBaseObject, hkpCollidableCollidableFilter, hkpShapeCollectionFilter, hkpRayShapeCollectionFilter, hkpRayCollidableFilter, hkpEntityListener
hkpDisableEntityCollisionFilter		False	0x8211CE14	hkpDisableEntityCollisionFilter, hkpCollisionFilter, hkReferencedObject, hkBaseObject, hkpCollidableCollidableFilter, hkpShapeCollectionFilter, hkpRayShapeCollectionFilter, hkpRayCollidableFilter, hkpEntityListener
hkpDisableEntityCollisionFilter		False	0x8211CDFC	hkpDisableEntityCollisionFilter, hkpCollisionFilter, hkReferencedObject, hkBaseObject, hkpCollidableCollidableFilter, hkpShapeCollectionFilter, hkpRayShapeCollectionFilter, hkpRayCollidableFilter, hkpEntityListener
hkpEntity		False	0x820CF22C	hkpEntity, hkpWorldObject, hkReferencedObject, hkBaseObject
hkpEntityActivationListener		False	0x8205E970	hkpEntityActivationListener
hkpEntityEntityBroadPhaseListener		False	0x82116C88	hkpEntityEntityBroadPhaseListener, hkReferencedObject, hkBaseObject, hkpBroadPhaseListener
hkpEntityEntityBroadPhaseListener		False	0x82116C78	hkpEntityEntityBroadPhaseListener, hkReferencedObject, hkBaseObject, hkpBroadPhaseListener
hkpEntityListener		False	0x82025404	hkpEntityListener
hkpExtendedMeshShape		False	0x821197A4	hkpExtendedMeshShape, hkpShapeCollection, hkpShape, hkReferencedObject, hkBaseObject, hkpShapeContainer
hkpExtendedMeshShape		False	0x82119780	hkpExtendedMeshShape, hkpShapeCollection, hkpShape, hkReferencedObject, hkBaseObject, hkpShapeContainer
hkpFakeRigidBodyDeactivator		False	0x8211DD10	hkpFakeRigidBodyDeactivator, hkpRigidBodyDeactivator, hkpEntityDeactivator, hkReferencedObject, hkBaseObject
hkpFastMeshShape		False	0x8211E1B4	hkpFastMeshShape, hkpMeshShape, hkpShapeCollection, hkpShape, hkReferencedObject, hkBaseObject, hkpShapeContainer
hkpFastMeshShape		False	0x8211E190	hkpFastMeshShape, hkpMeshShape, hkpShapeCollection, hkpShape, hkReferencedObject, hkBaseObject, hkpShapeContainer
hkpFixedBufferCdPointCollector		False	0x82082CF8	hkpFixedBufferCdPointCollector, hkpCdPointCollector
hkpFixedRigidMotion		False	0x820CF06C	hkpFixedRigidMotion, hkpKeyframedRigidMotion, hkpMotion, hkReferencedObject, hkBaseObject
hkpFlagCdBodyPairCollector		False	0x82117E34	hkpFlagCdBodyPairCollector, hkpCdBodyPairCollector
hkpGenericConstraintData		False	0x82119460	hkpGenericConstraintData, hkpConstraintData, hkReferencedObject, hkBaseObject
hkpGroupCollisionFilter		False	0x8211CDD4	hkpGroupCollisionFilter, hkpCollisionFilter, hkReferencedObject, hkBaseObject, hkpCollidableCollidableFilter, hkpShapeCollectionFilter, hkpRayShapeCollectionFilter, hkpRayCollidableFilter
hkpGroupCollisionFilter		False	0x8211CDC8	hkpGroupCollisionFilter, hkpCollisionFilter, hkReferencedObject, hkBaseObject, hkpCollidableCollidableFilter, hkpShapeCollectionFilter, hkpRayShapeCollectionFilter, hkpRayCollidableFilter
hkpGroupCollisionFilter		False	0x8211CDBC	hkpGroupCollisionFilter, hkpCollisionFilter, hkReferencedObject, hkBaseObject, hkpCollidableCollidableFilter, hkpShapeCollectionFilter, hkpRayShapeCollectionFilter, hkpRayCollidableFilter
hkpGroupCollisionFilter		False	0x8211CDA8	hkpGroupCollisionFilter, hkpCollisionFilter, hkReferencedObject, hkBaseObject, hkpCollidableCollidableFilter, hkpShapeCollectionFilter, hkpRayShapeCollectionFilter, hkpRayCollidableFilter
hkpGroupCollisionFilter		False	0x8211CD9C	hkpGroupCollisionFilter, hkpCollisionFilter, hkReferencedObject, hkBaseObject, hkpCollidableCollidableFilter, hkpShapeCollectionFilter, hkpRayShapeCollectionFilter, hkpRayCollidableFilter
hkpGroupFilter		False	0x8211E17C	hkpGroupFilter, hkpCollisionFilter, hkReferencedObject, hkBaseObject, hkpCollidableCollidableFilter, hkpShapeCollectionFilter, hkpRayShapeCollectionFilter, hkpRayCollidableFilter
hkpGroupFilter		False	0x8211E170	hkpGroupFilter, hkpCollisionFilter, hkReferencedObject, hkBaseObject, hkpCollidableCollidableFilter, hkpShapeCollectionFilter, hkpRayShapeCollectionFilter, hkpRayCollidableFilter
hkpGroupFilter		False	0x8211E164	hkpGroupFilter, hkpCollisionFilter, hkReferencedObject, hkBaseObject, hkpCollidableCollidableFilter, hkpShapeCollectionFilter, hkpRayShapeCollectionFilter, hkpRayCollidableFilter
hkpGroupFilter		False	0x8211E150	hkpGroupFilter, hkpCollisionFilter, hkReferencedObject, hkBaseObject, hkpCollidableCollidableFilter, hkpShapeCollectionFilter, hkpRayShapeCollectionFilter, hkpRayCollidableFilter
hkpGroupFilter		False	0x8211E144	hkpGroupFilter, hkpCollisionFilter, hkReferencedObject, hkBaseObject, hkpCollidableCollidableFilter, hkpShapeCollectionFilter, hkpRayShapeCollectionFilter, hkpRayCollidableFilter
hkpGskBaseAgent		False	0x8211F174	hkpGskBaseAgent, hkpIterativeLinearCastAgent, hkpCollisionAgent, hkReferencedObject, hkBaseObject
hkpGskfAgent		False	0x8211F1CC	hkpGskfAgent, hkpGskBaseAgent, hkpIterativeLinearCastAgent, hkpCollisionAgent, hkReferencedObject, hkBaseObject
hkpHeightFieldAgent		False	0x82117C84	hkpHeightFieldAgent, hkpCollisionAgent, hkReferencedObject, hkBaseObject
hkpHingeConstraintData		False	0x820D09BC	hkpHingeConstraintData, hkpConstraintData, hkReferencedObject, hkBaseObject
hkpHingeLimitsData		False	0x82119494	hkpHingeLimitsData, hkpConstraintData, hkReferencedObject, hkBaseObject
hkpInactiveContactPointViewer		False	0x8211A1C4	hkpInactiveContactPointViewer, hkpContactPointViewer, hkpWorldViewerBase, hkReferencedObject, hkBaseObject, hkProcess, hkpPhysicsContextWorldListener, hkpWorldPostSimulationListener
hkpInactiveContactPointViewer		False	0x8211A1A4	hkpInactiveContactPointViewer, hkpContactPointViewer, hkpWorldViewerBase, hkReferencedObject, hkBaseObject, hkProcess, hkpPhysicsContextWorldListener, hkpWorldPostSimulationListener
hkpInactiveContactPointViewer		False	0x8211A194	hkpInactiveContactPointViewer, hkpContactPointViewer, hkpWorldViewerBase, hkReferencedObject, hkBaseObject, hkProcess, hkpPhysicsContextWorldListener, hkpWorldPostSimulationListener
hkpInactiveContactPointViewer		False	0x8211A184	hkpInactiveContactPointViewer, hkpContactPointViewer, hkpWorldViewerBase, hkReferencedObject, hkBaseObject, hkProcess, hkpPhysicsContextWorldListener, hkpWorldPostSimulationListener
hkpIslandActivationListener		False	0x82042944	hkpIslandActivationListener
hkpKeyframedRigidMotion		False	0x82001FE4	hkpKeyframedRigidMotion, hkpMotion, hkReferencedObject, hkBaseObject
hkPlatformObjectWriter		False	0x8211FB94	hkPlatformObjectWriter, hkObjectWriter, hkReferencedObject, hkBaseObject
hkpLimitedForceConstraintMotor		False	0x821154AC	hkpLimitedForceConstraintMotor, hkpConstraintMotor, hkReferencedObject, hkBaseObject
hkpLimitedHingeConstraintData		False	0x820D00A8	hkpLimitedHingeConstraintData, hkpConstraintData, hkReferencedObject, hkBaseObject
hkpLinearParametricCurve		False	0x8211DCAC	hkpLinearParametricCurve, hkpParametricCurve, hkReferencedObject, hkBaseObject
hkpListAgent		False	0x82117F14	hkpListAgent, hkpCollisionAgent, hkReferencedObject, hkBaseObject
hkpListShape		False	0x821195A8	hkpListShape, hkpShapeCollection, hkpShape, hkReferencedObject, hkBaseObject, hkpShapeContainer
hkpListShape		False	0x82119584	hkpListShape, hkpShapeCollection, hkpShape, hkReferencedObject, hkBaseObject, hkpShapeContainer
hkpMalleableConstraintData		False	0x821154D8	hkpMalleableConstraintData, hkpConstraintData, hkReferencedObject, hkBaseObject
hkpMapPointsToSubShapeContactMgr		False	0x82117DA8	hkpMapPointsToSubShapeContactMgr, hkpContactMgr, hkReferencedObject, hkBaseObject
hkpMaxSizeMotion		False	0x820CEE5C	hkpMaxSizeMotion, hkpKeyframedRigidMotion, hkpMotion, hkReferencedObject, hkBaseObject
hkpMeshShape		False	0x8211F35C	hkpMeshShape, hkpShapeCollection, hkpShape, hkReferencedObject, hkBaseObject, hkpShapeContainer
hkpMeshShape		False	0x8211F338	hkpMeshShape, hkpShapeCollection, hkpShape, hkReferencedObject, hkBaseObject, hkpShapeContainer
hkpMidphaseViewer		False	0x8211A48C	hkpMidphaseViewer, hkpWorldViewerBase, hkReferencedObject, hkBaseObject, hkProcess, hkpPhysicsContextWorldListener, hkpWorldPostSimulationListener
hkpMidphaseViewer		False	0x8211A46C	hkpMidphaseViewer, hkpWorldViewerBase, hkReferencedObject, hkBaseObject, hkProcess, hkpPhysicsContextWorldListener, hkpWorldPostSimulationListener
hkpMidphaseViewer		False	0x8211A45C	hkpMidphaseViewer, hkpWorldViewerBase, hkReferencedObject, hkBaseObject, hkProcess, hkpPhysicsContextWorldListener, hkpWorldPostSimulationListener
hkpMidphaseViewer		False	0x8211A44C	hkpMidphaseViewer, hkpWorldViewerBase, hkReferencedObject, hkBaseObject, hkProcess, hkpPhysicsContextWorldListener, hkpWorldPostSimulationListener
hkpMoppAgent		False	0x82117B68	hkpMoppAgent, hkpBvTreeAgent, hkpCollisionAgent, hkReferencedObject, hkBaseObject
hkpMoppBvTreeShape		False	0x82119690	hkpMoppBvTreeShape, hkMoppBvTreeShapeBase, hkpBvTreeShape, hkpShape, hkReferencedObject, hkBaseObject
hkpMoppCachedShapeMediator		False	0x8211FD50	hkpMoppCachedShapeMediator, hkpMoppMediator, hkReferencedObject, hkBaseObject
hkpMoppCode		False	0x82024BD4	hkpMoppCode, hkReferencedObject, hkBaseObject
hkpMoppCodeGenerator		False	0x8212183C	hkpMoppCodeGenerator, hkReferencedObject, hkBaseObject
hkpMoppCostFunction		False	0x8211FD14	hkpMoppCostFunction, hkReferencedObject, hkBaseObject
hkpMoppDefaultAssembler		False	0x8212184C	hkpMoppDefaultAssembler, hkpMoppAssembler, hkReferencedObject, hkBaseObject
hkpMoppDefaultSplitter		False	0x82121890	hkpMoppDefaultSplitter, hkpMoppSplitter, hkpMoppNodeMgr, hkReferencedObject, hkBaseObject
hkpMoppModifier		False	0x8211E054	hkpMoppModifier
hkpMoppShapeMediator		False	0x8211FD24	hkpMoppShapeMediator, hkpMoppMediator, hkReferencedObject, hkBaseObject
hkpMotion		False	0x820CD94C	hkpMotion, hkReferencedObject, hkBaseObject
hkpMotorAction		False	0x821192C8	hkpMotorAction, hkpUnaryAction, hkpAction, hkReferencedObject, hkBaseObject
hkpMousePickingViewer		False	0x8211A00C	hkpMousePickingViewer, hkpWorldViewerBase, hkReferencedObject, hkBaseObject, hkProcess, hkpPhysicsContextWorldListener
hkpMousePickingViewer		False	0x82119FEC	hkpMousePickingViewer, hkpWorldViewerBase, hkReferencedObject, hkBaseObject, hkProcess, hkpPhysicsContextWorldListener
hkpMousePickingViewer		False	0x82119FDC	hkpMousePickingViewer, hkpWorldViewerBase, hkReferencedObject, hkBaseObject, hkProcess, hkpPhysicsContextWorldListener
hkpMouseSpringAction		False	0x820D05D0	hkpMouseSpringAction, hkpUnaryAction, hkpAction, hkReferencedObject, hkBaseObject
hkpMultiRayConvexAgent		False	0x82117FBC	hkpMultiRayConvexAgent, hkpIterativeLinearCastAgent, hkpCollisionAgent, hkReferencedObject, hkBaseObject
hkpMultiRayShape		False	0x8211C0B4	hkpMultiRayShape, hkpShape, hkReferencedObject, hkBaseObject
hkpMultiSphereAgent		False	0x821185BC	hkpMultiSphereAgent, hkpCollisionAgent, hkReferencedObject, hkBaseObject
hkpMultiSphereShape		False	0x82117218	hkpMultiSphereShape, hkpSphereRepShape, hkpShape, hkReferencedObject, hkBaseObject
hkpMultiSphereTriangleAgent		False	0x82118034	hkpMultiSphereTriangleAgent, hkpIterativeLinearCastAgent, hkpCollisionAgent, hkReferencedObject, hkBaseObject
hkpMultiThreadedSimulation		False	0x821163EC	hkpMultiThreadedSimulation, hkpContinuousSimulation, hkpSimulation, hkReferencedObject, hkBaseObject
hkpNullAgent		False	0x82116C3C	hkpNullAgent, hkpCollisionAgent, hkReferencedObject, hkBaseObject
hkpNullBroadPhaseListener		False	0x82116248	hkpNullBroadPhaseListener, hkReferencedObject, hkBaseObject, hkpBroadPhaseListener
hkpNullBroadPhaseListener		False	0x82116238	hkpNullBroadPhaseListener, hkReferencedObject, hkBaseObject, hkpBroadPhaseListener
hkpNullCollisionFilter		False	0x820CE024	hkpNullCollisionFilter, hkpCollisionFilter, hkReferencedObject, hkBaseObject, hkpCollidableCollidableFilter, hkpShapeCollectionFilter, hkpRayShapeCollectionFilter, hkpRayCollidableFilter
hkpNullCollisionFilter		False	0x820CE018	hkpNullCollisionFilter, hkpCollisionFilter, hkReferencedObject, hkBaseObject, hkpCollidableCollidableFilter, hkpShapeCollectionFilter, hkpRayShapeCollectionFilter, hkpRayCollidableFilter
hkpNullCollisionFilter		False	0x820CE00C	hkpNullCollisionFilter, hkpCollisionFilter, hkReferencedObject, hkBaseObject, hkpCollidableCollidableFilter, hkpShapeCollectionFilter, hkpRayShapeCollectionFilter, hkpRayCollidableFilter
hkpNullCollisionFilter		False	0x820CDFF8	hkpNullCollisionFilter, hkpCollisionFilter, hkReferencedObject, hkBaseObject, hkpCollidableCollidableFilter, hkpShapeCollectionFilter, hkpRayShapeCollectionFilter, hkpRayCollidableFilter
hkpNullCollisionFilter		False	0x820CDFEC	hkpNullCollisionFilter, hkpCollisionFilter, hkReferencedObject, hkBaseObject, hkpCollidableCollidableFilter, hkpShapeCollectionFilter, hkpRayShapeCollectionFilter, hkpRayCollidableFilter
hkpNullContactMgr		False	0x820CDEF4	hkpNullContactMgr, hkpContactMgr, hkReferencedObject, hkBaseObject
hkpNullContactMgrFactory		False	0x820CDFD8	hkpNullContactMgrFactory, hkpContactMgrFactory, hkReferencedObject, hkBaseObject
hkpPairwiseCollisionFilter		False	0x8211AEAC	hkpPairwiseCollisionFilter, hkpCollisionFilter, hkReferencedObject, hkBaseObject, hkpCollidableCollidableFilter, hkpShapeCollectionFilter, hkpRayShapeCollectionFilter, hkpRayCollidableFilter, hkpEntityListener
hkpPairwiseCollisionFilter		False	0x8211AE98	hkpPairwiseCollisionFilter, hkpCollisionFilter, hkReferencedObject, hkBaseObject, hkpCollidableCollidableFilter, hkpShapeCollectionFilter, hkpRayShapeCollectionFilter, hkpRayCollidableFilter, hkpEntityListener
hkpPairwiseCollisionFilter		False	0x8211AE84	hkpPairwiseCollisionFilter, hkpCollisionFilter, hkReferencedObject, hkBaseObject, hkpCollidableCollidableFilter, hkpShapeCollectionFilter, hkpRayShapeCollectionFilter, hkpRayCollidableFilter, hkpEntityListener
hkpPairwiseCollisionFilter		False	0x8211AE78	hkpPairwiseCollisionFilter, hkpCollisionFilter, hkReferencedObject, hkBaseObject, hkpCollidableCollidableFilter, hkpShapeCollectionFilter, hkpRayShapeCollectionFilter, hkpRayCollidableFilter, hkpEntityListener
hkpPairwiseCollisionFilter		False	0x8211AE6C	hkpPairwiseCollisionFilter, hkpCollisionFilter, hkReferencedObject, hkBaseObject, hkpCollidableCollidableFilter, hkpShapeCollectionFilter, hkpRayShapeCollectionFilter, hkpRayCollidableFilter, hkpEntityListener
hkpPairwiseCollisionFilter		False	0x8211AE54	hkpPairwiseCollisionFilter, hkpCollisionFilter, hkReferencedObject, hkBaseObject, hkpCollidableCollidableFilter, hkpShapeCollectionFilter, hkpRayShapeCollectionFilter, hkpRayCollidableFilter, hkpEntityListener
hkpPhantom		False	0x820CF2B4	hkpPhantom, hkpWorldObject, hkReferencedObject, hkBaseObject
hkpPhantomAgent		False	0x82118410	hkpPhantomAgent, hkpCollisionAgent, hkReferencedObject, hkBaseObject
hkpPhantomBroadPhaseListener		False	0x820CDFA8	hkpPhantomBroadPhaseListener, hkReferencedObject, hkBaseObject, hkpBroadPhaseListener
hkpPhantomBroadPhaseListener		False	0x820CDF98	hkpPhantomBroadPhaseListener, hkReferencedObject, hkBaseObject, hkpBroadPhaseListener
hkpPhantomDisplayViewer		False	0x82119F60	hkpPhantomDisplayViewer, hkpWorldViewerBase, hkReferencedObject, hkBaseObject, hkProcess, hkpPhysicsContextWorldListener, hkpPhantomListener, hkpWorldPostSimulationListener
hkpPhantomDisplayViewer		False	0x82119F40	hkpPhantomDisplayViewer, hkpWorldViewerBase, hkReferencedObject, hkBaseObject, hkProcess, hkpPhysicsContextWorldListener, hkpPhantomListener, hkpWorldPostSimulationListener
hkpPhantomDisplayViewer		False	0x82119F30	hkpPhantomDisplayViewer, hkpWorldViewerBase, hkReferencedObject, hkBaseObject, hkProcess, hkpPhysicsContextWorldListener, hkpPhantomListener, hkpWorldPostSimulationListener
hkpPhantomDisplayViewer		False	0x82119F18	hkpPhantomDisplayViewer, hkpWorldViewerBase, hkReferencedObject, hkBaseObject, hkProcess, hkpPhysicsContextWorldListener, hkpPhantomListener, hkpWorldPostSimulationListener
hkpPhantomDisplayViewer		False	0x82119F08	hkpPhantomDisplayViewer, hkpWorldViewerBase, hkReferencedObject, hkBaseObject, hkProcess, hkpPhysicsContextWorldListener, hkpPhantomListener, hkpWorldPostSimulationListener
hkpPhantomListener		False	0x82043120	hkpPhantomListener
hkpPhantomOverlapListener		False	0x82116A20	hkpPhantomOverlapListener
hkpPhysicsContext		False	0x82115378	hkpPhysicsContext, hkReferencedObject, hkBaseObject, hkProcessContext, hkpWorldDeletionListener, hkpEntityListener, hkpPhantomListener, hkpConstraintListener, hkpActionListener
hkpPhysicsContext		False	0x82115360	hkpPhysicsContext, hkReferencedObject, hkBaseObject, hkProcessContext, hkpWorldDeletionListener, hkpEntityListener, hkpPhantomListener, hkpConstraintListener, hkpActionListener
hkpPhysicsContext		False	0x82115348	hkpPhysicsContext, hkReferencedObject, hkBaseObject, hkProcessContext, hkpWorldDeletionListener, hkpEntityListener, hkpPhantomListener, hkpConstraintListener, hkpActionListener
hkpPhysicsContext		False	0x82115338	hkpPhysicsContext, hkReferencedObject, hkBaseObject, hkProcessContext, hkpWorldDeletionListener, hkpEntityListener, hkpPhantomListener, hkpConstraintListener, hkpActionListener
hkpPhysicsContext		False	0x8211532C	hkpPhysicsContext, hkReferencedObject, hkBaseObject, hkProcessContext, hkpWorldDeletionListener, hkpEntityListener, hkpPhantomListener, hkpConstraintListener, hkpActionListener
hkpPhysicsContext		False	0x8211531C	hkpPhysicsContext, hkReferencedObject, hkBaseObject, hkProcessContext, hkpWorldDeletionListener, hkpEntityListener, hkpPhantomListener, hkpConstraintListener, hkpActionListener
hkpPhysicsContext		False	0x8211530C	hkpPhysicsContext, hkReferencedObject, hkBaseObject, hkProcessContext, hkpWorldDeletionListener, hkpEntityListener, hkpPhantomListener, hkpConstraintListener, hkpActionListener
hkpPhysicsContextWorldListener		False	0x821200B0	hkpPhysicsContextWorldListener
hkpPhysicsData		False	0x82119148	hkpPhysicsData, hkReferencedObject, hkBaseObject
hkpPhysicsSystem		False	0x8211692C	hkpPhysicsSystem, hkReferencedObject, hkBaseObject
hkpPhysicsSystemWithContacts		False	0x821191BC	hkpPhysicsSystemWithContacts, hkpPhysicsSystem, hkReferencedObject, hkBaseObject
hkpPlaneShape		False	0x82119714	hkpPlaneShape, hkpHeightFieldShape, hkpShape, hkReferencedObject, hkBaseObject
hkpPointToPathConstraintData		False	0x8211DAF0	hkpPointToPathConstraintData, hkpConstraintData, hkReferencedObject, hkBaseObject
hkpPointToPlaneConstraintData		False	0x8211BA00	hkpPointToPlaneConstraintData, hkpConstraintData, hkReferencedObject, hkBaseObject
hkpPositionConstraintMotor		False	0x821154C4	hkpPositionConstraintMotor, hkpLimitedForceConstraintMotor, hkpConstraintMotor, hkReferencedObject, hkBaseObject
hkpPoweredChainData		False	0x82120DC0	hkpPoweredChainData, hkpConstraintChainData, hkpConstraintData, hkReferencedObject, hkBaseObject
hkpPoweredChainMapper		False	0x8211ADFC	hkpPoweredChainMapper, hkReferencedObject, hkBaseObject
hkpPredGskfAgent		False	0x82117DF8	hkpPredGskfAgent, hkpGskfAgent, hkpGskBaseAgent, hkpIterativeLinearCastAgent, hkpCollisionAgent, hkReferencedObject, hkBaseObject
hkpPrismaticConstraintData		False	0x82119414	hkpPrismaticConstraintData, hkpConstraintData, hkReferencedObject, hkBaseObject
hkpPulleyConstraintData		False	0x8211B69C	hkpPulleyConstraintData, hkpConstraintData, hkReferencedObject, hkBaseObject
hkpRagdollConstraintData		False	0x82115458	hkpRagdollConstraintData, hkpConstraintData, hkReferencedObject, hkBaseObject
hkpRagdollLimitsData		False	0x821193E0	hkpRagdollLimitsData, hkpConstraintData, hkReferencedObject, hkBaseObject
hkpRayCollidableFilter		False	0x820CDF54	hkpRayCollidableFilter
hkpRayHitCollector		False	0x820167C4	hkpRayHitCollector
hkpRayShapeCollectionFilter		False	0x820CDF74	hkpRayShapeCollectionFilter
hkpRemoveTerminalsMoppModifier		False	0x8211E074	hkpRemoveTerminalsMoppModifier, hkReferencedObject, hkBaseObject, hkpMoppModifier
hkpRemoveTerminalsMoppModifier		False	0x8211E064	hkpRemoveTerminalsMoppModifier, hkReferencedObject, hkBaseObject, hkpMoppModifier
hkpReorientAction		False	0x8211CC0C	hkpReorientAction, hkpUnaryAction, hkpAction, hkReferencedObject, hkBaseObject
hkpReportContactMgr		False	0x821166BC	hkpReportContactMgr, hkpDynamicsContactMgr, hkpContactMgr, hkReferencedObject, hkBaseObject
hkpRigidBody		False	0x820CF278	hkpRigidBody, hkpEntity, hkpWorldObject, hkReferencedObject, hkBaseObject
hkpRigidBodyCentreOfMassViewer		False	0x8211A430	hkpRigidBodyCentreOfMassViewer, hkpWorldViewerBase, hkReferencedObject, hkBaseObject, hkProcess, hkpPhysicsContextWorldListener, hkpEntityListener, hkpWorldPostSimulationListener
hkpRigidBodyCentreOfMassViewer		False	0x8211A410	hkpRigidBodyCentreOfMassViewer, hkpWorldViewerBase, hkReferencedObject, hkBaseObject, hkProcess, hkpPhysicsContextWorldListener, hkpEntityListener, hkpWorldPostSimulationListener
hkpRigidBodyCentreOfMassViewer		False	0x8211A400	hkpRigidBodyCentreOfMassViewer, hkpWorldViewerBase, hkReferencedObject, hkBaseObject, hkProcess, hkpPhysicsContextWorldListener, hkpEntityListener, hkpWorldPostSimulationListener
hkpRigidBodyCentreOfMassViewer		False	0x8211A3E8	hkpRigidBodyCentreOfMassViewer, hkpWorldViewerBase, hkReferencedObject, hkBaseObject, hkProcess, hkpPhysicsContextWorldListener, hkpEntityListener, hkpWorldPostSimulationListener
hkpRigidBodyCentreOfMassViewer		False	0x8211A3D8	hkpRigidBodyCentreOfMassViewer, hkpWorldViewerBase, hkReferencedObject, hkBaseObject, hkProcess, hkpPhysicsContextWorldListener, hkpEntityListener, hkpWorldPostSimulationListener
hkpRigidBodyInertiaViewer		False	0x8211A09C	hkpRigidBodyInertiaViewer, hkpWorldViewerBase, hkReferencedObject, hkBaseObject, hkProcess, hkpPhysicsContextWorldListener, hkpEntityListener, hkpWorldPostSimulationListener
hkpRigidBodyInertiaViewer		False	0x8211A07C	hkpRigidBodyInertiaViewer, hkpWorldViewerBase, hkReferencedObject, hkBaseObject, hkProcess, hkpPhysicsContextWorldListener, hkpEntityListener, hkpWorldPostSimulationListener
hkpRigidBodyInertiaViewer		False	0x8211A06C	hkpRigidBodyInertiaViewer, hkpWorldViewerBase, hkReferencedObject, hkBaseObject, hkProcess, hkpPhysicsContextWorldListener, hkpEntityListener, hkpWorldPostSimulationListener
hkpRigidBodyInertiaViewer		False	0x8211A054	hkpRigidBodyInertiaViewer, hkpWorldViewerBase, hkReferencedObject, hkBaseObject, hkProcess, hkpPhysicsContextWorldListener, hkpEntityListener, hkpWorldPostSimulationListener
hkpRigidBodyInertiaViewer		False	0x8211A044	hkpRigidBodyInertiaViewer, hkpWorldViewerBase, hkReferencedObject, hkBaseObject, hkProcess, hkpPhysicsContextWorldListener, hkpEntityListener, hkpWorldPostSimulationListener
hkProcess		False	0x82119A4C	hkProcess
hkProcessContext		False	0x821152FC	hkProcessContext
hkProcessFactory		False	0x8211FE8C	hkProcessFactory, hkReferencedObject, hkBaseObject, ?$hkSingleton@VhkProcessFactory
hkProcessHandler		False	0x82119A6C	hkProcessHandler
hkpRotationalConstraintData		False	0x8211B45C	hkpRotationalConstraintData, hkpConstraintData, hkReferencedObject, hkBaseObject
hkpSampledHeightFieldShape		False	0x821170BC	hkpSampledHeightFieldShape, hkpHeightFieldShape, hkpShape, hkReferencedObject, hkBaseObject
hkpSerializedAgentNnEntry		False	0x8211AC28	hkpSerializedAgentNnEntry, hkReferencedObject, hkBaseObject
hkpSerializedDisplayMarker		False	0x8211CB98	hkpSerializedDisplayMarker, hkReferencedObject, hkBaseObject
hkpSerializedDisplayMarkerList		False	0x8211CB70	hkpSerializedDisplayMarkerList, hkReferencedObject, hkBaseObject
hkpSerializedDisplayRbTransforms		False	0x8211AC80	hkpSerializedDisplayRbTransforms, hkReferencedObject, hkBaseObject
hkpShapeCollection		False	0x82116E60	hkpShapeCollection, hkpShape, hkReferencedObject, hkBaseObject, hkpShapeContainer
hkpShapeCollection		False	0x82116E3C	hkpShapeCollection, hkpShape, hkReferencedObject, hkBaseObject, hkpShapeContainer
hkpShapeCollectionAgent		False	0x82118580	hkpShapeCollectionAgent, hkpCollisionAgent, hkReferencedObject, hkBaseObject
hkpShapeCollectionFilter		False	0x820CDF60	hkpShapeCollectionFilter
hkpShapeContainer		False	0x820CF7EC	hkpShapeContainer
hkpShapeDisplayBuilder		False	0x82120158	hkpShapeDisplayBuilder, hkReferencedObject, hkBaseObject
hkpShapeDisplayViewer		False	0x82119EA4	hkpShapeDisplayViewer, hkpWorldViewerBase, hkReferencedObject, hkBaseObject, hkProcess, hkpPhysicsContextWorldListener, hkpEntityListener, hkpWorldPostSimulationListener
hkpShapeDisplayViewer		False	0x82119E84	hkpShapeDisplayViewer, hkpWorldViewerBase, hkReferencedObject, hkBaseObject, hkProcess, hkpPhysicsContextWorldListener, hkpEntityListener, hkpWorldPostSimulationListener
hkpShapeDisplayViewer		False	0x82119E74	hkpShapeDisplayViewer, hkpWorldViewerBase, hkReferencedObject, hkBaseObject, hkProcess, hkpPhysicsContextWorldListener, hkpEntityListener, hkpWorldPostSimulationListener
hkpShapeDisplayViewer		False	0x82119E5C	hkpShapeDisplayViewer, hkpWorldViewerBase, hkReferencedObject, hkBaseObject, hkProcess, hkpPhysicsContextWorldListener, hkpEntityListener, hkpWorldPostSimulationListener
hkpShapeDisplayViewer		False	0x82119E4C	hkpShapeDisplayViewer, hkpWorldViewerBase, hkReferencedObject, hkBaseObject, hkProcess, hkpPhysicsContextWorldListener, hkpEntityListener, hkpWorldPostSimulationListener
hkpShapePhantom		False	0x820CF2EC	hkpShapePhantom, hkpPhantom, hkpWorldObject, hkReferencedObject, hkBaseObject
hkpSimpleClosestContactCollector		False	0x82117E40	hkpSimpleClosestContactCollector, hkpCdPointCollector
hkpSimpleConstraintContactMgr		False	0x82116784	hkpSimpleConstraintContactMgr, hkpDynamicsContactMgr, hkpContactMgr, hkReferencedObject, hkBaseObject
hkpSimpleContactConstraintData		False	0x82116748	hkpSimpleContactConstraintData, hkpConstraintData, hkReferencedObject, hkBaseObject
hkpSimpleMeshShape		False	0x8211BFC8	hkpSimpleMeshShape, hkpShapeCollection, hkpShape, hkReferencedObject, hkBaseObject, hkpShapeContainer
hkpSimpleMeshShape		False	0x8211BFA4	hkpSimpleMeshShape, hkpShapeCollection, hkpShape, hkReferencedObject, hkBaseObject, hkpShapeContainer
hkpSimpleShapePhantom		False	0x82116DB4	hkpSimpleShapePhantom, hkpShapePhantom, hkpPhantom, hkpWorldObject, hkReferencedObject, hkBaseObject
hkpSimpleWorldRayCaster		False	0x820CE048	hkpSimpleWorldRayCaster, hkpBroadPhaseCastCollector
hkpSimulation		False	0x8211625C	hkpSimulation, hkReferencedObject, hkBaseObject
hkpSimulationIsland		False	0x821169BC	hkpSimulationIsland, hkpConstraintOwner, hkReferencedObject, hkBaseObject
hkpSimulationIslandViewer		False	0x82119DEC	hkpSimulationIslandViewer, hkpWorldViewerBase, hkReferencedObject, hkBaseObject, hkProcess, hkpPhysicsContextWorldListener, hkpWorldPostSimulationListener
hkpSimulationIslandViewer		False	0x82119DDC	hkpSimulationIslandViewer, hkpWorldViewerBase, hkReferencedObject, hkBaseObject, hkProcess, hkpPhysicsContextWorldListener, hkpWorldPostSimulationListener
hkpSimulationIslandViewer		False	0x82119DBC	hkpSimulationIslandViewer, hkpWorldViewerBase, hkReferencedObject, hkBaseObject, hkProcess, hkpPhysicsContextWorldListener, hkpWorldPostSimulationListener
hkpSimulationIslandViewer		False	0x82119DAC	hkpSimulationIslandViewer, hkpWorldViewerBase, hkReferencedObject, hkBaseObject, hkProcess, hkpPhysicsContextWorldListener, hkpWorldPostSimulationListener
hkpSingleShapeContainer		False	0x820CF820	hkpSingleShapeContainer, hkpShapeContainer
hkpSpatialRigidBodyDeactivator		False	0x8211621C	hkpSpatialRigidBodyDeactivator, hkpRigidBodyDeactivator, hkpEntityDeactivator, hkReferencedObject, hkBaseObject
hkpSphereBoxAgent		False	0x821181C4	hkpSphereBoxAgent, hkpIterativeLinearCastAgent, hkpCollisionAgent, hkReferencedObject, hkBaseObject
hkpSphereCapsuleAgent		False	0x821182CC	hkpSphereCapsuleAgent, hkpIterativeLinearCastAgent, hkpCollisionAgent, hkReferencedObject, hkBaseObject
hkpSphereMotion		False	0x820CEECC	hkpSphereMotion, hkpMotion, hkReferencedObject, hkBaseObject
hkpSphereShape		False	0x82115C94	hkpSphereShape, hkpConvexShape, hkpSphereRepShape, hkpShape, hkReferencedObject, hkBaseObject
hkpSphereSphereAgent		False	0x82118354	hkpSphereSphereAgent, hkpIterativeLinearCastAgent, hkpCollisionAgent, hkReferencedObject, hkBaseObject
hkpSphereTriangleAgent		False	0x82118248	hkpSphereTriangleAgent, hkpIterativeLinearCastAgent, hkpCollisionAgent, hkReferencedObject, hkBaseObject
hkpSpringAction		False	0x821192A4	hkpSpringAction, hkpBinaryAction, hkpAction, hkReferencedObject, hkBaseObject
hkpSpringDamperConstraintMotor		False	0x8211D9D8	hkpSpringDamperConstraintMotor, hkpLimitedForceConstraintMotor, hkpConstraintMotor, hkReferencedObject, hkBaseObject
hkpStabilizedBoxMotion		False	0x820CF004	hkpStabilizedBoxMotion, hkpBoxMotion, hkpMotion, hkReferencedObject, hkBaseObject
hkpStabilizedSphereMotion		False	0x820CEF34	hkpStabilizedSphereMotion, hkpSphereMotion, hkpMotion, hkReferencedObject, hkBaseObject
hkpStiffSpringChainData		False	0x82120D88	hkpStiffSpringChainData, hkpConstraintChainData, hkpConstraintData, hkReferencedObject, hkBaseObject
hkpStiffSpringConstraintData		False	0x821193AC	hkpStiffSpringConstraintData, hkpConstraintData, hkReferencedObject, hkBaseObject
hkpStorageExtendedMeshShape		False	0x82118AE8	hkpStorageExtendedMeshShape, hkpExtendedMeshShape, hkpShapeCollection, hkpShape, hkReferencedObject, hkBaseObject, hkpShapeContainer
hkpStorageExtendedMeshShape		False	0x82118AC4	hkpStorageExtendedMeshShape, hkpExtendedMeshShape, hkpShapeCollection, hkpShape, hkReferencedObject, hkBaseObject, hkpShapeContainer
hkpStorageMeshShape		False	0x82118DD0	hkpStorageMeshShape, hkpMeshShape, hkpShapeCollection, hkpShape, hkReferencedObject, hkBaseObject, hkpShapeContainer
hkpStorageMeshShape		False	0x82118DAC	hkpStorageMeshShape, hkpMeshShape, hkpShapeCollection, hkpShape, hkReferencedObject, hkBaseObject, hkpShapeContainer
hkpStorageSampledHeightFieldShape		False	0x8211898C	hkpStorageSampledHeightFieldShape, hkpSampledHeightFieldShape, hkpHeightFieldShape, hkpShape, hkReferencedObject, hkBaseObject
hkpSweptTransformDisplayViewer		False	0x82119CEC	hkpSweptTransformDisplayViewer, hkpWorldViewerBase, hkReferencedObject, hkBaseObject, hkProcess, hkpPhysicsContextWorldListener, hkpEntityListener, hkpWorldPostSimulationListener
hkpSweptTransformDisplayViewer		False	0x82119CCC	hkpSweptTransformDisplayViewer, hkpWorldViewerBase, hkReferencedObject, hkBaseObject, hkProcess, hkpPhysicsContextWorldListener, hkpEntityListener, hkpWorldPostSimulationListener
hkpSweptTransformDisplayViewer		False	0x82119CBC	hkpSweptTransformDisplayViewer, hkpWorldViewerBase, hkReferencedObject, hkBaseObject, hkProcess, hkpPhysicsContextWorldListener, hkpEntityListener, hkpWorldPostSimulationListener
hkpSweptTransformDisplayViewer		False	0x82119CA4	hkpSweptTransformDisplayViewer, hkpWorldViewerBase, hkReferencedObject, hkBaseObject, hkProcess, hkpPhysicsContextWorldListener, hkpEntityListener, hkpWorldPostSimulationListener
hkpSweptTransformDisplayViewer		False	0x82119C94	hkpSweptTransformDisplayViewer, hkpWorldViewerBase, hkReferencedObject, hkBaseObject, hkProcess, hkpPhysicsContextWorldListener, hkpEntityListener, hkpWorldPostSimulationListener
hkpSymmetricAgentFlipBodyCollector		False	0x82117A54	hkpSymmetricAgentFlipBodyCollector, hkpCdBodyPairCollector
hkpSymmetricAgentFlipCastCollector		False	0x82117A48	hkpSymmetricAgentFlipCastCollector, hkpCdPointCollector
hkpSymmetricAgentFlipCollector		False	0x82117A3C	hkpSymmetricAgentFlipCollector, hkpCdPointCollector
hkpThinBoxMotion		False	0x820CF0E4	hkpThinBoxMotion, hkpBoxMotion, hkpMotion, hkReferencedObject, hkBaseObject
hkpToiContactPointViewer		False	0x8211A144	hkpToiContactPointViewer, hkpWorldViewerBase, hkReferencedObject, hkBaseObject, hkProcess, hkpPhysicsContextWorldListener, hkpCollisionListener
hkpToiContactPointViewer		False	0x8211A134	hkpToiContactPointViewer, hkpWorldViewerBase, hkReferencedObject, hkBaseObject, hkProcess, hkpPhysicsContextWorldListener, hkpCollisionListener
hkpToiContactPointViewer		False	0x8211A114	hkpToiContactPointViewer, hkpWorldViewerBase, hkReferencedObject, hkBaseObject, hkProcess, hkpPhysicsContextWorldListener, hkpCollisionListener
hkpToiContactPointViewer		False	0x8211A0FC	hkpToiContactPointViewer, hkpWorldViewerBase, hkReferencedObject, hkBaseObject, hkProcess, hkpPhysicsContextWorldListener, hkpCollisionListener
hkpTransformAgent		False	0x82118468	hkpTransformAgent, hkpCollisionAgent, hkReferencedObject, hkBaseObject
hkpTransformShape		False	0x82117274	hkpTransformShape, hkpShape, hkReferencedObject, hkBaseObject
hkpTriangleShape		False	0x82117154	hkpTriangleShape, hkpConvexShape, hkpSphereRepShape, hkpShape, hkReferencedObject, hkBaseObject
hkpTriSampledHeightFieldBvTreeShape		False	0x82117198	hkpTriSampledHeightFieldBvTreeShape, hkpBvTreeShape, hkpShape, hkReferencedObject, hkBaseObject
hkpTriSampledHeightFieldCollection		False	0x82117128	hkpTriSampledHeightFieldCollection, hkpShapeCollection, hkpShape, hkReferencedObject, hkBaseObject, hkpShapeContainer
hkpTriSampledHeightFieldCollection		False	0x82117104	hkpTriSampledHeightFieldCollection, hkpShapeCollection, hkpShape, hkReferencedObject, hkBaseObject, hkpShapeContainer
hkpUnaryAction		False	0x821172CC	hkpUnaryAction, hkpAction, hkReferencedObject, hkBaseObject
hkpUserConvexRadiusBuilder		False	0x821202A4	hkpUserConvexRadiusBuilder, hkReferencedObject, hkBaseObject, ?$hkSingleton@VhkpUserConvexRadiusBuilder
hkpUserShapeDisplayBuilder		False	0x82120168	hkpUserShapeDisplayBuilder, hkReferencedObject, hkBaseObject, ?$hkSingleton@VhkpUserShapeDisplayBuilder
hkpUserShapePhantomTypeIdentifier		False	0x82119EF8	hkpUserShapePhantomTypeIdentifier, hkReferencedObject, hkBaseObject, ?$hkSingleton@VhkpUserShapePhantomTypeIdentifier
hkpVehicleViewer		False	0x82119C30	hkpVehicleViewer, hkpWorldViewerBase, hkReferencedObject, hkBaseObject, hkProcess, hkpPhysicsContextWorldListener, hkpActionListener, hkpWorldPostSimulationListener
hkpVehicleViewer		False	0x82119C10	hkpVehicleViewer, hkpWorldViewerBase, hkReferencedObject, hkBaseObject, hkProcess, hkpPhysicsContextWorldListener, hkpActionListener, hkpWorldPostSimulationListener
hkpVehicleViewer		False	0x82119C00	hkpVehicleViewer, hkpWorldViewerBase, hkReferencedObject, hkBaseObject, hkProcess, hkpPhysicsContextWorldListener, hkpActionListener, hkpWorldPostSimulationListener
hkpVehicleViewer		False	0x82119BF0	hkpVehicleViewer, hkpWorldViewerBase, hkReferencedObject, hkBaseObject, hkProcess, hkpPhysicsContextWorldListener, hkpActionListener, hkpWorldPostSimulationListener
hkpVehicleViewer		False	0x82119BE0	hkpVehicleViewer, hkpWorldViewerBase, hkReferencedObject, hkBaseObject, hkProcess, hkpPhysicsContextWorldListener, hkpActionListener, hkpWorldPostSimulationListener
hkpVelocityConstraintMotor		False	0x8211D994	hkpVelocityConstraintMotor, hkpLimitedForceConstraintMotor, hkpConstraintMotor, hkReferencedObject, hkBaseObject
hkpWheelConstraintData		False	0x82119378	hkpWheelConstraintData, hkpConstraintData, hkReferencedObject, hkBaseObject
hkpWorld		False	0x820CE350	hkpWorld, hkReferencedObject, hkBaseObject
hkpWorldCinfo		False	0x820CE604	hkpWorldCinfo, hkReferencedObject, hkBaseObject
hkpWorldDeletionListener		False	0x821152C4	hkpWorldDeletionListener
hkpWorldLinearCaster		False	0x820CE078	hkpWorldLinearCaster, hkpBroadPhaseCastCollector
hkpWorldMemoryViewer		False	0x82119BB0	hkpWorldMemoryViewer, hkpWorldViewerBase, hkReferencedObject, hkBaseObject, hkProcess, hkpPhysicsContextWorldListener
hkpWorldMemoryViewer		False	0x82119B90	hkpWorldMemoryViewer, hkpWorldViewerBase, hkReferencedObject, hkBaseObject, hkProcess, hkpPhysicsContextWorldListener
hkpWorldMemoryViewer		False	0x82119B80	hkpWorldMemoryViewer, hkpWorldViewerBase, hkReferencedObject, hkBaseObject, hkProcess, hkpPhysicsContextWorldListener
hkpWorldObject		False	0x820CF214	hkpWorldObject, hkReferencedObject, hkBaseObject
hkpWorldPostSimulationListener		False	0x82119BC4	hkpWorldPostSimulationListener
hkpWorldRayCaster		False	0x820CDF8C	hkpWorldRayCaster, hkpBroadPhaseCastCollector
hkpWorldSnapshotViewer		False	0x82119B60	hkpWorldSnapshotViewer, hkpWorldViewerBase, hkReferencedObject, hkBaseObject, hkProcess, hkpPhysicsContextWorldListener
hkpWorldSnapshotViewer		False	0x82119B40	hkpWorldSnapshotViewer, hkpWorldViewerBase, hkReferencedObject, hkBaseObject, hkProcess, hkpPhysicsContextWorldListener
hkpWorldSnapshotViewer		False	0x82119B30	hkpWorldSnapshotViewer, hkpWorldViewerBase, hkReferencedObject, hkBaseObject, hkProcess, hkpPhysicsContextWorldListener
hkpWorldViewerBase		False	0x821200F0	hkpWorldViewerBase, hkReferencedObject, hkBaseObject, hkProcess, hkpPhysicsContextWorldListener
hkpWorldViewerBase		False	0x821200D0	hkpWorldViewerBase, hkReferencedObject, hkBaseObject, hkProcess, hkpPhysicsContextWorldListener
hkpWorldViewerBase		False	0x821200C0	hkpWorldViewerBase, hkReferencedObject, hkBaseObject, hkProcess, hkpPhysicsContextWorldListener
hkReferencedObject		False	0x820248A8	hkReferencedObject, hkBaseObject
hkRenamedClassNameRegistry		False	0x82113338	hkRenamedClassNameRegistry, hkClassNameRegistry, hkReferencedObject, hkBaseObject
hkServerDebugDisplayHandler		False	0x8211FF80	hkServerDebugDisplayHandler, hkReferencedObject, hkBaseObject, hkDebugDisplayHandler
hkServerDebugDisplayHandler		False	0x8211FF34	hkServerDebugDisplayHandler, hkReferencedObject, hkBaseObject, hkDebugDisplayHandler
hkServerProcessHandler		False	0x82119ADC	hkServerProcessHandler, hkReferencedObject, hkBaseObject, hkProcessHandler, hkProcess
hkServerProcessHandler		False	0x82119ABC	hkServerProcessHandler, hkReferencedObject, hkBaseObject, hkProcessHandler, hkProcess
hkServerProcessHandler		False	0x82119A9C	hkServerProcessHandler, hkReferencedObject, hkBaseObject, hkProcessHandler, hkProcess
hkSocket		False	0x8211741C	hkSocket, hkReferencedObject, hkBaseObject
hkStackTracer		False	0x821173B0	hkStackTracer, hkReferencedObject, hkBaseObject
hkStaticClassNameRegistry		False	0x82117668	hkStaticClassNameRegistry, hkClassNameRegistry, hkReferencedObject, hkBaseObject
hkStatisticsCollector		False	0x82120100	hkStatisticsCollector
hkStatisticsCollectorClassListener		False	0x8211E600	hkStatisticsCollectorClassListener, hkReferencedObject, hkBaseObject, ?$hkSingleton@VhkStatisticsCollectorClassListener
hkStatisticsProcess		False	0x82120020	hkStatisticsProcess, hkReferencedObject, hkBaseObject, hkProcess
hkStatisticsProcess		False	0x82120000	hkStatisticsProcess, hkReferencedObject, hkBaseObject, hkProcess
hkStdioStreamReader		False	0x82117334	hkStdioStreamReader, hkSeekableStreamReader, hkStreamReader, hkReferencedObject, hkBaseObject
hkStdioStreamWriter		False	0x82117368	hkStdioStreamWriter, hkStreamWriter, hkReferencedObject, hkBaseObject
hkStreamStatisticsCollector		False	0x82120140	hkStreamStatisticsCollector, hkReferencedObject, hkBaseObject, hkStatisticsCollector
hkStreamStatisticsCollector		False	0x82120120	hkStreamStatisticsCollector, hkReferencedObject, hkBaseObject, hkStatisticsCollector
hkSubStreamWriter		False	0x821190F0	hkSubStreamWriter, hkStreamWriter, hkReferencedObject, hkBaseObject
hkThreadMemory		False	0x820CD278	hkThreadMemory
hkTraceStream		False	0x8211E61C	hkTraceStream, hkReferencedObject, hkBaseObject, ?$hkSingleton@VhkTraceStream
hkTypeInfoRegistry		False	0x82117630	hkTypeInfoRegistry, hkReferencedObject, hkBaseObject, ?$hkSingleton@VhkTypeInfoRegistry
hkVersionRegistry		False	0x821176B4	hkVersionRegistry, hkReferencedObject, hkBaseObject, ?$hkSingleton@VhkVersionRegistry
hkVisualDebugger		False	0x82115228	hkVisualDebugger, hkReferencedObject, hkBaseObject
hkVtableClassRegistry		False	0x82117650	hkVtableClassRegistry, hkReferencedObject, hkBaseObject, ?$hkSingleton@VhkVtableClassRegistry
hkWindowsSystemClock		False	0x8211FE58	hkWindowsSystemClock, hkSystemClock, hkReferencedObject, hkBaseObject, ?$hkSingleton@VhkSystemClock
hkXmlObjectReader		False	0x821216AC	hkXmlObjectReader, hkObjectReader, hkReferencedObject, hkBaseObject
hkXmlObjectWriter		False	0x8211F8DC	hkXmlObjectWriter, hkObjectWriter, hkReferencedObject, hkBaseObject
hkXmlPackfileReader		False	0x8211F554	hkXmlPackfileReader, hkPackfileReader, hkReferencedObject, hkBaseObject
hkXmlPackfileUpdateTracker		False	0x8211F5A0	hkXmlPackfileUpdateTracker, hkPackfileObjectUpdateTracker, hkObjectUpdateTracker, hkReferencedObject, hkBaseObject
hkXmlPackfileWriter		False	0x82118F88	hkXmlPackfileWriter, hkPackfileWriter, hkReferencedObject, hkBaseObject
hkXmlParser		False	0x8212160C	hkXmlParser, hkReferencedObject, hkBaseObject
HUDMainMenu		False	0x8206519C	HUDMainMenu, Menu
IBSAnimNoteReceiver		False	0x82018160	IBSAnimNoteReceiver
IdvFileError		False	0x820AB57C	IdvFileError, runtime_error@std, exception@stdext
ImageSpaceEffectParam		False	0x8201AB54	ImageSpaceEffectParam
ImageSpaceModifierInstance		False	0x82023C84	ImageSpaceModifierInstance, NiObject, NiRefObject, NiMemObject
ImageSpaceModifierInstanceDOF		False	0x82023DCC	ImageSpaceModifierInstanceDOF, ImageSpaceModifierInstanceTemp, ImageSpaceModifierInstance, NiObject, NiRefObject, NiMemObject
ImageSpaceModifierInstanceDRB		False	0x82023F0C	ImageSpaceModifierInstanceDRB, ImageSpaceModifierInstanceTemp, ImageSpaceModifierInstance, NiObject, NiRefObject, NiMemObject
ImageSpaceModifierInstanceForm		False	0x82023D24	ImageSpaceModifierInstanceForm, ImageSpaceModifierInstance, NiObject, NiRefObject, NiMemObject
ImageSpaceModifierInstanceRB		False	0x82023E6C	ImageSpaceModifierInstanceRB, ImageSpaceModifierInstanceTemp, ImageSpaceModifierInstance, NiObject, NiRefObject, NiMemObject
IMemoryHeap		False	0x82076724	IMemoryHeap
IMemoryManagerFile		False	0x82078164	IMemoryManagerFile
IngredientItem		True	0x8200B5C4	IngredientItem, MagicItemObject, TESBoundObject, TESObject, TESForm, BaseFormComponent, MagicItem, TESFullName, BaseFormComponent, EffectItemList, ?$BSSimpleList@PAVEffectItem, TESModelTextureSwap, TESModel, BaseFormComponent, TESIcon, TESTexture, BaseFormComponent, TESScriptableForm, BaseFormComponent, TESWeightForm, BaseFormComponent, BGSEquipType, BaseFormComponent, BGSDestructibleObjectForm, BaseFormComponent
IngredientItem		True	0x8200B5B0	IngredientItem, MagicItemObject, TESBoundObject, TESObject, TESForm, BaseFormComponent, MagicItem, TESFullName, BaseFormComponent, EffectItemList, ?$BSSimpleList@PAVEffectItem, TESModelTextureSwap, TESModel, BaseFormComponent, TESIcon, TESTexture, BaseFormComponent, TESScriptableForm, BaseFormComponent, TESWeightForm, BaseFormComponent, BGSEquipType, BaseFormComponent, BGSDestructibleObjectForm, BaseFormComponent
IngredientItem		True	0x8200B564	IngredientItem, MagicItemObject, TESBoundObject, TESObject, TESForm, BaseFormComponent, MagicItem, TESFullName, BaseFormComponent, EffectItemList, ?$BSSimpleList@PAVEffectItem, TESModelTextureSwap, TESModel, BaseFormComponent, TESIcon, TESTexture, BaseFormComponent, TESScriptableForm, BaseFormComponent, TESWeightForm, BaseFormComponent, BGSEquipType, BaseFormComponent, BGSDestructibleObjectForm, BaseFormComponent
IngredientItem		True	0x8200B54C	IngredientItem, MagicItemObject, TESBoundObject, TESObject, TESForm, BaseFormComponent, MagicItem, TESFullName, BaseFormComponent, EffectItemList, ?$BSSimpleList@PAVEffectItem, TESModelTextureSwap, TESModel, BaseFormComponent, TESIcon, TESTexture, BaseFormComponent, TESScriptableForm, BaseFormComponent, TESWeightForm, BaseFormComponent, BGSEquipType, BaseFormComponent, BGSDestructibleObjectForm, BaseFormComponent
IngredientItem		True	0x8200B528	IngredientItem, MagicItemObject, TESBoundObject, TESObject, TESForm, BaseFormComponent, MagicItem, TESFullName, BaseFormComponent, EffectItemList, ?$BSSimpleList@PAVEffectItem, TESModelTextureSwap, TESModel, BaseFormComponent, TESIcon, TESTexture, BaseFormComponent, TESScriptableForm, BaseFormComponent, TESWeightForm, BaseFormComponent, BGSEquipType, BaseFormComponent, BGSDestructibleObjectForm, BaseFormComponent
IngredientItem		True	0x8200B504	IngredientItem, MagicItemObject, TESBoundObject, TESObject, TESForm, BaseFormComponent, MagicItem, TESFullName, BaseFormComponent, EffectItemList, ?$BSSimpleList@PAVEffectItem, TESModelTextureSwap, TESModel, BaseFormComponent, TESIcon, TESTexture, BaseFormComponent, TESScriptableForm, BaseFormComponent, TESWeightForm, BaseFormComponent, BGSEquipType, BaseFormComponent, BGSDestructibleObjectForm, BaseFormComponent
IngredientItem		True	0x8200B4F0	IngredientItem, MagicItemObject, TESBoundObject, TESObject, TESForm, BaseFormComponent, MagicItem, TESFullName, BaseFormComponent, EffectItemList, ?$BSSimpleList@PAVEffectItem, TESModelTextureSwap, TESModel, BaseFormComponent, TESIcon, TESTexture, BaseFormComponent, TESScriptableForm, BaseFormComponent, TESWeightForm, BaseFormComponent, BGSEquipType, BaseFormComponent, BGSDestructibleObjectForm, BaseFormComponent
IngredientItem		True	0x8200B4DC	IngredientItem, MagicItemObject, TESBoundObject, TESObject, TESForm, BaseFormComponent, MagicItem, TESFullName, BaseFormComponent, EffectItemList, ?$BSSimpleList@PAVEffectItem, TESModelTextureSwap, TESModel, BaseFormComponent, TESIcon, TESTexture, BaseFormComponent, TESScriptableForm, BaseFormComponent, TESWeightForm, BaseFormComponent, BGSEquipType, BaseFormComponent, BGSDestructibleObjectForm, BaseFormComponent
IngredientItem		True	0x8200B4C8	IngredientItem, MagicItemObject, TESBoundObject, TESObject, TESForm, BaseFormComponent, MagicItem, TESFullName, BaseFormComponent, EffectItemList, ?$BSSimpleList@PAVEffectItem, TESModelTextureSwap, TESModel, BaseFormComponent, TESIcon, TESTexture, BaseFormComponent, TESScriptableForm, BaseFormComponent, TESWeightForm, BaseFormComponent, BGSEquipType, BaseFormComponent, BGSDestructibleObjectForm, BaseFormComponent
INIPrefSetting		False	0x82019374	INIPrefSetting, ?$SettingT@VINIPrefSettingCollection, Setting
INIPrefSettingCollection		False	0x8201933C	INIPrefSettingCollection, INISettingCollection, ?$SettingCollectionList@VSetting, ?$SettingCollection@VSetting
INISettingCollection		False	0x8200FA84	INISettingCollection, ?$SettingCollectionList@VSetting, ?$SettingCollection@VSetting
InitThread		False	0x82076C00	InitThread, BSThread
InterfacedClass		False	0x8200E9E0	InterfacedClass
InteriorCellNewReferencesMap		False	0x8207569C	InteriorCellNewReferencesMap, ?$NiTPointerMap@IPAV?$BSSimpleList@I, ?$NiTMapBase@V?$NiTPointerAllocator@I
IntSeenData		False	0x8207826C	IntSeenData, SeenData
InventoryMenu		False	0x82065AD4	InventoryMenu, Menu
InvisibilityEffect		False	0x8206E8BC	InvisibilityEffect, ValueModifierEffect, ActiveEffect
IOManager		False	0x820AE9F4	IOManager, ?$BSTaskManager@_J, ?$LockFreeMap@_JV?$NiPointer@V?$BSTask@_J, InterfacedClass
ios_base@std		False	0x820AB404	ios_base@std, ?$_Iosb@H@std
ItemModMenu		False	0x82065C54	ItemModMenu, Menu
length_error@std		False	0x8200FAC0	length_error@std, logic_error@std, exception@stdext
LevelUpMenu		False	0x82065D84	LevelUpMenu, Menu
LightEffect		False	0x8206E934	LightEffect, ActiveEffect
LimbConditionEffect		False	0x8206EA34	LimbConditionEffect, ValueModifierEffect, ActiveEffect
LipTask		False	0x8207B108	LipTask, QueuedFileEntry, QueuedFile, IOTask, ?$BSTask@_J
LoadedAreaBound		False	0x82042BA0	LoadedAreaBound, NiRefObject, NiMemObject
LoadedFile		False	0x8200EE44	LoadedFile, NiRefObject, NiMemObject
LoadedReferenceMap		False	0x82023A20	LoadedReferenceMap, ?$NiTMap@IPAVTESObjectREFR, ?$NiTMapBase@V?$DFALL@V?$NiTMapItem@IPAVTESObjectREFR
LoadingMenu		False	0x82065F64	LoadingMenu, Menu
LoadingMenuThread		False	0x82065ED4	LoadingMenuThread, BSThread
LockEffect		False	0x8206EAAC	LockEffect, ActiveEffect
LockFreeMapIterator@?$LockFreeMap@_JV?$NiPointer@V?$BSTask@_J		False	0x820AE890	LockFreeMapIterator@?$LockFreeMap@_JV?$NiPointer@V?$BSTask@_J
LockFreeMapIterator@?$LockFreeMap@IV?$NiPointer@VExteriorCellLoaderTask		False	0x82023AEC	LockFreeMapIterator@?$LockFreeMap@IV?$NiPointer@VExteriorCellLoaderTask
LockFreeMapIterator@?$LockFreeMap@PAVAnimIdle		False	0x8200EC90	LockFreeMapIterator@?$LockFreeMap@PAVAnimIdle
LockFreeMapIterator@?$LockFreeMap@PAVMobileObject		False	0x8207B144	LockFreeMapIterator@?$LockFreeMap@PAVMobileObject
LockFreeMapIterator@?$LockFreeMap@PAVPathingRequest		False	0x82061148	LockFreeMapIterator@?$LockFreeMap@PAVPathingRequest
LockFreeMapIterator@?$LockFreeMap@PAVTESObjectREFR		False	0x8200EC84	LockFreeMapIterator@?$LockFreeMap@PAVTESObjectREFR
LockFreeMapIterator@?$LockFreeMap@PAVTESObjectREFR		False	0x8200EC9C	LockFreeMapIterator@?$LockFreeMap@PAVTESObjectREFR
LockFreeMapIterator@?$LockFreeMap@PBDPAVKFModel		False	0x8200EC78	LockFreeMapIterator@?$LockFreeMap@PBDPAVKFModel
LockFreeMapIterator@?$LockFreeMap@PBDPAVModel		False	0x8200EC6C	LockFreeMapIterator@?$LockFreeMap@PBDPAVModel
LockFreeStringMapIterator@?$LockFreeStringMap@PAVKFModel		False	0x8200F1BC	LockFreeStringMapIterator@?$LockFreeStringMap@PAVKFModel, LockFreeMapIterator@?$LockFreeMap@PBDPAVKFModel
LockFreeStringMapIterator@?$LockFreeStringMap@PAVModel		False	0x8200F1B0	LockFreeStringMapIterator@?$LockFreeStringMap@PAVModel, LockFreeMapIterator@?$LockFreeMap@PBDPAVModel
LockPickMenu		False	0x8206636C	LockPickMenu, Menu
logic_error@std		False	0x8200FAB0	logic_error@std, exception@stdext
LoveTesterMenu		False	0x82063BEC	LoveTesterMenu, Menu
LowProcess		False	0x8207B2BC	LowProcess, BaseProcess
MagicBallProjectile		True	0x8206EB3C	MagicBallProjectile, MagicProjectile, MobileObject, TESObjectREFR, TESForm, BaseFormComponent, TESChildCell
MagicBallProjectile		True	0x8206EB30	MagicBallProjectile, MagicProjectile, MobileObject, TESObjectREFR, TESForm, BaseFormComponent, TESChildCell
MagicBoltProjectile		True	0x8206EEDC	MagicBoltProjectile, MagicProjectile, MobileObject, TESObjectREFR, TESForm, BaseFormComponent, TESChildCell
MagicBoltProjectile		True	0x8206EED0	MagicBoltProjectile, MagicProjectile, MobileObject, TESObjectREFR, TESForm, BaseFormComponent, TESChildCell
MagicCaster		False	0x8206F224	MagicCaster
MagicFogProjectile		True	0x8206F2D4	MagicFogProjectile, MagicProjectile, MobileObject, TESObjectREFR, TESForm, BaseFormComponent, TESChildCell
MagicFogProjectile		True	0x8206F2CC	MagicFogProjectile, MagicProjectile, MobileObject, TESObjectREFR, TESForm, BaseFormComponent, TESChildCell
MagicHitEffect		False	0x8206F60C	MagicHitEffect, BSTempEffect, NiObject, NiRefObject, NiMemObject
MagicItem		True	0x82009FE4	MagicItem, TESFullName, BaseFormComponent, EffectItemList, ?$BSSimpleList@PAVEffectItem
MagicItem		True	0x82009FD0	MagicItem, TESFullName, BaseFormComponent, EffectItemList, ?$BSSimpleList@PAVEffectItem
MagicItemForm		True	0x8200B384	MagicItemForm, TESForm, BaseFormComponent, MagicItem, TESFullName, BaseFormComponent, EffectItemList, ?$BSSimpleList@PAVEffectItem
MagicItemForm		True	0x8200B334	MagicItemForm, TESForm, BaseFormComponent, MagicItem, TESFullName, BaseFormComponent, EffectItemList, ?$BSSimpleList@PAVEffectItem
MagicItemForm		True	0x8200B31C	MagicItemForm, TESForm, BaseFormComponent, MagicItem, TESFullName, BaseFormComponent, EffectItemList, ?$BSSimpleList@PAVEffectItem
MagicItemObject		True	0x8200A094	MagicItemObject, TESBoundObject, TESObject, TESForm, BaseFormComponent, MagicItem, TESFullName, BaseFormComponent, EffectItemList, ?$BSSimpleList@PAVEffectItem
MagicItemObject		True	0x8200A044	MagicItemObject, TESBoundObject, TESObject, TESForm, BaseFormComponent, MagicItem, TESFullName, BaseFormComponent, EffectItemList, ?$BSSimpleList@PAVEffectItem
MagicItemObject		True	0x8200A030	MagicItemObject, TESBoundObject, TESObject, TESForm, BaseFormComponent, MagicItem, TESFullName, BaseFormComponent, EffectItemList, ?$BSSimpleList@PAVEffectItem
MagicModelHitEffect		False	0x8206F71C	MagicModelHitEffect, MagicHitEffect, BSTempEffect, NiObject, NiRefObject, NiMemObject
MagicProjectile		True	0x8206F834	MagicProjectile, MobileObject, TESObjectREFR, TESForm, BaseFormComponent, TESChildCell
MagicProjectile		True	0x8206F82C	MagicProjectile, MobileObject, TESObjectREFR, TESForm, BaseFormComponent, TESChildCell
MagicShaderHitEffect		False	0x8206FBCC	MagicShaderHitEffect, MagicHitEffect, BSTempEffect, NiObject, NiRefObject, NiMemObject
MagicSprayProjectile		True	0x8206FD14	MagicSprayProjectile, MagicProjectile, MobileObject, TESObjectREFR, TESForm, BaseFormComponent, TESChildCell
MagicSprayProjectile		True	0x8206FD0C	MagicSprayProjectile, MagicProjectile, MobileObject, TESObjectREFR, TESForm, BaseFormComponent, TESChildCell
MagicTarget		False	0x82070054	MagicTarget
MapMenu		False	0x82067304	MapMenu, Menu
MemoryManagerFile		False	0x8207817C	MemoryManagerFile, IMemoryManagerFile
Menu		False	0x820A66CC	Menu
MenuStringMap@Tile		False	0x820012D4	MenuStringMap@Tile, ?$NiTStringPointerMap@H, ?$NiTStringTemplateMap@V?$NiTPointerMap@PBDH, ?$NiTPointerMap@PBDH, ?$NiTMapBase@V?$NiTPointerAllocator@I
MeshSubpartStorage@hkpStorageExtendedMeshShape		False	0x82118B18	MeshSubpartStorage@hkpStorageExtendedMeshShape, hkReferencedObject, hkBaseObject
MessageHandler		False	0x820AE520	MessageHandler, BSCoreMessage
MessageMenu		False	0x8206742C	MessageMenu, Menu
MiddleHighProcess		False	0x8207BE8C	MiddleHighProcess, MiddleLowProcess, LowProcess, BaseProcess
MiddleLowProcess		False	0x8207C7DC	MiddleLowProcess, LowProcess, BaseProcess
MissileProjectile		True	0x82083A14	MissileProjectile, Projectile, MobileObject, TESObjectREFR, TESForm, BaseFormComponent, TESChildCell
MissileProjectile		True	0x82083A0C	MissileProjectile, Projectile, MobileObject, TESObjectREFR, TESForm, BaseFormComponent, TESChildCell
MobDialogueFlagResetter@?1??ResetDialogueFlags@Script		False	0x820303BC	MobDialogueFlagResetter@?1??ResetDialogueFlags@Script, MobIterOperator
MobileObject		True	0x8207D064	MobileObject, TESObjectREFR, TESForm, BaseFormComponent, TESChildCell
MobileObject		True	0x8207D05C	MobileObject, TESObjectREFR, TESForm, BaseFormComponent, TESChildCell
Moon		False	0x82043A7C	Moon, SkyObject
MovementTaskData		False	0x82079CAC	MovementTaskData, MobileObjectTaskletData, BSXenonTaskletData, BSTaskletData
MoviePlayer		False	0x820AE3CC	MoviePlayer
MtBroadPhaseBorderListener@hkpMultiThreadedSimulation		False	0x821163DC	MtBroadPhaseBorderListener@hkpMultiThreadedSimulation, hkpBroadPhaseListener
MtEntityEntityBroadPhaseListener@hkpMultiThreadedSimulation		False	0x821163BC	MtEntityEntityBroadPhaseListener@hkpMultiThreadedSimulation, hkpBroadPhaseListener
MtPhantomBroadPhaseListener@hkpMultiThreadedSimulation		False	0x821163CC	MtPhantomBroadPhaseListener@hkpMultiThreadedSimulation, hkpBroadPhaseListener
NamedEffectsList@StatsMenu		False	0x82063958	NamedEffectsList@StatsMenu, ?$BSSimpleList@PAVEffectSetting
NameFromAddress@hkXmlObjectWriter		False	0x82118F7C	NameFromAddress@hkXmlObjectWriter
NavMesh		True	0x8205D25C	NavMesh, TESForm, BaseFormComponent, TESChildCell, NiRefObject, NiMemObject
NavMesh		True	0x8205D254	NavMesh, TESForm, BaseFormComponent, TESChildCell, NiRefObject, NiMemObject
NavMesh		True	0x8205D248	NavMesh, TESForm, BaseFormComponent, TESChildCell, NiRefObject, NiMemObject
NavMeshInfoMap		True	0x8205E24C	NavMeshInfoMap, TESForm, BaseFormComponent
NavMeshInfoSearch		False	0x82000D74	NavMeshInfoSearch, ?$AStarSearch@PBVNavMeshInfo
NavMeshPOVSearch		False	0x8205DB3C	NavMeshPOVSearch, ?$AStarSearch@VNavMeshPOVSearchNode
NavMeshSearch		False	0x82000D84	NavMeshSearch, ?$AStarSearch@UNavMeshSearchNode
NavMeshSearchClosePoint		False	0x8205DD9C	NavMeshSearchClosePoint, ?$AStarSearch@UNavMeshSearchNode
NavMeshSearchFlee		False	0x8205DDD4	NavMeshSearchFlee, ?$AStarSearch@UNavMeshSearchNode
NavMeshSearchHide		False	0x8205DDFC	NavMeshSearchHide, NavMeshSearch, ?$AStarSearch@UNavMeshSearchNode
NavMeshSearchLOS		False	0x8205DE68	NavMeshSearchLOS, ?$AStarSearch@UNavMeshSearchNode
NavMeshSearchMaxCost		False	0x8205DE8C	NavMeshSearchMaxCost, NavMeshSearch, ?$AStarSearch@UNavMeshSearchNode
NavMeshSearchSLPoint		False	0x8205DF3C	NavMeshSearchSLPoint, NavMeshSearch, ?$AStarSearch@UNavMeshSearchNode
NearestHitCollector@?A0x44619379		False	0x821170A4	NearestHitCollector@?A0x44619379, hkpRayHitCollector
NiAdditionalGeometryData		False	0x82002694	NiAdditionalGeometryData, NiObject, NiRefObject, NiMemObject
NiAlphaProperty		False	0x820027C4	NiAlphaProperty, NiProperty, NiObjectNET, NiObject, NiRefObject, NiMemObject
NiBillboardNode		False	0x82005454	NiBillboardNode, NiNode, NiAVObject, NiObjectNET, NiObject, NiRefObject, NiMemObject
NiBinaryExtraData		False	0x82024954	NiBinaryExtraData, NiExtraData, NiObject, NiRefObject, NiMemObject
NiBSBoneLODController		False	0x820B0004	NiBSBoneLODController, NiTimeController, NiObject, NiRefObject, NiMemObject
NiColorData		False	0x82024424	NiColorData, NiObject, NiRefObject, NiMemObject
NiFloatData		False	0x82024394	NiFloatData, NiObject, NiRefObject, NiMemObject
NiFormArray		False	0x820293C8	NiFormArray, ?$NiTLargePrimitiveArray@PAVTESForm, ?$NiTLargeArray@PAVTESForm
NightEyeEffect		False	0x820701BC	NightEyeEffect, ValueModifierEffect, ActiveEffect
NiIntegerExtraData		False	0x820AECB4	NiIntegerExtraData, NiExtraData, NiObject, NiRefObject, NiMemObject
NiIntegersExtraData		False	0x820B0F74	NiIntegersExtraData, NiExtraData, NiObject, NiRefObject, NiMemObject
NiRefObject		False	0x8200E9EC	NiRefObject, NiMemObject
NiSkinInstance		False	0x8200227C	NiSkinInstance, NiObject, NiRefObject, NiMemObject
NiStencilProperty		False	0x8200272C	NiStencilProperty, NiProperty, NiObjectNET, NiObject, NiRefObject, NiMemObject
NiTask		False	0x8205BE4C	NiTask, NiObject, NiRefObject, NiMemObject
NonActorMagicCaster		False	0x820702C8	NonActorMagicCaster, BSExtraData, MagicCaster
NonActorMagicCaster		False	0x82070274	NonActorMagicCaster, BSExtraData, MagicCaster
NonActorMagicTarget		False	0x82070314	NonActorMagicTarget, BSExtraData, MagicTarget
NonActorMagicTarget		False	0x820702E0	NonActorMagicTarget, BSExtraData, MagicTarget
Normal		False	0x820AD690	Normal, SymGen, PosGen, Random
NumericIDBufferMap		False	0x820756DC	NumericIDBufferMap, ?$NiTPointerMap@IPAX, ?$NiTMapBase@V?$NiTPointerAllocator@I
ObjectListener@hkObjectInspector		False	0x8211F3B0	ObjectListener@hkObjectInspector
ObstacleData		False	0x8205ECD8	ObstacleData, NiRefObject, NiMemObject
ObstacleTaskData		False	0x8205EF9C	ObstacleTaskData, BSXenonTaskletData, BSTaskletData
ObstacleUndoData		False	0x8205E930	ObstacleUndoData, NiRefObject, NiMemObject
OpenEffect		False	0x82070334	OpenEffect, ActiveEffect
Option@StartMenu		False	0x820683E4	Option@StartMenu
OptionListBox@StartMenu		False	0x8206857C	OptionListBox@StartMenu, ?$ListBox@PAVOption@StartMenu, ListBoxBase, ?$BSSimpleList@PAU?$ListBoxItem@PAVOption@StartMenu
out_of_range@std		False	0x820AD554	out_of_range@std, logic_error@std, exception@stdext
PackageUpdateTaskData		False	0x82079C6C	PackageUpdateTaskData, MobileObjectTaskletData, BSXenonTaskletData, BSTaskletData
PackfileNameFromAddress@?A0x7118f91b		False	0x82118FB8	PackfileNameFromAddress@?A0x7118f91b, NameFromAddress@hkXmlObjectWriter
PackfileObjectsCollector@?A0x8ca33235		False	0x8211F41C	PackfileObjectsCollector@?A0x8ca33235, ObjectListener@hkObjectInspector
PackfilePointersMapListener@?A0x8ca33235		False	0x8211F3BC	PackfilePointersMapListener@?A0x8ca33235, ObjectListener@hkObjectInspector
ParalysisEffect		False	0x820703A4	ParalysisEffect, ValueModifierEffect, ActiveEffect
PathingAvoidNodeArray		False	0x82060B68	PathingAvoidNodeArray, ?$BSSimpleArrayRefCounted@VPathingAvoidNode, ?$BSSimpleArray@VPathingAvoidNode, NiRefObject, NiMemObject
PathingAvoidNodeArray		False	0x82060B5C	PathingAvoidNodeArray, ?$BSSimpleArrayRefCounted@VPathingAvoidNode, ?$BSSimpleArray@VPathingAvoidNode, NiRefObject, NiMemObject
PathingCoverLocation		False	0x8205F234	PathingCoverLocation, PathingLocation
PathingDebugGeometry		False	0x8205F66C	PathingDebugGeometry, NiRefObject, NiMemObject
PathingDebugGeometryData		False	0x820305A4	PathingDebugGeometryData, NiRefObject, NiMemObject
PathingLocation		False	0x8201CB64	PathingLocation
PathingLOSGridMap		False	0x820608C0	PathingLOSGridMap, NiRefObject, NiMemObject
PathingLOSMap		False	0x82060900	PathingLOSMap, NiRefObject, NiMemObject
PathingRequest		False	0x82001874	PathingRequest, NiRefObject, NiMemObject
PathingRequestClosePoint		False	0x82060B80	PathingRequestClosePoint, PathingRequest, NiRefObject, NiMemObject
PathingRequestCover		False	0x82060C14	PathingRequestCover, PathingRequest, NiRefObject, NiMemObject
PathingRequestCoveredMove		False	0x82060C4C	PathingRequestCoveredMove, PathingRequest, NiRefObject, NiMemObject
PathingRequestFlee		False	0x82060D6C	PathingRequestFlee, PathingRequest, NiRefObject, NiMemObject
PathingRequestHide		False	0x82060DE4	PathingRequestHide, PathingRequest, NiRefObject, NiMemObject
PathingRequestLOS		False	0x82060E6C	PathingRequestLOS, PathingRequest, NiRefObject, NiMemObject
PathingRequestOptimalLocation		False	0x82060E98	PathingRequestOptimalLocation, PathingRequest, NiRefObject, NiMemObject
PathingRequestSafeStraightLine		False	0x82060F28	PathingRequestSafeStraightLine, PathingRequestClosePoint, PathingRequest, NiRefObject, NiMemObject
PathingSearchRayCast		False	0x82060F64	PathingSearchRayCast
PathingSolution		False	0x82061094	PathingSolution, NiRefObject, NiMemObject
PathingTaskData		False	0x820612F4	PathingTaskData, BSXenonTaskletData, BSTaskletData
PathSmootherPOVSearch		False	0x82000D64	PathSmootherPOVSearch, ?$AStarSearch@VPathSmootherPOVNode
PatrolActorPackageData		False	0x82087238	PatrolActorPackageData, ActorPackageData
PlayerCharacter		True	0x82008E64	PlayerCharacter, Character, Actor, MobileObject, TESObjectREFR, TESForm, BaseFormComponent, TESChildCell, MagicCaster, MagicTarget, ActorValueOwner, CachedValuesOwner
PlayerCharacter		True	0x8207DB90	PlayerCharacter, Character, Actor, MobileObject, TESObjectREFR, TESForm, BaseFormComponent, TESChildCell, MagicCaster, MagicTarget, ActorValueOwner, CachedValuesOwner
PlayerCharacter		True	0x8207DB3C	PlayerCharacter, Character, Actor, MobileObject, TESObjectREFR, TESForm, BaseFormComponent, TESChildCell, MagicCaster, MagicTarget, ActorValueOwner, CachedValuesOwner
PlayerCharacter		True	0x8207DB08	PlayerCharacter, Character, Actor, MobileObject, TESObjectREFR, TESForm, BaseFormComponent, TESChildCell, MagicCaster, MagicTarget, ActorValueOwner, CachedValuesOwner
PlayerCharacter		True	0x8207DAD8	PlayerCharacter, Character, Actor, MobileObject, TESObjectREFR, TESForm, BaseFormComponent, TESChildCell, MagicCaster, MagicTarget, ActorValueOwner, CachedValuesOwner
PlayerCharacter		True	0x8207DA94	PlayerCharacter, Character, Actor, MobileObject, TESObjectREFR, TESForm, BaseFormComponent, TESChildCell, MagicCaster, MagicTarget, ActorValueOwner, CachedValuesOwner
PlayerMover		False	0x82001A5C	PlayerMover, ActorMover
PlayerNameEntryMenu		False	0x82067584	PlayerNameEntryMenu, Menu
PosGen		False	0x820AD668	PosGen, Random
Precipitation		False	0x82043AFC	Precipitation
Projectile		True	0x82083F24	Projectile, MobileObject, TESObjectREFR, TESForm, BaseFormComponent, TESChildCell
Projectile		True	0x82083F1C	Projectile, MobileObject, TESObjectREFR, TESForm, BaseFormComponent, TESChildCell
ProjectileListener		False	0x82084384	ProjectileListener, bhkCharacterController, bhkCharacterProxy, bhkSerializable, bhkRefObject, NiObject, NiRefObject, NiMemObject, hkpCharacterContext, hkReferencedObject, hkBaseObject, bhkCharacterListener, hkpCharacterProxyListener, hkpSurfaceInfo
ProjectileListener		False	0x82084374	ProjectileListener, bhkCharacterController, bhkCharacterProxy, bhkSerializable, bhkRefObject, NiObject, NiRefObject, NiMemObject, hkpCharacterContext, hkReferencedObject, hkBaseObject, bhkCharacterListener, hkpCharacterProxyListener, hkpSurfaceInfo
ProjectileListener		False	0x82084358	ProjectileListener, bhkCharacterController, bhkCharacterProxy, bhkSerializable, bhkRefObject, NiObject, NiRefObject, NiMemObject, hkpCharacterContext, hkReferencedObject, hkBaseObject, bhkCharacterListener, hkpCharacterProxyListener, hkpSurfaceInfo
QuantityMenu		False	0x82063904	QuantityMenu, Menu
QueuedAnimIdle		False	0x8200F050	QueuedAnimIdle, QueuedKF, QueuedFileEntry, QueuedFile, IOTask, ?$BSTask@_J
QueuedCharacter		False	0x8200F38C	QueuedCharacter, QueuedActor, QueuedReference, QueuedFile, IOTask, ?$BSTask@_J
QueuedChildren		False	0x820AEC10	QueuedChildren, ?$BSSimpleArray@V?$NiPointer@VQueuedFile
QueuedCreature		False	0x8200F3D4	QueuedCreature, QueuedActor, QueuedReference, QueuedFile, IOTask, ?$BSTask@_J
QueuedFaceGenFile		False	0x8200F17C	QueuedFaceGenFile, QueuedFileLoad, QueuedFileEntry, QueuedFile, IOTask, ?$BSTask@_J
QueuedFile		False	0x820AEB1C	QueuedFile, IOTask, ?$BSTask@_J
QueuedFileEntry		False	0x820AEB4C	QueuedFileEntry, QueuedFile, IOTask, ?$BSTask@_J
QueuedFileLoad		False	0x8200F124	QueuedFileLoad, QueuedFileEntry, QueuedFile, IOTask, ?$BSTask@_J
QueuedHead		False	0x8200F0B8	QueuedHead, QueuedFile, IOTask, ?$BSTask@_J
QueuedHelmet		False	0x8200F87C	QueuedHelmet, QueuedFile, IOTask, ?$BSTask@_J
QueuedKF		False	0x8200F01C	QueuedKF, QueuedFileEntry, QueuedFile, IOTask, ?$BSTask@_J
QueuedMagicItem		False	0x8200EBC4	QueuedMagicItem, QueuedFile, IOTask, ?$BSTask@_J
QueuedModel		False	0x8200EF74	QueuedModel, QueuedFileEntry, QueuedFile, IOTask, ?$BSTask@_J
QueuedParents		False	0x820AEC24	QueuedParents, ?$BSSimpleArray@V?$NiPointer@VQueuedFile
QueuedPlayer		False	0x8200F41C	QueuedPlayer, QueuedCharacter, QueuedActor, QueuedReference, QueuedFile, IOTask, ?$BSTask@_J
QueuedReference		False	0x8200F2FC	QueuedReference, QueuedFile, IOTask, ?$BSTask@_J
QueuedReplacementKF		False	0x8200F084	QueuedReplacementKF, QueuedKF, QueuedFileEntry, QueuedFile, IOTask, ?$BSTask@_J
QueuedReplacementKFList		False	0x8200E9F8	QueuedReplacementKFList, QueuedFile, IOTask, ?$BSTask@_J
QueuedTexture		False	0x8200EEB0	QueuedTexture, QueuedFileEntry, QueuedFile, IOTask, ?$BSTask@_J
QueuedTree		False	0x8200F344	QueuedTree, QueuedReference, QueuedFile, IOTask, ?$BSTask@_J
QueuedTreeBillboard		False	0x8200EFAC	QueuedTreeBillboard, QueuedTexture, QueuedFileEntry, QueuedFile, IOTask, ?$BSTask@_J
QueuedTreeModel		False	0x8200EFE4	QueuedTreeModel, QueuedModel, QueuedFileEntry, QueuedFile, IOTask, ?$BSTask@_J
RaceSexMenu		False	0x820677F4	RaceSexMenu, Menu
RadialTile		False	0x820A6A3C	RadialTile, TileImage, Tile
RadioConvTask		False	0x82070C14	RadioConvTask, QueuedFileEntry, QueuedFile, IOTask, ?$BSTask@_J
Random		False	0x820AD598	Random
ReaderAdapter@hkSocket		False	0x821173C0	ReaderAdapter@hkSocket, hkStreamReader, hkReferencedObject, hkBaseObject
ReanimateEffect		False	0x82070424	ReanimateEffect, ActiveEffect
ReferenceObstacleArray		False	0x8205ED10	ReferenceObstacleArray, NiRefObject, NiMemObject
RefValueAction@Tile		False	0x820A525C	RefValueAction@Tile, Action@Tile
RegSettingCollection		False	0x820770BC	RegSettingCollection, ?$SettingCollectionList@VSetting, ?$SettingCollection@VSetting
RepairMenu		False	0x82067B84	RepairMenu, Menu
RepairServicesMenu		False	0x82067DCC	RepairServicesMenu, Menu
Reset3DMobIterator		False	0x8203C7E4	Reset3DMobIterator, MobIterOperator
RotateNormalHitCollector@?A0x44619379		False	0x821170B0	RotateNormalHitCollector@?A0x44619379, hkpRayHitCollector
runtime_error@std		False	0x820AB4E8	runtime_error@std, exception@stdext
SandBoxActorPackageData		False	0x820875A8	SandBoxActorPackageData, ActorPackageData
SaveGameFile		False	0x82074BCC	SaveGameFile, BSFile, NiFile, NiBinaryStream
SceneGraph		False	0x82005664	SceneGraph, BSSceneGraph, NiNode, NiAVObject, NiObjectNET, NiObject, NiRefObject, NiMemObject
Script		True	0x8202CB4C	Script, TESForm, BaseFormComponent
ScriptEffect		False	0x82070524	ScriptEffect, ActiveEffect
SearchPackage		True	0x820875DC	SearchPackage, TESPackage, TESForm, BaseFormComponent
SeenData		False	0x8207824C	SeenData
Setting		False	0x8200A454	Setting
ShapeSubpartStorage@hkpStorageExtendedMeshShape		False	0x82118AB4	ShapeSubpartStorage@hkpStorageExtendedMeshShape, hkReferencedObject, hkBaseObject
ShieldEffect		False	0x82070594	ShieldEffect, ValueModifierEffect, ActiveEffect
Sky		False	0x82043C00	Sky
SkyObject		False	0x82043E2C	SkyObject
SkyTask		False	0x82043E4C	SkyTask, QueuedFileEntry, QueuedFile, IOTask, ?$BSTask@_J
SleepWaitMenu		False	0x82067E3C	SleepWaitMenu, Menu
SoftSystemColor@SystemColorManager		False	0x82000FE4	SoftSystemColor@SystemColorManager, SystemColor@SystemColorManager
SPECIALBookMenu		False	0x82063B9C	SPECIALBookMenu, Menu
SpecificItemCollector		False	0x820430B0	SpecificItemCollector, hkpClosestRayHitCollector, hkpRayHitCollector
SpectatorPackage		True	0x820877B4	SpectatorPackage, TESPackage, TESForm, BaseFormComponent
SpellItem		True	0x8200C1DC	SpellItem, MagicItemForm, TESForm, BaseFormComponent, MagicItem, TESFullName, BaseFormComponent, EffectItemList, ?$BSSimpleList@PAVEffectItem
SpellItem		True	0x8200C18C	SpellItem, MagicItemForm, TESForm, BaseFormComponent, MagicItem, TESFullName, BaseFormComponent, EffectItemList, ?$BSSimpleList@PAVEffectItem
SpellItem		True	0x8200C178	SpellItem, MagicItemForm, TESForm, BaseFormComponent, MagicItem, TESFullName, BaseFormComponent, EffectItemList, ?$BSSimpleList@PAVEffectItem
Stars		False	0x82043E98	Stars, SkyObject
StartElement@hkXmlParser		False	0x82121628	StartElement@hkXmlParser, Node@hkXmlParser, hkReferencedObject, hkBaseObject
StartMenu		False	0x820685A4	StartMenu, Menu
StatsMenu		False	0x82063C3C	StatsMenu, Menu
StatusDataList@StatsMenu		False	0x8200A984	StatusDataList@StatsMenu, ?$BSSimpleList@PAUEffectItemData
StatusEffectList@StatsMenu		False	0x82063960	StatusEffectList@StatsMenu, ?$BSSimpleList@PAUStatusEffect@StatsMenu
StringPool@?A0x025e5cfb		False	0x8211F544	StringPool@?A0x025e5cfb, hkReferencedObject, hkBaseObject
StringPool@hkRelocationInfo		False	0x82117910	StringPool@hkRelocationInfo, hkReferencedObject, hkBaseObject
SubpartStorage@hkpStorageMeshShape		False	0x82118DFC	SubpartStorage@hkpStorageMeshShape, hkReferencedObject, hkBaseObject
SummonCreatureEffect		False	0x82070614	SummonCreatureEffect, AssociatedItemEffect, ActiveEffect
Sun		False	0x82043F54	Sun, SkyObject
SunDamageEffect		False	0x820706FC	SunDamageEffect, ActiveEffect
SurgeryMenu		False	0x8206396C	SurgeryMenu, Menu
SystemColor@SystemColorManager		False	0x82062AEC	SystemColor@SystemColorManager
TargetEntry		False	0x82042630	TargetEntry, ?$bhkTTNode@VTESObjectREFR
TelekinesisEffect		False	0x8207076C	TelekinesisEffect, ValueModifierEffect, ActiveEffect
TeleportDoorSearch		False	0x82000D24	TeleportDoorSearch, ?$AStarSearch@UParentSpaceNode
TES		False	0x82010320	TES
TESActorBase		True	0x8203DF1C	TESActorBase, TESBoundAnimObject, TESBoundObject, TESObject, TESForm, BaseFormComponent, TESActorBaseData, BaseFormComponent, TESContainer, BaseFormComponent, BGSTouchSpellForm, BaseFormComponent, TESSpellList, BaseFormComponent, TESAIForm, BaseFormComponent, TESHealthForm, BaseFormComponent, TESAttributes, BaseFormComponent, TESAnimation, BaseFormComponent, TESFullName, BaseFormComponent, TESModel, BaseFormComponent, TESScriptableForm, BaseFormComponent, ActorValueOwner, BGSDestructibleObjectForm, BaseFormComponent
TESActorBase		True	0x8203DF08	TESActorBase, TESBoundAnimObject, TESBoundObject, TESObject, TESForm, BaseFormComponent, TESActorBaseData, BaseFormComponent, TESContainer, BaseFormComponent, BGSTouchSpellForm, BaseFormComponent, TESSpellList, BaseFormComponent, TESAIForm, BaseFormComponent, TESHealthForm, BaseFormComponent, TESAttributes, BaseFormComponent, TESAnimation, BaseFormComponent, TESFullName, BaseFormComponent, TESModel, BaseFormComponent, TESScriptableForm, BaseFormComponent, ActorValueOwner, BGSDestructibleObjectForm, BaseFormComponent
TESActorBase		True	0x8203DEF4	TESActorBase, TESBoundAnimObject, TESBoundObject, TESObject, TESForm, BaseFormComponent, TESActorBaseData, BaseFormComponent, TESContainer, BaseFormComponent, BGSTouchSpellForm, BaseFormComponent, TESSpellList, BaseFormComponent, TESAIForm, BaseFormComponent, TESHealthForm, BaseFormComponent, TESAttributes, BaseFormComponent, TESAnimation, BaseFormComponent, TESFullName, BaseFormComponent, TESModel, BaseFormComponent, TESScriptableForm, BaseFormComponent, ActorValueOwner, BGSDestructibleObjectForm, BaseFormComponent
TESActorBase		True	0x8203DED4	TESActorBase, TESBoundAnimObject, TESBoundObject, TESObject, TESForm, BaseFormComponent, TESActorBaseData, BaseFormComponent, TESContainer, BaseFormComponent, BGSTouchSpellForm, BaseFormComponent, TESSpellList, BaseFormComponent, TESAIForm, BaseFormComponent, TESHealthForm, BaseFormComponent, TESAttributes, BaseFormComponent, TESAnimation, BaseFormComponent, TESFullName, BaseFormComponent, TESModel, BaseFormComponent, TESScriptableForm, BaseFormComponent, ActorValueOwner, BGSDestructibleObjectForm, BaseFormComponent
TESActorBase		True	0x8203DD34	TESActorBase, TESBoundAnimObject, TESBoundObject, TESObject, TESForm, BaseFormComponent, TESActorBaseData, BaseFormComponent, TESContainer, BaseFormComponent, BGSTouchSpellForm, BaseFormComponent, TESSpellList, BaseFormComponent, TESAIForm, BaseFormComponent, TESHealthForm, BaseFormComponent, TESAttributes, BaseFormComponent, TESAnimation, BaseFormComponent, TESFullName, BaseFormComponent, TESModel, BaseFormComponent, TESScriptableForm, BaseFormComponent, ActorValueOwner, BGSDestructibleObjectForm, BaseFormComponent
TESActorBase		True	0x8203DD10	TESActorBase, TESBoundAnimObject, TESBoundObject, TESObject, TESForm, BaseFormComponent, TESActorBaseData, BaseFormComponent, TESContainer, BaseFormComponent, BGSTouchSpellForm, BaseFormComponent, TESSpellList, BaseFormComponent, TESAIForm, BaseFormComponent, TESHealthForm, BaseFormComponent, TESAttributes, BaseFormComponent, TESAnimation, BaseFormComponent, TESFullName, BaseFormComponent, TESModel, BaseFormComponent, TESScriptableForm, BaseFormComponent, ActorValueOwner, BGSDestructibleObjectForm, BaseFormComponent
TESActorBase		True	0x8203DCF8	TESActorBase, TESBoundAnimObject, TESBoundObject, TESObject, TESForm, BaseFormComponent, TESActorBaseData, BaseFormComponent, TESContainer, BaseFormComponent, BGSTouchSpellForm, BaseFormComponent, TESSpellList, BaseFormComponent, TESAIForm, BaseFormComponent, TESHealthForm, BaseFormComponent, TESAttributes, BaseFormComponent, TESAnimation, BaseFormComponent, TESFullName, BaseFormComponent, TESModel, BaseFormComponent, TESScriptableForm, BaseFormComponent, ActorValueOwner, BGSDestructibleObjectForm, BaseFormComponent
TESActorBase		True	0x8203DCE4	TESActorBase, TESBoundAnimObject, TESBoundObject, TESObject, TESForm, BaseFormComponent, TESActorBaseData, BaseFormComponent, TESContainer, BaseFormComponent, BGSTouchSpellForm, BaseFormComponent, TESSpellList, BaseFormComponent, TESAIForm, BaseFormComponent, TESHealthForm, BaseFormComponent, TESAttributes, BaseFormComponent, TESAnimation, BaseFormComponent, TESFullName, BaseFormComponent, TESModel, BaseFormComponent, TESScriptableForm, BaseFormComponent, ActorValueOwner, BGSDestructibleObjectForm, BaseFormComponent
TESActorBase		True	0x8203DCD0	TESActorBase, TESBoundAnimObject, TESBoundObject, TESObject, TESForm, BaseFormComponent, TESActorBaseData, BaseFormComponent, TESContainer, BaseFormComponent, BGSTouchSpellForm, BaseFormComponent, TESSpellList, BaseFormComponent, TESAIForm, BaseFormComponent, TESHealthForm, BaseFormComponent, TESAttributes, BaseFormComponent, TESAnimation, BaseFormComponent, TESFullName, BaseFormComponent, TESModel, BaseFormComponent, TESScriptableForm, BaseFormComponent, ActorValueOwner, BGSDestructibleObjectForm, BaseFormComponent
TESActorBase		True	0x8203DCA0	TESActorBase, TESBoundAnimObject, TESBoundObject, TESObject, TESForm, BaseFormComponent, TESActorBaseData, BaseFormComponent, TESContainer, BaseFormComponent, BGSTouchSpellForm, BaseFormComponent, TESSpellList, BaseFormComponent, TESAIForm, BaseFormComponent, TESHealthForm, BaseFormComponent, TESAttributes, BaseFormComponent, TESAnimation, BaseFormComponent, TESFullName, BaseFormComponent, TESModel, BaseFormComponent, TESScriptableForm, BaseFormComponent, ActorValueOwner, BGSDestructibleObjectForm, BaseFormComponent
TESActorBase		True	0x8203DC8C	TESActorBase, TESBoundAnimObject, TESBoundObject, TESObject, TESForm, BaseFormComponent, TESActorBaseData, BaseFormComponent, TESContainer, BaseFormComponent, BGSTouchSpellForm, BaseFormComponent, TESSpellList, BaseFormComponent, TESAIForm, BaseFormComponent, TESHealthForm, BaseFormComponent, TESAttributes, BaseFormComponent, TESAnimation, BaseFormComponent, TESFullName, BaseFormComponent, TESModel, BaseFormComponent, TESScriptableForm, BaseFormComponent, ActorValueOwner, BGSDestructibleObjectForm, BaseFormComponent
TESActorBase		True	0x8203DC68	TESActorBase, TESBoundAnimObject, TESBoundObject, TESObject, TESForm, BaseFormComponent, TESActorBaseData, BaseFormComponent, TESContainer, BaseFormComponent, BGSTouchSpellForm, BaseFormComponent, TESSpellList, BaseFormComponent, TESAIForm, BaseFormComponent, TESHealthForm, BaseFormComponent, TESAttributes, BaseFormComponent, TESAnimation, BaseFormComponent, TESFullName, BaseFormComponent, TESModel, BaseFormComponent, TESScriptableForm, BaseFormComponent, ActorValueOwner, BGSDestructibleObjectForm, BaseFormComponent
TESActorBase		True	0x8203DC54	TESActorBase, TESBoundAnimObject, TESBoundObject, TESObject, TESForm, BaseFormComponent, TESActorBaseData, BaseFormComponent, TESContainer, BaseFormComponent, BGSTouchSpellForm, BaseFormComponent, TESSpellList, BaseFormComponent, TESAIForm, BaseFormComponent, TESHealthForm, BaseFormComponent, TESAttributes, BaseFormComponent, TESAnimation, BaseFormComponent, TESFullName, BaseFormComponent, TESModel, BaseFormComponent, TESScriptableForm, BaseFormComponent, ActorValueOwner, BGSDestructibleObjectForm, BaseFormComponent
TESActorBase		True	0x8203DC40	TESActorBase, TESBoundAnimObject, TESBoundObject, TESObject, TESForm, BaseFormComponent, TESActorBaseData, BaseFormComponent, TESContainer, BaseFormComponent, BGSTouchSpellForm, BaseFormComponent, TESSpellList, BaseFormComponent, TESAIForm, BaseFormComponent, TESHealthForm, BaseFormComponent, TESAttributes, BaseFormComponent, TESAnimation, BaseFormComponent, TESFullName, BaseFormComponent, TESModel, BaseFormComponent, TESScriptableForm, BaseFormComponent, ActorValueOwner, BGSDestructibleObjectForm, BaseFormComponent
TESActorBaseData		False	0x820136B4	TESActorBaseData, BaseFormComponent
TESAIForm		False	0x820144AC	TESAIForm, BaseFormComponent
TESAmbushPackageData		False	0x8205B154	TESAmbushPackageData, TESPackageData
TESAmmo		True	0x8201D60C	TESAmmo, TESBoundObject, TESObject, TESForm, BaseFormComponent, TESFullName, BaseFormComponent, TESModelTextureSwap, TESModel, BaseFormComponent, TESIcon, TESTexture, BaseFormComponent, BGSMessageIcon, BaseFormComponent, TESValueForm, BaseFormComponent, BGSClipRoundsForm, BaseFormComponent, BGSDestructibleObjectForm, BaseFormComponent, BGSPickupPutdownSounds, BaseFormComponent
TESAmmo		True	0x8201D5F4	TESAmmo, TESBoundObject, TESObject, TESForm, BaseFormComponent, TESFullName, BaseFormComponent, TESModelTextureSwap, TESModel, BaseFormComponent, TESIcon, TESTexture, BaseFormComponent, BGSMessageIcon, BaseFormComponent, TESValueForm, BaseFormComponent, BGSClipRoundsForm, BaseFormComponent, BGSDestructibleObjectForm, BaseFormComponent, BGSPickupPutdownSounds, BaseFormComponent
TESAmmo		True	0x8201D5E0	TESAmmo, TESBoundObject, TESObject, TESForm, BaseFormComponent, TESFullName, BaseFormComponent, TESModelTextureSwap, TESModel, BaseFormComponent, TESIcon, TESTexture, BaseFormComponent, BGSMessageIcon, BaseFormComponent, TESValueForm, BaseFormComponent, BGSClipRoundsForm, BaseFormComponent, BGSDestructibleObjectForm, BaseFormComponent, BGSPickupPutdownSounds, BaseFormComponent
TESAmmo		True	0x8201D5BC	TESAmmo, TESBoundObject, TESObject, TESForm, BaseFormComponent, TESFullName, BaseFormComponent, TESModelTextureSwap, TESModel, BaseFormComponent, TESIcon, TESTexture, BaseFormComponent, BGSMessageIcon, BaseFormComponent, TESValueForm, BaseFormComponent, BGSClipRoundsForm, BaseFormComponent, BGSDestructibleObjectForm, BaseFormComponent, BGSPickupPutdownSounds, BaseFormComponent
TESAmmo		True	0x8201D598	TESAmmo, TESBoundObject, TESObject, TESForm, BaseFormComponent, TESFullName, BaseFormComponent, TESModelTextureSwap, TESModel, BaseFormComponent, TESIcon, TESTexture, BaseFormComponent, BGSMessageIcon, BaseFormComponent, TESValueForm, BaseFormComponent, BGSClipRoundsForm, BaseFormComponent, BGSDestructibleObjectForm, BaseFormComponent, BGSPickupPutdownSounds, BaseFormComponent
TESAmmo		True	0x8201D584	TESAmmo, TESBoundObject, TESObject, TESForm, BaseFormComponent, TESFullName, BaseFormComponent, TESModelTextureSwap, TESModel, BaseFormComponent, TESIcon, TESTexture, BaseFormComponent, BGSMessageIcon, BaseFormComponent, TESValueForm, BaseFormComponent, BGSClipRoundsForm, BaseFormComponent, BGSDestructibleObjectForm, BaseFormComponent, BGSPickupPutdownSounds, BaseFormComponent
TESAmmo		True	0x8201D564	TESAmmo, TESBoundObject, TESObject, TESForm, BaseFormComponent, TESFullName, BaseFormComponent, TESModelTextureSwap, TESModel, BaseFormComponent, TESIcon, TESTexture, BaseFormComponent, BGSMessageIcon, BaseFormComponent, TESValueForm, BaseFormComponent, BGSClipRoundsForm, BaseFormComponent, BGSDestructibleObjectForm, BaseFormComponent, BGSPickupPutdownSounds, BaseFormComponent
TESAmmo		True	0x8201D550	TESAmmo, TESBoundObject, TESObject, TESForm, BaseFormComponent, TESFullName, BaseFormComponent, TESModelTextureSwap, TESModel, BaseFormComponent, TESIcon, TESTexture, BaseFormComponent, BGSMessageIcon, BaseFormComponent, TESValueForm, BaseFormComponent, BGSClipRoundsForm, BaseFormComponent, BGSDestructibleObjectForm, BaseFormComponent, BGSPickupPutdownSounds, BaseFormComponent
TESAmmo		True	0x8201D53C	TESAmmo, TESBoundObject, TESObject, TESForm, BaseFormComponent, TESFullName, BaseFormComponent, TESModelTextureSwap, TESModel, BaseFormComponent, TESIcon, TESTexture, BaseFormComponent, BGSMessageIcon, BaseFormComponent, TESValueForm, BaseFormComponent, BGSClipRoundsForm, BaseFormComponent, BGSDestructibleObjectForm, BaseFormComponent, BGSPickupPutdownSounds, BaseFormComponent
TESAnimation		False	0x82014564	TESAnimation, BaseFormComponent
TESAnimGroup		False	0x8203D474	TESAnimGroup, NiRefObject, NiMemObject
TESArrowTargetListener		False	0x820430D4	TESArrowTargetListener, bhkArrowTargetListener, bhkEntityListener, hkpEntityListener
TESAttackDamageForm		False	0x8201457C	TESAttackDamageForm, BaseFormComponent
TESAttributes		False	0x82014598	TESAttributes, BaseFormComponent
TESBipedModelForm		False	0x820145E0	TESBipedModelForm, BaseFormComponent
TESBoundAnimObject		True	0x82020A64	TESBoundAnimObject, TESBoundObject, TESObject, TESForm, BaseFormComponent
TESBoundObject		True	0x820208DC	TESBoundObject, TESObject, TESForm, BaseFormComponent
TESBoundTreeObject		True	0x82020BE4	TESBoundTreeObject, TESBoundObject, TESObject, TESForm, BaseFormComponent
TESChildCell		False	0x820248B8	TESChildCell
TESClass		True	0x8203D86C	TESClass, TESForm, BaseFormComponent, TESFullName, BaseFormComponent, TESDescription, BaseFormComponent, TESTexture, BaseFormComponent, TESAttributes, BaseFormComponent
TESClass		True	0x8203D858	TESClass, TESForm, BaseFormComponent, TESFullName, BaseFormComponent, TESDescription, BaseFormComponent, TESTexture, BaseFormComponent, TESAttributes, BaseFormComponent
TESClass		True	0x8203D840	TESClass, TESForm, BaseFormComponent, TESFullName, BaseFormComponent, TESDescription, BaseFormComponent, TESTexture, BaseFormComponent, TESAttributes, BaseFormComponent
TESClass		True	0x8203D81C	TESClass, TESForm, BaseFormComponent, TESFullName, BaseFormComponent, TESDescription, BaseFormComponent, TESTexture, BaseFormComponent, TESAttributes, BaseFormComponent
TESClass		True	0x8203D808	TESClass, TESForm, BaseFormComponent, TESFullName, BaseFormComponent, TESDescription, BaseFormComponent, TESTexture, BaseFormComponent, TESAttributes, BaseFormComponent
TESClimate		True	0x8202409C	TESClimate, TESForm, BaseFormComponent
TESCombatStyle		True	0x8201D7B4	TESCombatStyle, TESForm, BaseFormComponent
TESContainer		False	0x820146F8	TESContainer, BaseFormComponent
TESCreature		False	0x8203E164	
TESCreature		False	0x8203E0F4	
TESCreature		False	0x8203E0DC	
TESCreature		False	0x8203E0C8	
TESCreature		False	0x8203E0A8	
TESCreature		False	0x8203E088	
TESCreature		False	0x8203E070	
TESCreature		False	0x8203E05C	
TESCreature		False	0x8203E038	
TESCreature		False	0x8203E024	
TESCreature		False	0x8203E010	
TESCreature		False	0x8203DFFC	
TESCreature		False	0x8203DFCC	
TESCreature		False	0x8203DFB8	
TESCreature		False	0x8203DFA0	
TESCreature		False	0x8203DF8C	
TESDescription		False	0x82014754	TESDescription, BaseFormComponent
TESDialoguePackageData		False	0x8205B17C	TESDialoguePackageData, TESPackageData
TESEatPackageData		False	0x8205B208	TESEatPackageData, TESPackageData
TESEffectShader		True	0x8201D984	TESEffectShader, TESForm, BaseFormComponent
TESEnchantableForm		False	0x82014778	TESEnchantableForm, BaseFormComponent
TESEscortPackageData		False	0x8205B230	TESEscortPackageData, TESPackageData
TESEyes		True	0x8203E3F4	TESEyes, TESForm, BaseFormComponent, TESFullName, BaseFormComponent, TESTexture, BaseFormComponent
TESEyes		True	0x8203E3DC	TESEyes, TESForm, BaseFormComponent, TESFullName, BaseFormComponent, TESTexture, BaseFormComponent
TESEyes		True	0x8203E3B8	TESEyes, TESForm, BaseFormComponent, TESFullName, BaseFormComponent, TESTexture, BaseFormComponent
TESFaction		True	0x8203E55C	TESFaction, TESForm, BaseFormComponent, TESFullName, BaseFormComponent, TESReactionForm, BaseFormComponent
TESFaction		True	0x8203E544	TESFaction, TESForm, BaseFormComponent, TESFullName, BaseFormComponent, TESReactionForm, BaseFormComponent
TESFaction		True	0x8203E530	TESFaction, TESForm, BaseFormComponent, TESFullName, BaseFormComponent, TESReactionForm, BaseFormComponent
TESFlora		True	0x8201DCD4	TESFlora, TESProduceForm, BaseFormComponent, TESObjectACTI, TESBoundAnimObject, TESBoundObject, TESObject, TESForm, BaseFormComponent, TESFullName, BaseFormComponent, TESModelTextureSwap, TESModel, BaseFormComponent, TESScriptableForm, BaseFormComponent, TESMagicTargetForm, BGSDestructibleObjectForm, BaseFormComponent, BGSOpenCloseForm
TESFlora		True	0x8201DB54	TESFlora, TESProduceForm, BaseFormComponent, TESObjectACTI, TESBoundAnimObject, TESBoundObject, TESObject, TESForm, BaseFormComponent, TESFullName, BaseFormComponent, TESModelTextureSwap, TESModel, BaseFormComponent, TESScriptableForm, BaseFormComponent, TESMagicTargetForm, BGSDestructibleObjectForm, BaseFormComponent, BGSOpenCloseForm
TESFlora		True	0x8201DB3C	TESFlora, TESProduceForm, BaseFormComponent, TESObjectACTI, TESBoundAnimObject, TESBoundObject, TESObject, TESForm, BaseFormComponent, TESFullName, BaseFormComponent, TESModelTextureSwap, TESModel, BaseFormComponent, TESScriptableForm, BaseFormComponent, TESMagicTargetForm, BGSDestructibleObjectForm, BaseFormComponent, BGSOpenCloseForm
TESFlora		True	0x8201DB18	TESFlora, TESProduceForm, BaseFormComponent, TESObjectACTI, TESBoundAnimObject, TESBoundObject, TESObject, TESForm, BaseFormComponent, TESFullName, BaseFormComponent, TESModelTextureSwap, TESModel, BaseFormComponent, TESScriptableForm, BaseFormComponent, TESMagicTargetForm, BGSDestructibleObjectForm, BaseFormComponent, BGSOpenCloseForm
TESFlora		True	0x8201DB04	TESFlora, TESProduceForm, BaseFormComponent, TESObjectACTI, TESBoundAnimObject, TESBoundObject, TESObject, TESForm, BaseFormComponent, TESFullName, BaseFormComponent, TESModelTextureSwap, TESModel, BaseFormComponent, TESScriptableForm, BaseFormComponent, TESMagicTargetForm, BGSDestructibleObjectForm, BaseFormComponent, BGSOpenCloseForm
TESFlora		True	0x8201DAF0	TESFlora, TESProduceForm, BaseFormComponent, TESObjectACTI, TESBoundAnimObject, TESBoundObject, TESObject, TESForm, BaseFormComponent, TESFullName, BaseFormComponent, TESModelTextureSwap, TESModel, BaseFormComponent, TESScriptableForm, BaseFormComponent, TESMagicTargetForm, BGSDestructibleObjectForm, BaseFormComponent, BGSOpenCloseForm
TESFlora		True	0x8201DAE0	TESFlora, TESProduceForm, BaseFormComponent, TESObjectACTI, TESBoundAnimObject, TESBoundObject, TESObject, TESForm, BaseFormComponent, TESFullName, BaseFormComponent, TESModelTextureSwap, TESModel, BaseFormComponent, TESScriptableForm, BaseFormComponent, TESMagicTargetForm, BGSDestructibleObjectForm, BaseFormComponent, BGSOpenCloseForm
TESFollowPackageData		False	0x8205B258	TESFollowPackageData, TESPackageData
TESForm		True	0x82014E6C	TESForm, BaseFormComponent
TESFullName		False	0x82009FBC	TESFullName, BaseFormComponent
TESFurniture		True	0x8201DDEC	TESFurniture, TESObjectACTI, TESBoundAnimObject, TESBoundObject, TESObject, TESForm, BaseFormComponent, TESFullName, BaseFormComponent, TESModelTextureSwap, TESModel, BaseFormComponent, TESScriptableForm, BaseFormComponent, TESMagicTargetForm, BGSDestructibleObjectForm, BaseFormComponent, BGSOpenCloseForm
TESFurniture		True	0x8201DDD4	TESFurniture, TESObjectACTI, TESBoundAnimObject, TESBoundObject, TESObject, TESForm, BaseFormComponent, TESFullName, BaseFormComponent, TESModelTextureSwap, TESModel, BaseFormComponent, TESScriptableForm, BaseFormComponent, TESMagicTargetForm, BGSDestructibleObjectForm, BaseFormComponent, BGSOpenCloseForm
TESFurniture		True	0x8201DDB0	TESFurniture, TESObjectACTI, TESBoundAnimObject, TESBoundObject, TESObject, TESForm, BaseFormComponent, TESFullName, BaseFormComponent, TESModelTextureSwap, TESModel, BaseFormComponent, TESScriptableForm, BaseFormComponent, TESMagicTargetForm, BGSDestructibleObjectForm, BaseFormComponent, BGSOpenCloseForm
TESFurniture		True	0x8201DD9C	TESFurniture, TESObjectACTI, TESBoundAnimObject, TESBoundObject, TESObject, TESForm, BaseFormComponent, TESFullName, BaseFormComponent, TESModelTextureSwap, TESModel, BaseFormComponent, TESScriptableForm, BaseFormComponent, TESMagicTargetForm, BGSDestructibleObjectForm, BaseFormComponent, BGSOpenCloseForm
TESFurniture		True	0x8201DD88	TESFurniture, TESObjectACTI, TESBoundAnimObject, TESBoundObject, TESObject, TESForm, BaseFormComponent, TESFullName, BaseFormComponent, TESModelTextureSwap, TESModel, BaseFormComponent, TESScriptableForm, BaseFormComponent, TESMagicTargetForm, BGSDestructibleObjectForm, BaseFormComponent, BGSOpenCloseForm
TESFurniture		True	0x8201DD78	TESFurniture, TESObjectACTI, TESBoundAnimObject, TESBoundObject, TESObject, TESForm, BaseFormComponent, TESFullName, BaseFormComponent, TESModelTextureSwap, TESModel, BaseFormComponent, TESScriptableForm, BaseFormComponent, TESMagicTargetForm, BGSDestructibleObjectForm, BaseFormComponent, BGSOpenCloseForm
TESGlobal		True	0x8202C4B4	TESGlobal, TESForm, BaseFormComponent
TESGrass		True	0x8201F22C	TESGrass, TESBoundObject, TESObject, TESForm, BaseFormComponent, TESModel, BaseFormComponent
TESGrass		True	0x8201F204	TESGrass, TESBoundObject, TESObject, TESForm, BaseFormComponent, TESModel, BaseFormComponent
TESHair		True	0x8203E6FC	TESHair, TESForm, BaseFormComponent, TESFullName, BaseFormComponent, TESModel, BaseFormComponent, TESTexture, BaseFormComponent
TESHair		True	0x8203E6E8	TESHair, TESForm, BaseFormComponent, TESFullName, BaseFormComponent, TESModel, BaseFormComponent, TESTexture, BaseFormComponent
TESHair		True	0x8203E6C4	TESHair, TESForm, BaseFormComponent, TESFullName, BaseFormComponent, TESModel, BaseFormComponent, TESTexture, BaseFormComponent
TESHair		True	0x8203E6A0	TESHair, TESForm, BaseFormComponent, TESFullName, BaseFormComponent, TESModel, BaseFormComponent, TESTexture, BaseFormComponent
TESHealthForm		False	0x820150FC	TESHealthForm, BaseFormComponent
TESIcon		False	0x82009C50	TESIcon, TESTexture, BaseFormComponent
TESIconTree		False	0x82022A1C	TESIconTree, TESTexture1024, TESTexture, BaseFormComponent
TESIdleForm		True	0x8203E8B4	TESIdleForm, TESForm, BaseFormComponent, TESModelAnim, TESModel, BaseFormComponent
TESIdleForm		True	0x8203E88C	TESIdleForm, TESForm, BaseFormComponent, TESModelAnim, TESModel, BaseFormComponent
TESImageSpace		True	0x8202424C	TESImageSpace, TESForm, BaseFormComponent
TESImageSpaceModifiableForm		False	0x82015144	TESImageSpaceModifiableForm, BaseFormComponent
TESImageSpaceModifier		True	0x82024754	TESImageSpaceModifier, TESForm, BaseFormComponent
TESKey		True	0x8201F514	TESKey, TESObjectMISC, TESBoundObject, TESObject, TESForm, BaseFormComponent, TESFullName, BaseFormComponent, TESModelTextureSwap, TESModel, BaseFormComponent, TESIcon, TESTexture, BaseFormComponent, TESScriptableForm, BaseFormComponent, TESValueForm, BaseFormComponent, TESWeightForm, BaseFormComponent, BGSDestructibleObjectForm, BaseFormComponent, BGSMessageIcon, BaseFormComponent, BGSPickupPutdownSounds, BaseFormComponent
TESKey		True	0x8201F4FC	TESKey, TESObjectMISC, TESBoundObject, TESObject, TESForm, BaseFormComponent, TESFullName, BaseFormComponent, TESModelTextureSwap, TESModel, BaseFormComponent, TESIcon, TESTexture, BaseFormComponent, TESScriptableForm, BaseFormComponent, TESValueForm, BaseFormComponent, TESWeightForm, BaseFormComponent, BGSDestructibleObjectForm, BaseFormComponent, BGSMessageIcon, BaseFormComponent, BGSPickupPutdownSounds, BaseFormComponent
TESKey		True	0x8201F4D8	TESKey, TESObjectMISC, TESBoundObject, TESObject, TESForm, BaseFormComponent, TESFullName, BaseFormComponent, TESModelTextureSwap, TESModel, BaseFormComponent, TESIcon, TESTexture, BaseFormComponent, TESScriptableForm, BaseFormComponent, TESValueForm, BaseFormComponent, TESWeightForm, BaseFormComponent, BGSDestructibleObjectForm, BaseFormComponent, BGSMessageIcon, BaseFormComponent, BGSPickupPutdownSounds, BaseFormComponent
TESKey		True	0x8201F4B4	TESKey, TESObjectMISC, TESBoundObject, TESObject, TESForm, BaseFormComponent, TESFullName, BaseFormComponent, TESModelTextureSwap, TESModel, BaseFormComponent, TESIcon, TESTexture, BaseFormComponent, TESScriptableForm, BaseFormComponent, TESValueForm, BaseFormComponent, TESWeightForm, BaseFormComponent, BGSDestructibleObjectForm, BaseFormComponent, BGSMessageIcon, BaseFormComponent, BGSPickupPutdownSounds, BaseFormComponent
TESKey		True	0x8201F4A0	TESKey, TESObjectMISC, TESBoundObject, TESObject, TESForm, BaseFormComponent, TESFullName, BaseFormComponent, TESModelTextureSwap, TESModel, BaseFormComponent, TESIcon, TESTexture, BaseFormComponent, TESScriptableForm, BaseFormComponent, TESValueForm, BaseFormComponent, TESWeightForm, BaseFormComponent, BGSDestructibleObjectForm, BaseFormComponent, BGSMessageIcon, BaseFormComponent, BGSPickupPutdownSounds, BaseFormComponent
TESKey		True	0x8201F480	TESKey, TESObjectMISC, TESBoundObject, TESObject, TESForm, BaseFormComponent, TESFullName, BaseFormComponent, TESModelTextureSwap, TESModel, BaseFormComponent, TESIcon, TESTexture, BaseFormComponent, TESScriptableForm, BaseFormComponent, TESValueForm, BaseFormComponent, TESWeightForm, BaseFormComponent, BGSDestructibleObjectForm, BaseFormComponent, BGSMessageIcon, BaseFormComponent, BGSPickupPutdownSounds, BaseFormComponent
TESKey		True	0x8201F46C	TESKey, TESObjectMISC, TESBoundObject, TESObject, TESForm, BaseFormComponent, TESFullName, BaseFormComponent, TESModelTextureSwap, TESModel, BaseFormComponent, TESIcon, TESTexture, BaseFormComponent, TESScriptableForm, BaseFormComponent, TESValueForm, BaseFormComponent, TESWeightForm, BaseFormComponent, BGSDestructibleObjectForm, BaseFormComponent, BGSMessageIcon, BaseFormComponent, BGSPickupPutdownSounds, BaseFormComponent
TESKey		True	0x8201F458	TESKey, TESObjectMISC, TESBoundObject, TESObject, TESForm, BaseFormComponent, TESFullName, BaseFormComponent, TESModelTextureSwap, TESModel, BaseFormComponent, TESIcon, TESTexture, BaseFormComponent, TESScriptableForm, BaseFormComponent, TESValueForm, BaseFormComponent, TESWeightForm, BaseFormComponent, BGSDestructibleObjectForm, BaseFormComponent, BGSMessageIcon, BaseFormComponent, BGSPickupPutdownSounds, BaseFormComponent
TESKey		True	0x8201F444	TESKey, TESObjectMISC, TESBoundObject, TESObject, TESForm, BaseFormComponent, TESFullName, BaseFormComponent, TESModelTextureSwap, TESModel, BaseFormComponent, TESIcon, TESTexture, BaseFormComponent, TESScriptableForm, BaseFormComponent, TESValueForm, BaseFormComponent, TESWeightForm, BaseFormComponent, BGSDestructibleObjectForm, BaseFormComponent, BGSMessageIcon, BaseFormComponent, BGSPickupPutdownSounds, BaseFormComponent
TESKey		True	0x8201F430	TESKey, TESObjectMISC, TESBoundObject, TESObject, TESForm, BaseFormComponent, TESFullName, BaseFormComponent, TESModelTextureSwap, TESModel, BaseFormComponent, TESIcon, TESTexture, BaseFormComponent, TESScriptableForm, BaseFormComponent, TESValueForm, BaseFormComponent, TESWeightForm, BaseFormComponent, BGSDestructibleObjectForm, BaseFormComponent, BGSMessageIcon, BaseFormComponent, BGSPickupPutdownSounds, BaseFormComponent
TESLandTexture		True	0x8202515C	TESLandTexture, TESForm, BaseFormComponent
TESLevCharacter		True	0x8201F6EC	TESLevCharacter, TESBoundAnimObject, TESBoundObject, TESObject, TESForm, BaseFormComponent, TESLeveledList, BaseFormComponent, TESModelTextureSwap, TESModel, BaseFormComponent
TESLevCharacter		True	0x8201F6C8	TESLevCharacter, TESBoundAnimObject, TESBoundObject, TESObject, TESForm, BaseFormComponent, TESLeveledList, BaseFormComponent, TESModelTextureSwap, TESModel, BaseFormComponent
TESLevCharacter		True	0x8201F6A4	TESLevCharacter, TESBoundAnimObject, TESBoundObject, TESObject, TESForm, BaseFormComponent, TESLeveledList, BaseFormComponent, TESModelTextureSwap, TESModel, BaseFormComponent
TESLevCreature		True	0x8201F98C	TESLevCreature, TESBoundObject, TESObject, TESForm, BaseFormComponent, TESLeveledList, BaseFormComponent, TESModelTextureSwap, TESModel, BaseFormComponent
TESLevCreature		True	0x8201F964	TESLevCreature, TESBoundObject, TESObject, TESForm, BaseFormComponent, TESLeveledList, BaseFormComponent, TESModelTextureSwap, TESModel, BaseFormComponent
TESLevCreature		True	0x8201F940	TESLevCreature, TESBoundObject, TESObject, TESForm, BaseFormComponent, TESLeveledList, BaseFormComponent, TESModelTextureSwap, TESModel, BaseFormComponent
TESLeveledList		False	0x8201524C	TESLeveledList, BaseFormComponent
TESLevItem		True	0x8201FC04	TESLevItem, TESBoundObject, TESObject, TESForm, BaseFormComponent, TESLeveledList, BaseFormComponent
TESLevItem		True	0x8201FBDC	TESLevItem, TESBoundObject, TESObject, TESForm, BaseFormComponent, TESLeveledList, BaseFormComponent
TESLevSpell		True	0x8201FDD4	TESLevSpell, TESBoundObject, TESObject, TESForm, BaseFormComponent, TESLeveledList, BaseFormComponent
TESLevSpell		True	0x8201FDB0	TESLevSpell, TESBoundObject, TESObject, TESForm, BaseFormComponent, TESLeveledList, BaseFormComponent
TESLoadScreen		True	0x8202C6B4	TESLoadScreen, TESForm, BaseFormComponent, TESTexture, BaseFormComponent, TESDescription, BaseFormComponent
TESLoadScreen		True	0x8202C68C	TESLoadScreen, TESForm, BaseFormComponent, TESTexture, BaseFormComponent, TESDescription, BaseFormComponent
TESLoadScreen		True	0x8202C674	TESLoadScreen, TESForm, BaseFormComponent, TESTexture, BaseFormComponent, TESDescription, BaseFormComponent
TESModel		False	0x820155B8	TESModel, BaseFormComponent
TESModelAnim		False	0x8203E844	TESModelAnim, TESModel, BaseFormComponent
TESModelList		False	0x82015630	TESModelList, BaseFormComponent
TESModelPSA		False	0x8203AA3C	TESModelPSA, TESModel, BaseFormComponent
TESModelRDT		False	0x820145BC	TESModelRDT, TESModel, BaseFormComponent
TESModelTextureSwap		False	0x82015678	TESModelTextureSwap, TESModel, BaseFormComponent
TESModelTree		False	0x82022914	TESModelTree, TESModel, BaseFormComponent
TESNPC		False	0x8203F504	
TESNPC		False	0x8203F494	
TESNPC		False	0x8203F47C	
TESNPC		False	0x8203F468	
TESNPC		False	0x8203F448	
TESNPC		False	0x8203F428	
TESNPC		False	0x8203F414	
TESNPC		False	0x8203F3FC	
TESNPC		False	0x8203F3E8	
TESNPC		False	0x8203F3D4	
TESNPC		False	0x8203F3B0	
TESNPC		False	0x8203F39C	
TESNPC		False	0x8203F36C	
TESNPC		False	0x8203F358	
TESNPC		False	0x8203F344	
TESObject		True	0x8202074C	TESObject, TESForm, BaseFormComponent
TESObjectACTI		True	0x82020FBC	TESObjectACTI, TESBoundAnimObject, TESBoundObject, TESObject, TESForm, BaseFormComponent, TESFullName, BaseFormComponent, TESModelTextureSwap, TESModel, BaseFormComponent, TESScriptableForm, BaseFormComponent, TESMagicTargetForm, BGSDestructibleObjectForm, BaseFormComponent, BGSOpenCloseForm
TESObjectACTI		True	0x82020FA4	TESObjectACTI, TESBoundAnimObject, TESBoundObject, TESObject, TESForm, BaseFormComponent, TESFullName, BaseFormComponent, TESModelTextureSwap, TESModel, BaseFormComponent, TESScriptableForm, BaseFormComponent, TESMagicTargetForm, BGSDestructibleObjectForm, BaseFormComponent, BGSOpenCloseForm
TESObjectACTI		True	0x82020F80	TESObjectACTI, TESBoundAnimObject, TESBoundObject, TESObject, TESForm, BaseFormComponent, TESFullName, BaseFormComponent, TESModelTextureSwap, TESModel, BaseFormComponent, TESScriptableForm, BaseFormComponent, TESMagicTargetForm, BGSDestructibleObjectForm, BaseFormComponent, BGSOpenCloseForm
TESObjectACTI		True	0x82020F6C	TESObjectACTI, TESBoundAnimObject, TESBoundObject, TESObject, TESForm, BaseFormComponent, TESFullName, BaseFormComponent, TESModelTextureSwap, TESModel, BaseFormComponent, TESScriptableForm, BaseFormComponent, TESMagicTargetForm, BGSDestructibleObjectForm, BaseFormComponent, BGSOpenCloseForm
TESObjectACTI		True	0x82020F58	TESObjectACTI, TESBoundAnimObject, TESBoundObject, TESObject, TESForm, BaseFormComponent, TESFullName, BaseFormComponent, TESModelTextureSwap, TESModel, BaseFormComponent, TESScriptableForm, BaseFormComponent, TESMagicTargetForm, BGSDestructibleObjectForm, BaseFormComponent, BGSOpenCloseForm
TESObjectACTI		True	0x82020F48	TESObjectACTI, TESBoundAnimObject, TESBoundObject, TESObject, TESForm, BaseFormComponent, TESFullName, BaseFormComponent, TESModelTextureSwap, TESModel, BaseFormComponent, TESScriptableForm, BaseFormComponent, TESMagicTargetForm, BGSDestructibleObjectForm, BaseFormComponent, BGSOpenCloseForm
TESObjectANIO		True	0x82021164	TESObjectANIO, TESForm, BaseFormComponent, TESModelTextureSwap, TESModel, BaseFormComponent
TESObjectANIO		True	0x82021140	TESObjectANIO, TESForm, BaseFormComponent, TESModelTextureSwap, TESModel, BaseFormComponent
TESObjectARMA		True	0x820213A4	TESObjectARMA, TESObjectARMO, TESBoundObject, TESObject, TESForm, BaseFormComponent, TESFullName, BaseFormComponent, TESScriptableForm, BaseFormComponent, TESEnchantableForm, BaseFormComponent, TESValueForm, BaseFormComponent, TESWeightForm, BaseFormComponent, TESHealthForm, BaseFormComponent, TESBipedModelForm, BaseFormComponent, BGSDestructibleObjectForm, BaseFormComponent, BGSEquipType, BaseFormComponent, BGSRepairItemList, BaseFormComponent, BGSBipedModelList, BaseFormComponent, BGSPickupPutdownSounds, BaseFormComponent
TESObjectARMA		True	0x82021390	TESObjectARMA, TESObjectARMO, TESBoundObject, TESObject, TESForm, BaseFormComponent, TESFullName, BaseFormComponent, TESScriptableForm, BaseFormComponent, TESEnchantableForm, BaseFormComponent, TESValueForm, BaseFormComponent, TESWeightForm, BaseFormComponent, TESHealthForm, BaseFormComponent, TESBipedModelForm, BaseFormComponent, BGSDestructibleObjectForm, BaseFormComponent, BGSEquipType, BaseFormComponent, BGSRepairItemList, BaseFormComponent, BGSBipedModelList, BaseFormComponent, BGSPickupPutdownSounds, BaseFormComponent
TESObjectARMA		True	0x8202137C	TESObjectARMA, TESObjectARMO, TESBoundObject, TESObject, TESForm, BaseFormComponent, TESFullName, BaseFormComponent, TESScriptableForm, BaseFormComponent, TESEnchantableForm, BaseFormComponent, TESValueForm, BaseFormComponent, TESWeightForm, BaseFormComponent, TESHealthForm, BaseFormComponent, TESBipedModelForm, BaseFormComponent, BGSDestructibleObjectForm, BaseFormComponent, BGSEquipType, BaseFormComponent, BGSRepairItemList, BaseFormComponent, BGSBipedModelList, BaseFormComponent, BGSPickupPutdownSounds, BaseFormComponent
TESObjectARMA		True	0x82021364	TESObjectARMA, TESObjectARMO, TESBoundObject, TESObject, TESForm, BaseFormComponent, TESFullName, BaseFormComponent, TESScriptableForm, BaseFormComponent, TESEnchantableForm, BaseFormComponent, TESValueForm, BaseFormComponent, TESWeightForm, BaseFormComponent, TESHealthForm, BaseFormComponent, TESBipedModelForm, BaseFormComponent, BGSDestructibleObjectForm, BaseFormComponent, BGSEquipType, BaseFormComponent, BGSRepairItemList, BaseFormComponent, BGSBipedModelList, BaseFormComponent, BGSPickupPutdownSounds, BaseFormComponent
TESObjectARMA		True	0x82021344	TESObjectARMA, TESObjectARMO, TESBoundObject, TESObject, TESForm, BaseFormComponent, TESFullName, BaseFormComponent, TESScriptableForm, BaseFormComponent, TESEnchantableForm, BaseFormComponent, TESValueForm, BaseFormComponent, TESWeightForm, BaseFormComponent, TESHealthForm, BaseFormComponent, TESBipedModelForm, BaseFormComponent, BGSDestructibleObjectForm, BaseFormComponent, BGSEquipType, BaseFormComponent, BGSRepairItemList, BaseFormComponent, BGSBipedModelList, BaseFormComponent, BGSPickupPutdownSounds, BaseFormComponent
TESObjectARMA		True	0x82021330	TESObjectARMA, TESObjectARMO, TESBoundObject, TESObject, TESForm, BaseFormComponent, TESFullName, BaseFormComponent, TESScriptableForm, BaseFormComponent, TESEnchantableForm, BaseFormComponent, TESValueForm, BaseFormComponent, TESWeightForm, BaseFormComponent, TESHealthForm, BaseFormComponent, TESBipedModelForm, BaseFormComponent, BGSDestructibleObjectForm, BaseFormComponent, BGSEquipType, BaseFormComponent, BGSRepairItemList, BaseFormComponent, BGSBipedModelList, BaseFormComponent, BGSPickupPutdownSounds, BaseFormComponent
TESObjectARMA		True	0x82021318	TESObjectARMA, TESObjectARMO, TESBoundObject, TESObject, TESForm, BaseFormComponent, TESFullName, BaseFormComponent, TESScriptableForm, BaseFormComponent, TESEnchantableForm, BaseFormComponent, TESValueForm, BaseFormComponent, TESWeightForm, BaseFormComponent, TESHealthForm, BaseFormComponent, TESBipedModelForm, BaseFormComponent, BGSDestructibleObjectForm, BaseFormComponent, BGSEquipType, BaseFormComponent, BGSRepairItemList, BaseFormComponent, BGSBipedModelList, BaseFormComponent, BGSPickupPutdownSounds, BaseFormComponent
TESObjectARMA		True	0x82021304	TESObjectARMA, TESObjectARMO, TESBoundObject, TESObject, TESForm, BaseFormComponent, TESFullName, BaseFormComponent, TESScriptableForm, BaseFormComponent, TESEnchantableForm, BaseFormComponent, TESValueForm, BaseFormComponent, TESWeightForm, BaseFormComponent, TESHealthForm, BaseFormComponent, TESBipedModelForm, BaseFormComponent, BGSDestructibleObjectForm, BaseFormComponent, BGSEquipType, BaseFormComponent, BGSRepairItemList, BaseFormComponent, BGSBipedModelList, BaseFormComponent, BGSPickupPutdownSounds, BaseFormComponent
TESObjectARMA		True	0x820212F0	TESObjectARMA, TESObjectARMO, TESBoundObject, TESObject, TESForm, BaseFormComponent, TESFullName, BaseFormComponent, TESScriptableForm, BaseFormComponent, TESEnchantableForm, BaseFormComponent, TESValueForm, BaseFormComponent, TESWeightForm, BaseFormComponent, TESHealthForm, BaseFormComponent, TESBipedModelForm, BaseFormComponent, BGSDestructibleObjectForm, BaseFormComponent, BGSEquipType, BaseFormComponent, BGSRepairItemList, BaseFormComponent, BGSBipedModelList, BaseFormComponent, BGSPickupPutdownSounds, BaseFormComponent
TESObjectARMA		True	0x820212DC	TESObjectARMA, TESObjectARMO, TESBoundObject, TESObject, TESForm, BaseFormComponent, TESFullName, BaseFormComponent, TESScriptableForm, BaseFormComponent, TESEnchantableForm, BaseFormComponent, TESValueForm, BaseFormComponent, TESWeightForm, BaseFormComponent, TESHealthForm, BaseFormComponent, TESBipedModelForm, BaseFormComponent, BGSDestructibleObjectForm, BaseFormComponent, BGSEquipType, BaseFormComponent, BGSRepairItemList, BaseFormComponent, BGSBipedModelList, BaseFormComponent, BGSPickupPutdownSounds, BaseFormComponent
TESObjectARMA		True	0x820212C8	TESObjectARMA, TESObjectARMO, TESBoundObject, TESObject, TESForm, BaseFormComponent, TESFullName, BaseFormComponent, TESScriptableForm, BaseFormComponent, TESEnchantableForm, BaseFormComponent, TESValueForm, BaseFormComponent, TESWeightForm, BaseFormComponent, TESHealthForm, BaseFormComponent, TESBipedModelForm, BaseFormComponent, BGSDestructibleObjectForm, BaseFormComponent, BGSEquipType, BaseFormComponent, BGSRepairItemList, BaseFormComponent, BGSBipedModelList, BaseFormComponent, BGSPickupPutdownSounds, BaseFormComponent
TESObjectARMA		True	0x820212B4	TESObjectARMA, TESObjectARMO, TESBoundObject, TESObject, TESForm, BaseFormComponent, TESFullName, BaseFormComponent, TESScriptableForm, BaseFormComponent, TESEnchantableForm, BaseFormComponent, TESValueForm, BaseFormComponent, TESWeightForm, BaseFormComponent, TESHealthForm, BaseFormComponent, TESBipedModelForm, BaseFormComponent, BGSDestructibleObjectForm, BaseFormComponent, BGSEquipType, BaseFormComponent, BGSRepairItemList, BaseFormComponent, BGSBipedModelList, BaseFormComponent, BGSPickupPutdownSounds, BaseFormComponent
TESObjectARMA		True	0x820212A0	TESObjectARMA, TESObjectARMO, TESBoundObject, TESObject, TESForm, BaseFormComponent, TESFullName, BaseFormComponent, TESScriptableForm, BaseFormComponent, TESEnchantableForm, BaseFormComponent, TESValueForm, BaseFormComponent, TESWeightForm, BaseFormComponent, TESHealthForm, BaseFormComponent, TESBipedModelForm, BaseFormComponent, BGSDestructibleObjectForm, BaseFormComponent, BGSEquipType, BaseFormComponent, BGSRepairItemList, BaseFormComponent, BGSBipedModelList, BaseFormComponent, BGSPickupPutdownSounds, BaseFormComponent
TESObjectARMO		True	0x8202167C	TESObjectARMO, TESBoundObject, TESObject, TESForm, BaseFormComponent, TESFullName, BaseFormComponent, TESScriptableForm, BaseFormComponent, TESEnchantableForm, BaseFormComponent, TESValueForm, BaseFormComponent, TESWeightForm, BaseFormComponent, TESHealthForm, BaseFormComponent, TESBipedModelForm, BaseFormComponent, BGSDestructibleObjectForm, BaseFormComponent, BGSEquipType, BaseFormComponent, BGSRepairItemList, BaseFormComponent, BGSBipedModelList, BaseFormComponent, BGSPickupPutdownSounds, BaseFormComponent
TESObjectARMO		True	0x82021664	TESObjectARMO, TESBoundObject, TESObject, TESForm, BaseFormComponent, TESFullName, BaseFormComponent, TESScriptableForm, BaseFormComponent, TESEnchantableForm, BaseFormComponent, TESValueForm, BaseFormComponent, TESWeightForm, BaseFormComponent, TESHealthForm, BaseFormComponent, TESBipedModelForm, BaseFormComponent, BGSDestructibleObjectForm, BaseFormComponent, BGSEquipType, BaseFormComponent, BGSRepairItemList, BaseFormComponent, BGSBipedModelList, BaseFormComponent, BGSPickupPutdownSounds, BaseFormComponent
TESObjectARMO		True	0x82021650	TESObjectARMO, TESBoundObject, TESObject, TESForm, BaseFormComponent, TESFullName, BaseFormComponent, TESScriptableForm, BaseFormComponent, TESEnchantableForm, BaseFormComponent, TESValueForm, BaseFormComponent, TESWeightForm, BaseFormComponent, TESHealthForm, BaseFormComponent, TESBipedModelForm, BaseFormComponent, BGSDestructibleObjectForm, BaseFormComponent, BGSEquipType, BaseFormComponent, BGSRepairItemList, BaseFormComponent, BGSBipedModelList, BaseFormComponent, BGSPickupPutdownSounds, BaseFormComponent
TESObjectARMO		True	0x82021638	TESObjectARMO, TESBoundObject, TESObject, TESForm, BaseFormComponent, TESFullName, BaseFormComponent, TESScriptableForm, BaseFormComponent, TESEnchantableForm, BaseFormComponent, TESValueForm, BaseFormComponent, TESWeightForm, BaseFormComponent, TESHealthForm, BaseFormComponent, TESBipedModelForm, BaseFormComponent, BGSDestructibleObjectForm, BaseFormComponent, BGSEquipType, BaseFormComponent, BGSRepairItemList, BaseFormComponent, BGSBipedModelList, BaseFormComponent, BGSPickupPutdownSounds, BaseFormComponent
TESObjectARMO		True	0x82021624	TESObjectARMO, TESBoundObject, TESObject, TESForm, BaseFormComponent, TESFullName, BaseFormComponent, TESScriptableForm, BaseFormComponent, TESEnchantableForm, BaseFormComponent, TESValueForm, BaseFormComponent, TESWeightForm, BaseFormComponent, TESHealthForm, BaseFormComponent, TESBipedModelForm, BaseFormComponent, BGSDestructibleObjectForm, BaseFormComponent, BGSEquipType, BaseFormComponent, BGSRepairItemList, BaseFormComponent, BGSBipedModelList, BaseFormComponent, BGSPickupPutdownSounds, BaseFormComponent
TESObjectARMO		True	0x82021610	TESObjectARMO, TESBoundObject, TESObject, TESForm, BaseFormComponent, TESFullName, BaseFormComponent, TESScriptableForm, BaseFormComponent, TESEnchantableForm, BaseFormComponent, TESValueForm, BaseFormComponent, TESWeightForm, BaseFormComponent, TESHealthForm, BaseFormComponent, TESBipedModelForm, BaseFormComponent, BGSDestructibleObjectForm, BaseFormComponent, BGSEquipType, BaseFormComponent, BGSRepairItemList, BaseFormComponent, BGSBipedModelList, BaseFormComponent, BGSPickupPutdownSounds, BaseFormComponent
TESObjectARMO		True	0x820215FC	TESObjectARMO, TESBoundObject, TESObject, TESForm, BaseFormComponent, TESFullName, BaseFormComponent, TESScriptableForm, BaseFormComponent, TESEnchantableForm, BaseFormComponent, TESValueForm, BaseFormComponent, TESWeightForm, BaseFormComponent, TESHealthForm, BaseFormComponent, TESBipedModelForm, BaseFormComponent, BGSDestructibleObjectForm, BaseFormComponent, BGSEquipType, BaseFormComponent, BGSRepairItemList, BaseFormComponent, BGSBipedModelList, BaseFormComponent, BGSPickupPutdownSounds, BaseFormComponent
TESObjectARMO		True	0x820215E8	TESObjectARMO, TESBoundObject, TESObject, TESForm, BaseFormComponent, TESFullName, BaseFormComponent, TESScriptableForm, BaseFormComponent, TESEnchantableForm, BaseFormComponent, TESValueForm, BaseFormComponent, TESWeightForm, BaseFormComponent, TESHealthForm, BaseFormComponent, TESBipedModelForm, BaseFormComponent, BGSDestructibleObjectForm, BaseFormComponent, BGSEquipType, BaseFormComponent, BGSRepairItemList, BaseFormComponent, BGSBipedModelList, BaseFormComponent, BGSPickupPutdownSounds, BaseFormComponent
TESObjectARMO		True	0x820215C8	TESObjectARMO, TESBoundObject, TESObject, TESForm, BaseFormComponent, TESFullName, BaseFormComponent, TESScriptableForm, BaseFormComponent, TESEnchantableForm, BaseFormComponent, TESValueForm, BaseFormComponent, TESWeightForm, BaseFormComponent, TESHealthForm, BaseFormComponent, TESBipedModelForm, BaseFormComponent, BGSDestructibleObjectForm, BaseFormComponent, BGSEquipType, BaseFormComponent, BGSRepairItemList, BaseFormComponent, BGSBipedModelList, BaseFormComponent, BGSPickupPutdownSounds, BaseFormComponent
TESObjectARMO		True	0x820215B4	TESObjectARMO, TESBoundObject, TESObject, TESForm, BaseFormComponent, TESFullName, BaseFormComponent, TESScriptableForm, BaseFormComponent, TESEnchantableForm, BaseFormComponent, TESValueForm, BaseFormComponent, TESWeightForm, BaseFormComponent, TESHealthForm, BaseFormComponent, TESBipedModelForm, BaseFormComponent, BGSDestructibleObjectForm, BaseFormComponent, BGSEquipType, BaseFormComponent, BGSRepairItemList, BaseFormComponent, BGSBipedModelList, BaseFormComponent, BGSPickupPutdownSounds, BaseFormComponent
TESObjectARMO		True	0x8202159C	TESObjectARMO, TESBoundObject, TESObject, TESForm, BaseFormComponent, TESFullName, BaseFormComponent, TESScriptableForm, BaseFormComponent, TESEnchantableForm, BaseFormComponent, TESValueForm, BaseFormComponent, TESWeightForm, BaseFormComponent, TESHealthForm, BaseFormComponent, TESBipedModelForm, BaseFormComponent, BGSDestructibleObjectForm, BaseFormComponent, BGSEquipType, BaseFormComponent, BGSRepairItemList, BaseFormComponent, BGSBipedModelList, BaseFormComponent, BGSPickupPutdownSounds, BaseFormComponent
TESObjectARMO		True	0x82021588	TESObjectARMO, TESBoundObject, TESObject, TESForm, BaseFormComponent, TESFullName, BaseFormComponent, TESScriptableForm, BaseFormComponent, TESEnchantableForm, BaseFormComponent, TESValueForm, BaseFormComponent, TESWeightForm, BaseFormComponent, TESHealthForm, BaseFormComponent, TESBipedModelForm, BaseFormComponent, BGSDestructibleObjectForm, BaseFormComponent, BGSEquipType, BaseFormComponent, BGSRepairItemList, BaseFormComponent, BGSBipedModelList, BaseFormComponent, BGSPickupPutdownSounds, BaseFormComponent
TESObjectARMO		True	0x82021574	TESObjectARMO, TESBoundObject, TESObject, TESForm, BaseFormComponent, TESFullName, BaseFormComponent, TESScriptableForm, BaseFormComponent, TESEnchantableForm, BaseFormComponent, TESValueForm, BaseFormComponent, TESWeightForm, BaseFormComponent, TESHealthForm, BaseFormComponent, TESBipedModelForm, BaseFormComponent, BGSDestructibleObjectForm, BaseFormComponent, BGSEquipType, BaseFormComponent, BGSRepairItemList, BaseFormComponent, BGSBipedModelList, BaseFormComponent, BGSPickupPutdownSounds, BaseFormComponent
TESObjectBOOK		True	0x820219CC	TESObjectBOOK, TESBoundObject, TESObject, TESForm, BaseFormComponent, TESFullName, BaseFormComponent, TESModelTextureSwap, TESModel, BaseFormComponent, TESIcon, TESTexture, BaseFormComponent, TESScriptableForm, BaseFormComponent, TESEnchantableForm, BaseFormComponent, TESValueForm, BaseFormComponent, TESWeightForm, BaseFormComponent, TESDescription, BaseFormComponent, BGSDestructibleObjectForm, BaseFormComponent, BGSMessageIcon, BaseFormComponent, BGSPickupPutdownSounds, BaseFormComponent
TESObjectBOOK		True	0x820219B4	TESObjectBOOK, TESBoundObject, TESObject, TESForm, BaseFormComponent, TESFullName, BaseFormComponent, TESModelTextureSwap, TESModel, BaseFormComponent, TESIcon, TESTexture, BaseFormComponent, TESScriptableForm, BaseFormComponent, TESEnchantableForm, BaseFormComponent, TESValueForm, BaseFormComponent, TESWeightForm, BaseFormComponent, TESDescription, BaseFormComponent, BGSDestructibleObjectForm, BaseFormComponent, BGSMessageIcon, BaseFormComponent, BGSPickupPutdownSounds, BaseFormComponent
TESObjectBOOK		True	0x82021990	TESObjectBOOK, TESBoundObject, TESObject, TESForm, BaseFormComponent, TESFullName, BaseFormComponent, TESModelTextureSwap, TESModel, BaseFormComponent, TESIcon, TESTexture, BaseFormComponent, TESScriptableForm, BaseFormComponent, TESEnchantableForm, BaseFormComponent, TESValueForm, BaseFormComponent, TESWeightForm, BaseFormComponent, TESDescription, BaseFormComponent, BGSDestructibleObjectForm, BaseFormComponent, BGSMessageIcon, BaseFormComponent, BGSPickupPutdownSounds, BaseFormComponent
TESObjectBOOK		True	0x8202197C	TESObjectBOOK, TESBoundObject, TESObject, TESForm, BaseFormComponent, TESFullName, BaseFormComponent, TESModelTextureSwap, TESModel, BaseFormComponent, TESIcon, TESTexture, BaseFormComponent, TESScriptableForm, BaseFormComponent, TESEnchantableForm, BaseFormComponent, TESValueForm, BaseFormComponent, TESWeightForm, BaseFormComponent, TESDescription, BaseFormComponent, BGSDestructibleObjectForm, BaseFormComponent, BGSMessageIcon, BaseFormComponent, BGSPickupPutdownSounds, BaseFormComponent
TESObjectBOOK		True	0x82021968	TESObjectBOOK, TESBoundObject, TESObject, TESForm, BaseFormComponent, TESFullName, BaseFormComponent, TESModelTextureSwap, TESModel, BaseFormComponent, TESIcon, TESTexture, BaseFormComponent, TESScriptableForm, BaseFormComponent, TESEnchantableForm, BaseFormComponent, TESValueForm, BaseFormComponent, TESWeightForm, BaseFormComponent, TESDescription, BaseFormComponent, BGSDestructibleObjectForm, BaseFormComponent, BGSMessageIcon, BaseFormComponent, BGSPickupPutdownSounds, BaseFormComponent
TESObjectBOOK		True	0x82021954	TESObjectBOOK, TESBoundObject, TESObject, TESForm, BaseFormComponent, TESFullName, BaseFormComponent, TESModelTextureSwap, TESModel, BaseFormComponent, TESIcon, TESTexture, BaseFormComponent, TESScriptableForm, BaseFormComponent, TESEnchantableForm, BaseFormComponent, TESValueForm, BaseFormComponent, TESWeightForm, BaseFormComponent, TESDescription, BaseFormComponent, BGSDestructibleObjectForm, BaseFormComponent, BGSMessageIcon, BaseFormComponent, BGSPickupPutdownSounds, BaseFormComponent
TESObjectBOOK		True	0x82021930	TESObjectBOOK, TESBoundObject, TESObject, TESForm, BaseFormComponent, TESFullName, BaseFormComponent, TESModelTextureSwap, TESModel, BaseFormComponent, TESIcon, TESTexture, BaseFormComponent, TESScriptableForm, BaseFormComponent, TESEnchantableForm, BaseFormComponent, TESValueForm, BaseFormComponent, TESWeightForm, BaseFormComponent, TESDescription, BaseFormComponent, BGSDestructibleObjectForm, BaseFormComponent, BGSMessageIcon, BaseFormComponent, BGSPickupPutdownSounds, BaseFormComponent
TESObjectBOOK		True	0x8202191C	TESObjectBOOK, TESBoundObject, TESObject, TESForm, BaseFormComponent, TESFullName, BaseFormComponent, TESModelTextureSwap, TESModel, BaseFormComponent, TESIcon, TESTexture, BaseFormComponent, TESScriptableForm, BaseFormComponent, TESEnchantableForm, BaseFormComponent, TESValueForm, BaseFormComponent, TESWeightForm, BaseFormComponent, TESDescription, BaseFormComponent, BGSDestructibleObjectForm, BaseFormComponent, BGSMessageIcon, BaseFormComponent, BGSPickupPutdownSounds, BaseFormComponent
TESObjectBOOK		True	0x82021904	TESObjectBOOK, TESBoundObject, TESObject, TESForm, BaseFormComponent, TESFullName, BaseFormComponent, TESModelTextureSwap, TESModel, BaseFormComponent, TESIcon, TESTexture, BaseFormComponent, TESScriptableForm, BaseFormComponent, TESEnchantableForm, BaseFormComponent, TESValueForm, BaseFormComponent, TESWeightForm, BaseFormComponent, TESDescription, BaseFormComponent, BGSDestructibleObjectForm, BaseFormComponent, BGSMessageIcon, BaseFormComponent, BGSPickupPutdownSounds, BaseFormComponent
TESObjectBOOK		True	0x820218E4	TESObjectBOOK, TESBoundObject, TESObject, TESForm, BaseFormComponent, TESFullName, BaseFormComponent, TESModelTextureSwap, TESModel, BaseFormComponent, TESIcon, TESTexture, BaseFormComponent, TESScriptableForm, BaseFormComponent, TESEnchantableForm, BaseFormComponent, TESValueForm, BaseFormComponent, TESWeightForm, BaseFormComponent, TESDescription, BaseFormComponent, BGSDestructibleObjectForm, BaseFormComponent, BGSMessageIcon, BaseFormComponent, BGSPickupPutdownSounds, BaseFormComponent
TESObjectBOOK		True	0x820218D0	TESObjectBOOK, TESBoundObject, TESObject, TESForm, BaseFormComponent, TESFullName, BaseFormComponent, TESModelTextureSwap, TESModel, BaseFormComponent, TESIcon, TESTexture, BaseFormComponent, TESScriptableForm, BaseFormComponent, TESEnchantableForm, BaseFormComponent, TESValueForm, BaseFormComponent, TESWeightForm, BaseFormComponent, TESDescription, BaseFormComponent, BGSDestructibleObjectForm, BaseFormComponent, BGSMessageIcon, BaseFormComponent, BGSPickupPutdownSounds, BaseFormComponent
TESObjectBOOK		True	0x820218B8	TESObjectBOOK, TESBoundObject, TESObject, TESForm, BaseFormComponent, TESFullName, BaseFormComponent, TESModelTextureSwap, TESModel, BaseFormComponent, TESIcon, TESTexture, BaseFormComponent, TESScriptableForm, BaseFormComponent, TESEnchantableForm, BaseFormComponent, TESValueForm, BaseFormComponent, TESWeightForm, BaseFormComponent, TESDescription, BaseFormComponent, BGSDestructibleObjectForm, BaseFormComponent, BGSMessageIcon, BaseFormComponent, BGSPickupPutdownSounds, BaseFormComponent
TESObjectCELL		True	0x82025B3C	TESObjectCELL, TESForm, BaseFormComponent, TESFullName, BaseFormComponent
TESObjectCELL		True	0x82025B24	TESObjectCELL, TESForm, BaseFormComponent, TESFullName, BaseFormComponent
TESObjectCLOT		True	0x82021C54	TESObjectCLOT, TESBoundObject, TESObject, TESForm, BaseFormComponent, TESFullName, BaseFormComponent, TESScriptableForm, BaseFormComponent, TESEnchantableForm, BaseFormComponent, TESValueForm, BaseFormComponent, TESWeightForm, BaseFormComponent, TESBipedModelForm, BaseFormComponent, BGSDestructibleObjectForm, BaseFormComponent, BGSEquipType, BaseFormComponent
TESObjectCLOT		True	0x82021C3C	TESObjectCLOT, TESBoundObject, TESObject, TESForm, BaseFormComponent, TESFullName, BaseFormComponent, TESScriptableForm, BaseFormComponent, TESEnchantableForm, BaseFormComponent, TESValueForm, BaseFormComponent, TESWeightForm, BaseFormComponent, TESBipedModelForm, BaseFormComponent, BGSDestructibleObjectForm, BaseFormComponent, BGSEquipType, BaseFormComponent
TESObjectCLOT		True	0x82021C28	TESObjectCLOT, TESBoundObject, TESObject, TESForm, BaseFormComponent, TESFullName, BaseFormComponent, TESScriptableForm, BaseFormComponent, TESEnchantableForm, BaseFormComponent, TESValueForm, BaseFormComponent, TESWeightForm, BaseFormComponent, TESBipedModelForm, BaseFormComponent, BGSDestructibleObjectForm, BaseFormComponent, BGSEquipType, BaseFormComponent
TESObjectCLOT		True	0x82021C14	TESObjectCLOT, TESBoundObject, TESObject, TESForm, BaseFormComponent, TESFullName, BaseFormComponent, TESScriptableForm, BaseFormComponent, TESEnchantableForm, BaseFormComponent, TESValueForm, BaseFormComponent, TESWeightForm, BaseFormComponent, TESBipedModelForm, BaseFormComponent, BGSDestructibleObjectForm, BaseFormComponent, BGSEquipType, BaseFormComponent
TESObjectCLOT		True	0x82021BFC	TESObjectCLOT, TESBoundObject, TESObject, TESForm, BaseFormComponent, TESFullName, BaseFormComponent, TESScriptableForm, BaseFormComponent, TESEnchantableForm, BaseFormComponent, TESValueForm, BaseFormComponent, TESWeightForm, BaseFormComponent, TESBipedModelForm, BaseFormComponent, BGSDestructibleObjectForm, BaseFormComponent, BGSEquipType, BaseFormComponent
TESObjectCLOT		True	0x82021BDC	TESObjectCLOT, TESBoundObject, TESObject, TESForm, BaseFormComponent, TESFullName, BaseFormComponent, TESScriptableForm, BaseFormComponent, TESEnchantableForm, BaseFormComponent, TESValueForm, BaseFormComponent, TESWeightForm, BaseFormComponent, TESBipedModelForm, BaseFormComponent, BGSDestructibleObjectForm, BaseFormComponent, BGSEquipType, BaseFormComponent
TESObjectCLOT		True	0x82021BC8	TESObjectCLOT, TESBoundObject, TESObject, TESForm, BaseFormComponent, TESFullName, BaseFormComponent, TESScriptableForm, BaseFormComponent, TESEnchantableForm, BaseFormComponent, TESValueForm, BaseFormComponent, TESWeightForm, BaseFormComponent, TESBipedModelForm, BaseFormComponent, BGSDestructibleObjectForm, BaseFormComponent, BGSEquipType, BaseFormComponent
TESObjectCLOT		True	0x82021BB4	TESObjectCLOT, TESBoundObject, TESObject, TESForm, BaseFormComponent, TESFullName, BaseFormComponent, TESScriptableForm, BaseFormComponent, TESEnchantableForm, BaseFormComponent, TESValueForm, BaseFormComponent, TESWeightForm, BaseFormComponent, TESBipedModelForm, BaseFormComponent, BGSDestructibleObjectForm, BaseFormComponent, BGSEquipType, BaseFormComponent
TESObjectCLOT		True	0x82021BA0	TESObjectCLOT, TESBoundObject, TESObject, TESForm, BaseFormComponent, TESFullName, BaseFormComponent, TESScriptableForm, BaseFormComponent, TESEnchantableForm, BaseFormComponent, TESValueForm, BaseFormComponent, TESWeightForm, BaseFormComponent, TESBipedModelForm, BaseFormComponent, BGSDestructibleObjectForm, BaseFormComponent, BGSEquipType, BaseFormComponent
TESObjectCONT		True	0x82021F54	TESObjectCONT, TESBoundAnimObject, TESBoundObject, TESObject, TESForm, BaseFormComponent, TESContainer, BaseFormComponent, TESFullName, BaseFormComponent, TESModelTextureSwap, TESModel, BaseFormComponent, TESScriptableForm, BaseFormComponent, TESWeightForm, BaseFormComponent, TESMagicCasterForm, TESMagicTargetForm, BGSDestructibleObjectForm, BaseFormComponent, BGSOpenCloseForm
TESObjectCONT		True	0x82021F40	TESObjectCONT, TESBoundAnimObject, TESBoundObject, TESObject, TESForm, BaseFormComponent, TESContainer, BaseFormComponent, TESFullName, BaseFormComponent, TESModelTextureSwap, TESModel, BaseFormComponent, TESScriptableForm, BaseFormComponent, TESWeightForm, BaseFormComponent, TESMagicCasterForm, TESMagicTargetForm, BGSDestructibleObjectForm, BaseFormComponent, BGSOpenCloseForm
TESObjectCONT		True	0x82021F2C	TESObjectCONT, TESBoundAnimObject, TESBoundObject, TESObject, TESForm, BaseFormComponent, TESContainer, BaseFormComponent, TESFullName, BaseFormComponent, TESModelTextureSwap, TESModel, BaseFormComponent, TESScriptableForm, BaseFormComponent, TESWeightForm, BaseFormComponent, TESMagicCasterForm, TESMagicTargetForm, BGSDestructibleObjectForm, BaseFormComponent, BGSOpenCloseForm
TESObjectCONT		True	0x82021F08	TESObjectCONT, TESBoundAnimObject, TESBoundObject, TESObject, TESForm, BaseFormComponent, TESContainer, BaseFormComponent, TESFullName, BaseFormComponent, TESModelTextureSwap, TESModel, BaseFormComponent, TESScriptableForm, BaseFormComponent, TESWeightForm, BaseFormComponent, TESMagicCasterForm, TESMagicTargetForm, BGSDestructibleObjectForm, BaseFormComponent, BGSOpenCloseForm
TESObjectCONT		True	0x82021EF4	TESObjectCONT, TESBoundAnimObject, TESBoundObject, TESObject, TESForm, BaseFormComponent, TESContainer, BaseFormComponent, TESFullName, BaseFormComponent, TESModelTextureSwap, TESModel, BaseFormComponent, TESScriptableForm, BaseFormComponent, TESWeightForm, BaseFormComponent, TESMagicCasterForm, TESMagicTargetForm, BGSDestructibleObjectForm, BaseFormComponent, BGSOpenCloseForm
TESObjectCONT		True	0x82021EE0	TESObjectCONT, TESBoundAnimObject, TESBoundObject, TESObject, TESForm, BaseFormComponent, TESContainer, BaseFormComponent, TESFullName, BaseFormComponent, TESModelTextureSwap, TESModel, BaseFormComponent, TESScriptableForm, BaseFormComponent, TESWeightForm, BaseFormComponent, TESMagicCasterForm, TESMagicTargetForm, BGSDestructibleObjectForm, BaseFormComponent, BGSOpenCloseForm
TESObjectCONT		True	0x82021ECC	TESObjectCONT, TESBoundAnimObject, TESBoundObject, TESObject, TESForm, BaseFormComponent, TESContainer, BaseFormComponent, TESFullName, BaseFormComponent, TESModelTextureSwap, TESModel, BaseFormComponent, TESScriptableForm, BaseFormComponent, TESWeightForm, BaseFormComponent, TESMagicCasterForm, TESMagicTargetForm, BGSDestructibleObjectForm, BaseFormComponent, BGSOpenCloseForm
TESObjectCONT		True	0x82021EBC	TESObjectCONT, TESBoundAnimObject, TESBoundObject, TESObject, TESForm, BaseFormComponent, TESContainer, BaseFormComponent, TESFullName, BaseFormComponent, TESModelTextureSwap, TESModel, BaseFormComponent, TESScriptableForm, BaseFormComponent, TESWeightForm, BaseFormComponent, TESMagicCasterForm, TESMagicTargetForm, BGSDestructibleObjectForm, BaseFormComponent, BGSOpenCloseForm
TESObjectDOOR		True	0x820221AC	TESObjectDOOR, TESBoundAnimObject, TESBoundObject, TESObject, TESForm, BaseFormComponent, TESFullName, BaseFormComponent, TESModelTextureSwap, TESModel, BaseFormComponent, TESScriptableForm, BaseFormComponent, TESMagicCasterForm, TESMagicTargetForm, BGSDestructibleObjectForm, BaseFormComponent, BGSOpenCloseForm
TESObjectDOOR		True	0x82022198	TESObjectDOOR, TESBoundAnimObject, TESBoundObject, TESObject, TESForm, BaseFormComponent, TESFullName, BaseFormComponent, TESModelTextureSwap, TESModel, BaseFormComponent, TESScriptableForm, BaseFormComponent, TESMagicCasterForm, TESMagicTargetForm, BGSDestructibleObjectForm, BaseFormComponent, BGSOpenCloseForm
TESObjectDOOR		True	0x82022174	TESObjectDOOR, TESBoundAnimObject, TESBoundObject, TESObject, TESForm, BaseFormComponent, TESFullName, BaseFormComponent, TESModelTextureSwap, TESModel, BaseFormComponent, TESScriptableForm, BaseFormComponent, TESMagicCasterForm, TESMagicTargetForm, BGSDestructibleObjectForm, BaseFormComponent, BGSOpenCloseForm
TESObjectDOOR		True	0x82022160	TESObjectDOOR, TESBoundAnimObject, TESBoundObject, TESObject, TESForm, BaseFormComponent, TESFullName, BaseFormComponent, TESModelTextureSwap, TESModel, BaseFormComponent, TESScriptableForm, BaseFormComponent, TESMagicCasterForm, TESMagicTargetForm, BGSDestructibleObjectForm, BaseFormComponent, BGSOpenCloseForm
TESObjectDOOR		True	0x8202214C	TESObjectDOOR, TESBoundAnimObject, TESBoundObject, TESObject, TESForm, BaseFormComponent, TESFullName, BaseFormComponent, TESModelTextureSwap, TESModel, BaseFormComponent, TESScriptableForm, BaseFormComponent, TESMagicCasterForm, TESMagicTargetForm, BGSDestructibleObjectForm, BaseFormComponent, BGSOpenCloseForm
TESObjectDOOR		True	0x8202213C	TESObjectDOOR, TESBoundAnimObject, TESBoundObject, TESObject, TESForm, BaseFormComponent, TESFullName, BaseFormComponent, TESModelTextureSwap, TESModel, BaseFormComponent, TESScriptableForm, BaseFormComponent, TESMagicCasterForm, TESMagicTargetForm, BGSDestructibleObjectForm, BaseFormComponent, BGSOpenCloseForm
TESObjectIMOD		True	0x82022524	TESObjectIMOD, TESBoundObject, TESObject, TESForm, BaseFormComponent, TESFullName, BaseFormComponent, TESModelTextureSwap, TESModel, BaseFormComponent, TESIcon, TESTexture, BaseFormComponent, TESScriptableForm, BaseFormComponent, TESDescription, BaseFormComponent, TESValueForm, BaseFormComponent, TESWeightForm, BaseFormComponent, BGSDestructibleObjectForm, BaseFormComponent, BGSMessageIcon, BaseFormComponent, BGSPickupPutdownSounds, BaseFormComponent
TESObjectIMOD		True	0x82022510	TESObjectIMOD, TESBoundObject, TESObject, TESForm, BaseFormComponent, TESFullName, BaseFormComponent, TESModelTextureSwap, TESModel, BaseFormComponent, TESIcon, TESTexture, BaseFormComponent, TESScriptableForm, BaseFormComponent, TESDescription, BaseFormComponent, TESValueForm, BaseFormComponent, TESWeightForm, BaseFormComponent, BGSDestructibleObjectForm, BaseFormComponent, BGSMessageIcon, BaseFormComponent, BGSPickupPutdownSounds, BaseFormComponent
TESObjectIMOD		True	0x820224FC	TESObjectIMOD, TESBoundObject, TESObject, TESForm, BaseFormComponent, TESFullName, BaseFormComponent, TESModelTextureSwap, TESModel, BaseFormComponent, TESIcon, TESTexture, BaseFormComponent, TESScriptableForm, BaseFormComponent, TESDescription, BaseFormComponent, TESValueForm, BaseFormComponent, TESWeightForm, BaseFormComponent, BGSDestructibleObjectForm, BaseFormComponent, BGSMessageIcon, BaseFormComponent, BGSPickupPutdownSounds, BaseFormComponent
TESObjectIMOD		True	0x820224E8	TESObjectIMOD, TESBoundObject, TESObject, TESForm, BaseFormComponent, TESFullName, BaseFormComponent, TESModelTextureSwap, TESModel, BaseFormComponent, TESIcon, TESTexture, BaseFormComponent, TESScriptableForm, BaseFormComponent, TESDescription, BaseFormComponent, TESValueForm, BaseFormComponent, TESWeightForm, BaseFormComponent, BGSDestructibleObjectForm, BaseFormComponent, BGSMessageIcon, BaseFormComponent, BGSPickupPutdownSounds, BaseFormComponent
TESObjectIMOD		True	0x820224C4	TESObjectIMOD, TESBoundObject, TESObject, TESForm, BaseFormComponent, TESFullName, BaseFormComponent, TESModelTextureSwap, TESModel, BaseFormComponent, TESIcon, TESTexture, BaseFormComponent, TESScriptableForm, BaseFormComponent, TESDescription, BaseFormComponent, TESValueForm, BaseFormComponent, TESWeightForm, BaseFormComponent, BGSDestructibleObjectForm, BaseFormComponent, BGSMessageIcon, BaseFormComponent, BGSPickupPutdownSounds, BaseFormComponent
TESObjectIMOD		True	0x820224A0	TESObjectIMOD, TESBoundObject, TESObject, TESForm, BaseFormComponent, TESFullName, BaseFormComponent, TESModelTextureSwap, TESModel, BaseFormComponent, TESIcon, TESTexture, BaseFormComponent, TESScriptableForm, BaseFormComponent, TESDescription, BaseFormComponent, TESValueForm, BaseFormComponent, TESWeightForm, BaseFormComponent, BGSDestructibleObjectForm, BaseFormComponent, BGSMessageIcon, BaseFormComponent, BGSPickupPutdownSounds, BaseFormComponent
TESObjectIMOD		True	0x8202248C	TESObjectIMOD, TESBoundObject, TESObject, TESForm, BaseFormComponent, TESFullName, BaseFormComponent, TESModelTextureSwap, TESModel, BaseFormComponent, TESIcon, TESTexture, BaseFormComponent, TESScriptableForm, BaseFormComponent, TESDescription, BaseFormComponent, TESValueForm, BaseFormComponent, TESWeightForm, BaseFormComponent, BGSDestructibleObjectForm, BaseFormComponent, BGSMessageIcon, BaseFormComponent, BGSPickupPutdownSounds, BaseFormComponent
TESObjectIMOD		True	0x82022474	TESObjectIMOD, TESBoundObject, TESObject, TESForm, BaseFormComponent, TESFullName, BaseFormComponent, TESModelTextureSwap, TESModel, BaseFormComponent, TESIcon, TESTexture, BaseFormComponent, TESScriptableForm, BaseFormComponent, TESDescription, BaseFormComponent, TESValueForm, BaseFormComponent, TESWeightForm, BaseFormComponent, BGSDestructibleObjectForm, BaseFormComponent, BGSMessageIcon, BaseFormComponent, BGSPickupPutdownSounds, BaseFormComponent
TESObjectIMOD		True	0x82022454	TESObjectIMOD, TESBoundObject, TESObject, TESForm, BaseFormComponent, TESFullName, BaseFormComponent, TESModelTextureSwap, TESModel, BaseFormComponent, TESIcon, TESTexture, BaseFormComponent, TESScriptableForm, BaseFormComponent, TESDescription, BaseFormComponent, TESValueForm, BaseFormComponent, TESWeightForm, BaseFormComponent, BGSDestructibleObjectForm, BaseFormComponent, BGSMessageIcon, BaseFormComponent, BGSPickupPutdownSounds, BaseFormComponent
TESObjectIMOD		True	0x82022440	TESObjectIMOD, TESBoundObject, TESObject, TESForm, BaseFormComponent, TESFullName, BaseFormComponent, TESModelTextureSwap, TESModel, BaseFormComponent, TESIcon, TESTexture, BaseFormComponent, TESScriptableForm, BaseFormComponent, TESDescription, BaseFormComponent, TESValueForm, BaseFormComponent, TESWeightForm, BaseFormComponent, BGSDestructibleObjectForm, BaseFormComponent, BGSMessageIcon, BaseFormComponent, BGSPickupPutdownSounds, BaseFormComponent
TESObjectIMOD		True	0x8202242C	TESObjectIMOD, TESBoundObject, TESObject, TESForm, BaseFormComponent, TESFullName, BaseFormComponent, TESModelTextureSwap, TESModel, BaseFormComponent, TESIcon, TESTexture, BaseFormComponent, TESScriptableForm, BaseFormComponent, TESDescription, BaseFormComponent, TESValueForm, BaseFormComponent, TESWeightForm, BaseFormComponent, BGSDestructibleObjectForm, BaseFormComponent, BGSMessageIcon, BaseFormComponent, BGSPickupPutdownSounds, BaseFormComponent
TESObjectLAND		True	0x82024A94	TESObjectLAND, TESForm, BaseFormComponent, TESChildCell
TESObjectLAND		True	0x82024A8C	TESObjectLAND, TESForm, BaseFormComponent, TESChildCell
TESObjectLIGH		True	0x820200D4	TESObjectLIGH, TESBoundAnimObject, TESBoundObject, TESObject, TESForm, BaseFormComponent, TESFullName, BaseFormComponent, TESModelTextureSwap, TESModel, BaseFormComponent, TESIcon, TESTexture, BaseFormComponent, BGSMessageIcon, BaseFormComponent, TESScriptableForm, BaseFormComponent, TESWeightForm, BaseFormComponent, TESValueForm, BaseFormComponent, BGSDestructibleObjectForm, BaseFormComponent
TESObjectLIGH		True	0x820200BC	TESObjectLIGH, TESBoundAnimObject, TESBoundObject, TESObject, TESForm, BaseFormComponent, TESFullName, BaseFormComponent, TESModelTextureSwap, TESModel, BaseFormComponent, TESIcon, TESTexture, BaseFormComponent, BGSMessageIcon, BaseFormComponent, TESScriptableForm, BaseFormComponent, TESWeightForm, BaseFormComponent, TESValueForm, BaseFormComponent, BGSDestructibleObjectForm, BaseFormComponent
TESObjectLIGH		True	0x820200A8	TESObjectLIGH, TESBoundAnimObject, TESBoundObject, TESObject, TESForm, BaseFormComponent, TESFullName, BaseFormComponent, TESModelTextureSwap, TESModel, BaseFormComponent, TESIcon, TESTexture, BaseFormComponent, BGSMessageIcon, BaseFormComponent, TESScriptableForm, BaseFormComponent, TESWeightForm, BaseFormComponent, TESValueForm, BaseFormComponent, BGSDestructibleObjectForm, BaseFormComponent
TESObjectLIGH		True	0x82020084	TESObjectLIGH, TESBoundAnimObject, TESBoundObject, TESObject, TESForm, BaseFormComponent, TESFullName, BaseFormComponent, TESModelTextureSwap, TESModel, BaseFormComponent, TESIcon, TESTexture, BaseFormComponent, BGSMessageIcon, BaseFormComponent, TESScriptableForm, BaseFormComponent, TESWeightForm, BaseFormComponent, TESValueForm, BaseFormComponent, BGSDestructibleObjectForm, BaseFormComponent
TESObjectLIGH		True	0x82020060	TESObjectLIGH, TESBoundAnimObject, TESBoundObject, TESObject, TESForm, BaseFormComponent, TESFullName, BaseFormComponent, TESModelTextureSwap, TESModel, BaseFormComponent, TESIcon, TESTexture, BaseFormComponent, BGSMessageIcon, BaseFormComponent, TESScriptableForm, BaseFormComponent, TESWeightForm, BaseFormComponent, TESValueForm, BaseFormComponent, BGSDestructibleObjectForm, BaseFormComponent
TESObjectLIGH		True	0x8202004C	TESObjectLIGH, TESBoundAnimObject, TESBoundObject, TESObject, TESForm, BaseFormComponent, TESFullName, BaseFormComponent, TESModelTextureSwap, TESModel, BaseFormComponent, TESIcon, TESTexture, BaseFormComponent, BGSMessageIcon, BaseFormComponent, TESScriptableForm, BaseFormComponent, TESWeightForm, BaseFormComponent, TESValueForm, BaseFormComponent, BGSDestructibleObjectForm, BaseFormComponent
TESObjectLIGH		True	0x82020038	TESObjectLIGH, TESBoundAnimObject, TESBoundObject, TESObject, TESForm, BaseFormComponent, TESFullName, BaseFormComponent, TESModelTextureSwap, TESModel, BaseFormComponent, TESIcon, TESTexture, BaseFormComponent, BGSMessageIcon, BaseFormComponent, TESScriptableForm, BaseFormComponent, TESWeightForm, BaseFormComponent, TESValueForm, BaseFormComponent, BGSDestructibleObjectForm, BaseFormComponent
TESObjectLIGH		True	0x82020024	TESObjectLIGH, TESBoundAnimObject, TESBoundObject, TESObject, TESForm, BaseFormComponent, TESFullName, BaseFormComponent, TESModelTextureSwap, TESModel, BaseFormComponent, TESIcon, TESTexture, BaseFormComponent, BGSMessageIcon, BaseFormComponent, TESScriptableForm, BaseFormComponent, TESWeightForm, BaseFormComponent, TESValueForm, BaseFormComponent, BGSDestructibleObjectForm, BaseFormComponent
TESObjectLIGH		True	0x82020004	TESObjectLIGH, TESBoundAnimObject, TESBoundObject, TESObject, TESForm, BaseFormComponent, TESFullName, BaseFormComponent, TESModelTextureSwap, TESModel, BaseFormComponent, TESIcon, TESTexture, BaseFormComponent, BGSMessageIcon, BaseFormComponent, TESScriptableForm, BaseFormComponent, TESWeightForm, BaseFormComponent, TESValueForm, BaseFormComponent, BGSDestructibleObjectForm, BaseFormComponent
TESObjectMISC		True	0x8202277C	TESObjectMISC, TESBoundObject, TESObject, TESForm, BaseFormComponent, TESFullName, BaseFormComponent, TESModelTextureSwap, TESModel, BaseFormComponent, TESIcon, TESTexture, BaseFormComponent, TESScriptableForm, BaseFormComponent, TESValueForm, BaseFormComponent, TESWeightForm, BaseFormComponent, BGSDestructibleObjectForm, BaseFormComponent, BGSMessageIcon, BaseFormComponent, BGSPickupPutdownSounds, BaseFormComponent
TESObjectMISC		True	0x82001120	TESObjectMISC, TESBoundObject, TESObject, TESForm, BaseFormComponent, TESFullName, BaseFormComponent, TESModelTextureSwap, TESModel, BaseFormComponent, TESIcon, TESTexture, BaseFormComponent, TESScriptableForm, BaseFormComponent, TESValueForm, BaseFormComponent, TESWeightForm, BaseFormComponent, BGSDestructibleObjectForm, BaseFormComponent, BGSMessageIcon, BaseFormComponent, BGSPickupPutdownSounds, BaseFormComponent
TESObjectMISC		True	0x82022768	TESObjectMISC, TESBoundObject, TESObject, TESForm, BaseFormComponent, TESFullName, BaseFormComponent, TESModelTextureSwap, TESModel, BaseFormComponent, TESIcon, TESTexture, BaseFormComponent, TESScriptableForm, BaseFormComponent, TESValueForm, BaseFormComponent, TESWeightForm, BaseFormComponent, BGSDestructibleObjectForm, BaseFormComponent, BGSMessageIcon, BaseFormComponent, BGSPickupPutdownSounds, BaseFormComponent
TESObjectMISC		True	0x82022744	TESObjectMISC, TESBoundObject, TESObject, TESForm, BaseFormComponent, TESFullName, BaseFormComponent, TESModelTextureSwap, TESModel, BaseFormComponent, TESIcon, TESTexture, BaseFormComponent, TESScriptableForm, BaseFormComponent, TESValueForm, BaseFormComponent, TESWeightForm, BaseFormComponent, BGSDestructibleObjectForm, BaseFormComponent, BGSMessageIcon, BaseFormComponent, BGSPickupPutdownSounds, BaseFormComponent
TESObjectMISC		True	0x82022720	TESObjectMISC, TESBoundObject, TESObject, TESForm, BaseFormComponent, TESFullName, BaseFormComponent, TESModelTextureSwap, TESModel, BaseFormComponent, TESIcon, TESTexture, BaseFormComponent, TESScriptableForm, BaseFormComponent, TESValueForm, BaseFormComponent, TESWeightForm, BaseFormComponent, BGSDestructibleObjectForm, BaseFormComponent, BGSMessageIcon, BaseFormComponent, BGSPickupPutdownSounds, BaseFormComponent
TESObjectMISC		True	0x8202270C	TESObjectMISC, TESBoundObject, TESObject, TESForm, BaseFormComponent, TESFullName, BaseFormComponent, TESModelTextureSwap, TESModel, BaseFormComponent, TESIcon, TESTexture, BaseFormComponent, TESScriptableForm, BaseFormComponent, TESValueForm, BaseFormComponent, TESWeightForm, BaseFormComponent, BGSDestructibleObjectForm, BaseFormComponent, BGSMessageIcon, BaseFormComponent, BGSPickupPutdownSounds, BaseFormComponent
TESObjectMISC		True	0x820226EC	TESObjectMISC, TESBoundObject, TESObject, TESForm, BaseFormComponent, TESFullName, BaseFormComponent, TESModelTextureSwap, TESModel, BaseFormComponent, TESIcon, TESTexture, BaseFormComponent, TESScriptableForm, BaseFormComponent, TESValueForm, BaseFormComponent, TESWeightForm, BaseFormComponent, BGSDestructibleObjectForm, BaseFormComponent, BGSMessageIcon, BaseFormComponent, BGSPickupPutdownSounds, BaseFormComponent
TESObjectMISC		True	0x820226D8	TESObjectMISC, TESBoundObject, TESObject, TESForm, BaseFormComponent, TESFullName, BaseFormComponent, TESModelTextureSwap, TESModel, BaseFormComponent, TESIcon, TESTexture, BaseFormComponent, TESScriptableForm, BaseFormComponent, TESValueForm, BaseFormComponent, TESWeightForm, BaseFormComponent, BGSDestructibleObjectForm, BaseFormComponent, BGSMessageIcon, BaseFormComponent, BGSPickupPutdownSounds, BaseFormComponent
TESObjectMISC		True	0x820226C4	TESObjectMISC, TESBoundObject, TESObject, TESForm, BaseFormComponent, TESFullName, BaseFormComponent, TESModelTextureSwap, TESModel, BaseFormComponent, TESIcon, TESTexture, BaseFormComponent, TESScriptableForm, BaseFormComponent, TESValueForm, BaseFormComponent, TESWeightForm, BaseFormComponent, BGSDestructibleObjectForm, BaseFormComponent, BGSMessageIcon, BaseFormComponent, BGSPickupPutdownSounds, BaseFormComponent
TESObjectMISC		True	0x820226B0	TESObjectMISC, TESBoundObject, TESObject, TESForm, BaseFormComponent, TESFullName, BaseFormComponent, TESModelTextureSwap, TESModel, BaseFormComponent, TESIcon, TESTexture, BaseFormComponent, TESScriptableForm, BaseFormComponent, TESValueForm, BaseFormComponent, TESWeightForm, BaseFormComponent, BGSDestructibleObjectForm, BaseFormComponent, BGSMessageIcon, BaseFormComponent, BGSPickupPutdownSounds, BaseFormComponent
TESObjectREFR		True	0x8200827C	TESObjectREFR, TESForm, BaseFormComponent, TESChildCell
TESObjectREFR		True	0x82000C60	TESObjectREFR, TESForm, BaseFormComponent, TESChildCell
TESObjectSTAT		True	0x82007F24	TESObjectSTAT, TESBoundObject, TESObject, TESForm, BaseFormComponent, TESModelTextureSwap, TESModel, BaseFormComponent
TESObjectSTAT		True	0x82001348	TESObjectSTAT, TESBoundObject, TESObject, TESForm, BaseFormComponent, TESModelTextureSwap, TESModel, BaseFormComponent
TESObjectTREE		True	0x82022AA4	TESObjectTREE, TESBoundTreeObject, TESBoundObject, TESObject, TESForm, BaseFormComponent, TESModelTree, TESModel, BaseFormComponent, TESIconTree, TESTexture1024, TESTexture, BaseFormComponent, BGSDestructibleObjectForm, BaseFormComponent
TESObjectTREE		True	0x82022A7C	TESObjectTREE, TESBoundTreeObject, TESBoundObject, TESObject, TESForm, BaseFormComponent, TESModelTree, TESModel, BaseFormComponent, TESIconTree, TESTexture1024, TESTexture, BaseFormComponent, BGSDestructibleObjectForm, BaseFormComponent
TESObjectTREE		True	0x82022A58	TESObjectTREE, TESBoundTreeObject, TESBoundObject, TESObject, TESForm, BaseFormComponent, TESModelTree, TESModel, BaseFormComponent, TESIconTree, TESTexture1024, TESTexture, BaseFormComponent, BGSDestructibleObjectForm, BaseFormComponent
TESObjectTREE		True	0x82022A44	TESObjectTREE, TESBoundTreeObject, TESBoundObject, TESObject, TESForm, BaseFormComponent, TESModelTree, TESModel, BaseFormComponent, TESIconTree, TESTexture1024, TESTexture, BaseFormComponent, BGSDestructibleObjectForm, BaseFormComponent
TESObjectWEAP		False	0x820234D4	
TESObjectWEAP		False	0x820234BC	
TESObjectWEAP		False	0x820234A8	
TESObjectWEAP		False	0x82023484	
TESObjectWEAP		False	0x82023460	
TESObjectWEAP		False	0x8202344C	
TESObjectWEAP		False	0x82023434	
TESObjectWEAP		False	0x82023414	
TESObjectWEAP		False	0x82023400	
TESObjectWEAP		False	0x820233E8	
TESObjectWEAP		False	0x820233D4	
TESObjectWEAP		False	0x820233C0	
TESObjectWEAP		False	0x820233AC	
TESObjectWEAP		False	0x82023398	
TESObjectWEAP		False	0x82023384	
TESObjectWEAP		False	0x8202336C	
TESObjectWEAP		False	0x82023358	
TESObjectWEAP		False	0x82023344	
TESObjectWEAP		False	0x82023330	
TESPackage		True	0x8205AEF4	TESPackage, TESForm, BaseFormComponent
TESPackageData		False	0x8205B130	TESPackageData
TESPatrolPackageData		False	0x8205B288	TESPatrolPackageData, TESPackageData
TESProduceForm		False	0x82015834	TESProduceForm, BaseFormComponent
TESQuest		True	0x8203FA84	TESQuest, TESForm, BaseFormComponent, TESScriptableForm, BaseFormComponent, TESIcon, TESTexture, BaseFormComponent, TESFullName, BaseFormComponent
TESQuest		True	0x8203FA6C	TESQuest, TESForm, BaseFormComponent, TESScriptableForm, BaseFormComponent, TESIcon, TESTexture, BaseFormComponent, TESFullName, BaseFormComponent
TESQuest		True	0x8203FA48	TESQuest, TESForm, BaseFormComponent, TESScriptableForm, BaseFormComponent, TESIcon, TESTexture, BaseFormComponent, TESFullName, BaseFormComponent
TESQuest		True	0x8203FA34	TESQuest, TESForm, BaseFormComponent, TESScriptableForm, BaseFormComponent, TESIcon, TESTexture, BaseFormComponent, TESFullName, BaseFormComponent
TESRace		True	0x820404D4	TESRace, TESForm, BaseFormComponent, TESFullName, BaseFormComponent, TESDescription, BaseFormComponent, TESSpellList, BaseFormComponent, TESReactionForm, BaseFormComponent
TESRace		True	0x820404C0	TESRace, TESForm, BaseFormComponent, TESFullName, BaseFormComponent, TESDescription, BaseFormComponent, TESSpellList, BaseFormComponent, TESReactionForm, BaseFormComponent
TESRace		True	0x820404A8	TESRace, TESForm, BaseFormComponent, TESFullName, BaseFormComponent, TESDescription, BaseFormComponent, TESSpellList, BaseFormComponent, TESReactionForm, BaseFormComponent
TESRace		True	0x82040488	TESRace, TESForm, BaseFormComponent, TESFullName, BaseFormComponent, TESDescription, BaseFormComponent, TESSpellList, BaseFormComponent, TESReactionForm, BaseFormComponent
TESRace		True	0x82040474	TESRace, TESForm, BaseFormComponent, TESFullName, BaseFormComponent, TESDescription, BaseFormComponent, TESSpellList, BaseFormComponent, TESReactionForm, BaseFormComponent
TESRaceForm		False	0x82015928	TESRaceForm, BaseFormComponent
TESReactionForm		False	0x820159FC	TESReactionForm, BaseFormComponent
TESRegion		True	0x8201B424	TESRegion, TESForm, BaseFormComponent
TESRegionData		False	0x8201B568	TESRegionData
TESRegionDataGrass		False	0x8201B590	TESRegionDataGrass, TESRegionData
TESRegionDataLandscape		False	0x8201B658	TESRegionDataLandscape, TESRegionData
TESRegionDataManager		False	0x8201B6C4	TESRegionDataManager
TESRegionDataMap		False	0x8201B704	TESRegionDataMap, TESRegionData
TESRegionDataSound		False	0x8201B748	TESRegionDataSound, TESRegionData
TESRegionDataWeather		False	0x8201B7AC	TESRegionDataWeather, TESRegionData
TESRegionGrassObject		False	0x8201B82C	TESRegionGrassObject, TESRegionObjectBase
TESRegionGrassObjectList		False	0x8201B9B8	TESRegionGrassObjectList, ?$BSSimpleList@PAVTESRegionGrassObject
TESRegionList		False	0x8201B9C4	TESRegionList, ?$BSSimpleList@PAVTESRegion
TESReputation		True	0x82040774	TESReputation, TESForm, BaseFormComponent, TESFullName, BaseFormComponent, TESIcon, TESTexture, BaseFormComponent, BGSMessageIcon, BaseFormComponent
TESReputation		True	0x82040760	TESReputation, TESForm, BaseFormComponent, TESFullName, BaseFormComponent, TESIcon, TESTexture, BaseFormComponent, BGSMessageIcon, BaseFormComponent
TESReputation		True	0x8204073C	TESReputation, TESForm, BaseFormComponent, TESFullName, BaseFormComponent, TESIcon, TESTexture, BaseFormComponent, BGSMessageIcon, BaseFormComponent
TESReputation		True	0x82040728	TESReputation, TESForm, BaseFormComponent, TESFullName, BaseFormComponent, TESIcon, TESTexture, BaseFormComponent, BGSMessageIcon, BaseFormComponent
TESScriptableForm		False	0x82015A98	TESScriptableForm, BaseFormComponent
TESSkill		True	0x82041904	TESSkill, TESForm, BaseFormComponent, TESDescription, BaseFormComponent, TESTexture, BaseFormComponent
TESSkill		True	0x820418EC	TESSkill, TESForm, BaseFormComponent, TESDescription, BaseFormComponent, TESTexture, BaseFormComponent
TESSkill		True	0x820418C8	TESSkill, TESForm, BaseFormComponent, TESDescription, BaseFormComponent, TESTexture, BaseFormComponent
TESSound		True	0x8203A6D4	TESSound, TESBoundAnimObject, TESBoundObject, TESObject, TESForm, BaseFormComponent, TESSoundFile, BaseFormComponent
TESSound		True	0x8203A6B8	TESSound, TESBoundAnimObject, TESBoundObject, TESObject, TESForm, BaseFormComponent, TESSoundFile, BaseFormComponent
TESSoundFile		False	0x8202A5D4	TESSoundFile, BaseFormComponent
TESSpellList		False	0x82015BC0	TESSpellList, BaseFormComponent
TESTexture		False	0x82015D28	TESTexture, BaseFormComponent
TESTexture1024		False	0x82022938	TESTexture1024, TESTexture, BaseFormComponent
TESTopic		True	0x82041F1C	TESTopic, TESForm, BaseFormComponent, TESFullName, BaseFormComponent
TESTopic		True	0x82041F08	TESTopic, TESForm, BaseFormComponent, TESFullName, BaseFormComponent
TESTopicInfo		True	0x8204219C	TESTopicInfo, TESForm, BaseFormComponent
TESTrapListener		False	0x820431F4	TESTrapListener, BGSZoneTargetListener, bhkTrapListener, bhkEntityListener, hkpEntityListener, hkpPhantomListener
TESTrapListener		False	0x820431CC	TESTrapListener, BGSZoneTargetListener, bhkTrapListener, bhkEntityListener, hkpEntityListener, hkpPhantomListener
TESTrapListener		False	0x820431B4	TESTrapListener, BGSZoneTargetListener, bhkTrapListener, bhkEntityListener, hkpEntityListener, hkpPhantomListener
TESUseItemPackageData		False	0x8205B2B0	TESUseItemPackageData, TESPackageData
TESUseWeaponPackageData		False	0x8205B2FC	TESUseWeaponPackageData, TESPackageData
TESValueForm		False	0x82015D5C	TESValueForm, BaseFormComponent
TESWaterForm		True	0x82028394	TESWaterForm, TESForm, BaseFormComponent, TESFullName, BaseFormComponent, TESAttackDamageForm, BaseFormComponent
TESWaterForm		True	0x82028380	TESWaterForm, TESForm, BaseFormComponent, TESFullName, BaseFormComponent, TESAttackDamageForm, BaseFormComponent
TESWaterForm		True	0x82028368	TESWaterForm, TESForm, BaseFormComponent, TESFullName, BaseFormComponent, TESAttackDamageForm, BaseFormComponent
TESWaterListener		False	0x820432DC	TESWaterListener, bhkWaterListener, bhkEntityListener, hkpEntityListener, BGSZoneTargetListener
TESWaterListener		False	0x820432CC	TESWaterListener, bhkWaterListener, bhkEntityListener, hkpEntityListener, BGSZoneTargetListener
TESWeather		True	0x82028704	TESWeather, TESForm, BaseFormComponent, ?$TESImageSpaceModifiableCountForm@$05, BaseFormComponent
TESWeather		True	0x820285CC	TESWeather, TESForm, BaseFormComponent, ?$TESImageSpaceModifiableCountForm@$05, BaseFormComponent
TESWeightForm		False	0x82015D88	TESWeightForm, BaseFormComponent
TESWindListener		False	0x82025AF8	TESWindListener, bhkWindListener, bhkEntityListener, hkpEntityListener
TESWorldSpace		True	0x82028DAC	TESWorldSpace, TESForm, BaseFormComponent, TESFullName, BaseFormComponent, TESTexture, BaseFormComponent
TESWorldSpace		True	0x82028D98	TESWorldSpace, TESForm, BaseFormComponent, TESFullName, BaseFormComponent, TESTexture, BaseFormComponent
TESWorldSpace		True	0x82028D74	TESWorldSpace, TESForm, BaseFormComponent, TESFullName, BaseFormComponent, TESTexture, BaseFormComponent
Tile		False	0x82032F80	Tile
Tile3D		False	0x820A60CC	Tile3D, Tile
TileImage		False	0x82001934	TileImage, Tile
TileMenu		False	0x82032FB4	TileMenu, TileRect, Tile
TileRect		False	0x8202EC7C	TileRect, Tile
TileText		False	0x8200152C	TileText, Tile
TopicInfoArray		False	0x82041F00	TopicInfoArray, ?$NiTLargePrimitiveArray@PAVTESTopicInfo, ?$NiTLargeArray@PAVTESTopicInfo
TraitSelectMenu		False	0x82068F2C	TraitSelectMenu, Menu
TrapEntry		False	0x82043204	TrapEntry, ZoneEntry, ?$bhkTTNode@VTESObjectREFR
TrapTargetEntry		False	0x82042644	TrapTargetEntry, TargetEntry, ?$bhkTTNode@VTESObjectREFR
TrespassPackage		True	0x82087944	TrespassPackage, TESPackage, TESForm, BaseFormComponent
TurnUndeadEffect		False	0x820707E4	TurnUndeadEffect, ActiveEffect
TutorialMenu		False	0x820638B4	TutorialMenu, Menu
Uniform		False	0x820AD5C4	Uniform, Random
UserOption@StartMenu		False	0x8206846C	UserOption@StartMenu, Option@StartMenu
UseWeaponActorPackageData		False	0x8205B320	UseWeaponActorPackageData, ActorPackageData
ValidatedClassNameRegistry		False	0x82117684	ValidatedClassNameRegistry, hkDynamicClassNameRegistry, hkClassNameRegistry, hkReferencedObject, hkBaseObject
ValueAndConditionsEffect		False	0x82070854	ValueAndConditionsEffect, ValueModifierEffect, ActiveEffect
ValueModifierEffect		False	0x820708CC	ValueModifierEffect, ActiveEffect
VampirismEffect		False	0x820709B4	VampirismEffect, ActiveEffect
VATSMenu		False	0x82063C8C	VATSMenu, Menu
VirtualActorPathHandler		False	0x820868E4	VirtualActorPathHandler, ActorPathHandler
WaterTargetEntry		False	0x820432C4	WaterTargetEntry, TargetEntry, ?$bhkTTNode@VTESObjectREFR
WaterZone		False	0x8204323C	WaterZone, ZoneEntry, ?$bhkTTNode@VTESObjectREFR
WriterAdapter@hkSocket		False	0x821173F4	WriterAdapter@hkSocket, hkStreamWriter, hkReferencedObject, hkBaseObject
ZoneEntry		False	0x82042638	ZoneEntry, ?$bhkTTNode@VTESObjectREFR

=== TESForm-Derived Summary ===
  Actor                               size=?      vtable=0x82078BFC
  Actor                               size=?      vtable=0x82078BF0
  Actor                               size=?      vtable=0x82078B9C
  Actor                               size=?      vtable=0x82078B68
  Actor                               size=?      vtable=0x82078B38
  Actor                               size=?      vtable=0x82078AF4
  ActorValueInfo                      size=?      vtable=0x82059F94
  ActorValueInfo                      size=?      vtable=0x82059F80
  ActorValueInfo                      size=?      vtable=0x82059F68
  ActorValueInfo                      size=?      vtable=0x82059F44
  AlarmPackage                        size=?      vtable=0x82086AE4
  AlchemyItem                         size=?      vtable=0x82009E3C
  AlchemyItem                         size=?      vtable=0x82009DEC
  AlchemyItem                         size=?      vtable=0x82009DD4
  AlchemyItem                         size=?      vtable=0x82009DC0
  AlchemyItem                         size=?      vtable=0x82009DAC
  AlchemyItem                         size=?      vtable=0x82009D88
  AlchemyItem                         size=?      vtable=0x82009D64
  AlchemyItem                         size=?      vtable=0x82009D50
  AlchemyItem                         size=?      vtable=0x82009D3C
  AlchemyItem                         size=?      vtable=0x82009D28
  AlchemyItem                         size=?      vtable=0x82009D14
  BackUpPackage                       size=?      vtable=0x82086C5C
  BeamProjectile                      size=?      vtable=0x8207EBA4
  BeamProjectile                      size=?      vtable=0x8207EB98
  BGSAcousticSpace                    size=?      vtable=0x82028F3C
  BGSAddonNode                        size=?      vtable=0x8201BB04
  BGSAddonNode                        size=?      vtable=0x8201BAE0
  BGSBodyPartData                     size=?      vtable=0x8203ACCC
  BGSBodyPartData                     size=?      vtable=0x8203ACA8
  BGSBodyPartData                     size=?      vtable=0x8203AC90
  BGSCameraPath                       size=?      vtable=0x82029114
  BGSCameraShot                       size=?      vtable=0x8202959C
  BGSCameraShot                       size=?      vtable=0x82029578
  BGSCameraShot                       size=?      vtable=0x82029564
  BGSConstructibleObject              size=?      vtable=0x8201BE6C
  BGSConstructibleObject              size=?      vtable=0x8201BE58
  BGSConstructibleObject              size=?      vtable=0x8201BE34
  BGSConstructibleObject              size=?      vtable=0x8201BE10
  BGSConstructibleObject              size=?      vtable=0x8201BDFC
  BGSConstructibleObject              size=?      vtable=0x8201BDDC
  BGSConstructibleObject              size=?      vtable=0x8201BDC8
  BGSConstructibleObject              size=?      vtable=0x8201BDB4
  BGSConstructibleObject              size=?      vtable=0x8201BDA0
  BGSConstructibleObject              size=?      vtable=0x8201BD8C
  BGSDebris                           size=?      vtable=0x8201C0DC
  BGSDebris                           size=?      vtable=0x8201C0C4
  BGSDefaultObjectManager             size=?      vtable=0x820299D4
  BGSEncounterZone                    size=?      vtable=0x820236AC
  BGSExplosion                        size=?      vtable=0x8201C39C
  BGSExplosion                        size=?      vtable=0x8201C384
  BGSExplosion                        size=?      vtable=0x8201C360
  BGSExplosion                        size=?      vtable=0x8201C348
  BGSExplosion                        size=?      vtable=0x8201C330
  BGSExplosion                        size=?      vtable=0x8201C31C
  BGSHeadPart                         size=?      vtable=0x8203B7DC
  BGSHeadPart                         size=?      vtable=0x8203B7C4
  BGSHeadPart                         size=?      vtable=0x8203B7A0
  BGSIdleMarker                       size=?      vtable=0x8203B974
  BGSIdleMarker                       size=?      vtable=0x8203B95C
  BGSImpactData                       size=?      vtable=0x82029B8C
  BGSImpactData                       size=?      vtable=0x82029B68
  BGSImpactDataSet                    size=?      vtable=0x82029E6C
  BGSImpactDataSet                    size=?      vtable=0x82029E50
  BGSLightingTemplate                 size=?      vtable=0x82023894
  BGSListForm                         size=?      vtable=0x8202A11C
  BGSMenuIcon                         size=?      vtable=0x8202A2BC
  BGSMenuIcon                         size=?      vtable=0x8202A298
  BGSMessage                          size=?      vtable=0x8202A464
  BGSMessage                          size=?      vtable=0x8202A450
  BGSMessage                          size=?      vtable=0x8202A438
  BGSMovableStatic                    size=?      vtable=0x8201C730
  BGSMovableStatic                    size=?      vtable=0x8201C71C
  BGSMovableStatic                    size=?      vtable=0x8201C59C
  BGSMovableStatic                    size=?      vtable=0x8201C574
  BGSMusicType                        size=?      vtable=0x8202A604
  BGSMusicType                        size=?      vtable=0x8202A5EC
  BGSNote                             size=?      vtable=0x8203BB74
  BGSNote                             size=?      vtable=0x8203BB50
  BGSNote                             size=?      vtable=0x8203BB3C
  BGSNote                             size=?      vtable=0x8203BB18
  BGSNote                             size=?      vtable=0x8203BB04
  BGSPerk                             size=?      vtable=0x8203C1A4
  BGSPerk                             size=?      vtable=0x8203C190
  BGSPerk                             size=?      vtable=0x8203C178
  BGSPerk                             size=?      vtable=0x8203C154
  BGSPlaceableWater                   size=?      vtable=0x82007DA4
  BGSPlaceableWater                   size=?      vtable=0x8201C754
  BGSProjectile                       size=?      vtable=0x8201C824
  BGSProjectile                       size=?      vtable=0x8201C810
  BGSProjectile                       size=?      vtable=0x8201C7EC
  BGSProjectile                       size=?      vtable=0x8201C7D4
  BGSProjectile                       size=?      vtable=0x8201C7C0
  BGSRadiationStage                   size=?      vtable=0x8202A74C
  BGSRagdoll                          size=?      vtable=0x8203C44C
  BGSRagdoll                          size=?      vtable=0x8203C428
  BGSStaticCollection                 size=?      vtable=0x8201C9CC
  BGSStaticCollection                 size=?      vtable=0x8201C9A8
  BGSTalkingActivator                 size=?      vtable=0x8201CBE4
  BGSTalkingActivator                 size=?      vtable=0x8201CBCC
  BGSTalkingActivator                 size=?      vtable=0x8201CBA8
  BGSTalkingActivator                 size=?      vtable=0x8201CB94
  BGSTalkingActivator                 size=?      vtable=0x8201CB80
  BGSTalkingActivator                 size=?      vtable=0x8201CB70
  BGSTerminal                         size=?      vtable=0x8201CF2C
  BGSTerminal                         size=?      vtable=0x8201CF18
  BGSTerminal                         size=?      vtable=0x8201CEF4
  BGSTerminal                         size=?      vtable=0x8201CEE0
  BGSTerminal                         size=?      vtable=0x8201CECC
  BGSTerminal                         size=?      vtable=0x8201CEBC
  BGSTerminal                         size=?      vtable=0x8201CEA4
  BGSTextureSet                       size=?      vtable=0x8202A934
  BGSTextureSet                       size=?      vtable=0x8202A894
  BGSVoiceType                        size=?      vtable=0x8203C58C
  Character                           size=?      vtable=0x8200898C
  Character                           size=?      vtable=0x8207A800
  Character                           size=?      vtable=0x8207A7AC
  Character                           size=?      vtable=0x8207A778
  Character                           size=?      vtable=0x8207A748
  Character                           size=?      vtable=0x8207A704
  CombatController                    size=?      vtable=0x8207F744
  ContinuousBeamProjectile            size=?      vtable=0x820828A4
  ContinuousBeamProjectile            size=?      vtable=0x82082898
  Creature                            size=?      vtable=0x820084BC
  Creature                            size=?      vtable=0x8207A980
  Creature                            size=?      vtable=0x8207A92C
  Creature                            size=?      vtable=0x8207A8F8
  Creature                            size=?      vtable=0x8207A8C8
  Creature                            size=?      vtable=0x8207A884
  DialoguePackage                     size=?      vtable=0x82086E14
  EffectSetting                       size=?      vtable=0x8200AEA4
  EffectSetting                       size=?      vtable=0x8200AE80
  EffectSetting                       size=?      vtable=0x8200AE68
  EffectSetting                       size=?      vtable=0x8200AE54
  EffectSetting                       size=?      vtable=0x8200AE30
  EnchantmentItem                     size=?      vtable=0x8200B1E4
  EnchantmentItem                     size=?      vtable=0x8200B194
  EnchantmentItem                     size=?      vtable=0x8200B17C
  Explosion                           size=?      vtable=0x82082D0C
  Explosion                           size=?      vtable=0x82082D04
  FlameProjectile                     size=?      vtable=0x8208316C
  FlameProjectile                     size=?      vtable=0x82083164
  FleePackage                         size=?      vtable=0x82087064
  GrenadeProjectile                   size=?      vtable=0x820834C4
  GrenadeProjectile                   size=?      vtable=0x820834BC
  IngredientItem                      size=?      vtable=0x8200B5C4
  IngredientItem                      size=?      vtable=0x8200B5B0
  IngredientItem                      size=?      vtable=0x8200B564
  IngredientItem                      size=?      vtable=0x8200B54C
  IngredientItem                      size=?      vtable=0x8200B528
  IngredientItem                      size=?      vtable=0x8200B504
  IngredientItem                      size=?      vtable=0x8200B4F0
  IngredientItem                      size=?      vtable=0x8200B4DC
  IngredientItem                      size=?      vtable=0x8200B4C8
  MagicBallProjectile                 size=?      vtable=0x8206EB3C
  MagicBallProjectile                 size=?      vtable=0x8206EB30
  MagicBoltProjectile                 size=?      vtable=0x8206EEDC
  MagicBoltProjectile                 size=?      vtable=0x8206EED0
  MagicFogProjectile                  size=?      vtable=0x8206F2D4
  MagicFogProjectile                  size=?      vtable=0x8206F2CC
  MagicItem                           size=?      vtable=0x82009FE4
  MagicItem                           size=?      vtable=0x82009FD0
  MagicItemForm                       size=?      vtable=0x8200B384
  MagicItemForm                       size=?      vtable=0x8200B334
  MagicItemForm                       size=?      vtable=0x8200B31C
  MagicItemObject                     size=?      vtable=0x8200A094
  MagicItemObject                     size=?      vtable=0x8200A044
  MagicItemObject                     size=?      vtable=0x8200A030
  MagicProjectile                     size=?      vtable=0x8206F834
  MagicProjectile                     size=?      vtable=0x8206F82C
  MagicSprayProjectile                size=?      vtable=0x8206FD14
  MagicSprayProjectile                size=?      vtable=0x8206FD0C
  MissileProjectile                   size=?      vtable=0x82083A14
  MissileProjectile                   size=?      vtable=0x82083A0C
  MobileObject                        size=?      vtable=0x8207D064
  MobileObject                        size=?      vtable=0x8207D05C
  NavMesh                             size=?      vtable=0x8205D25C
  NavMesh                             size=?      vtable=0x8205D254
  NavMesh                             size=?      vtable=0x8205D248
  NavMeshInfoMap                      size=?      vtable=0x8205E24C
  PlayerCharacter                     size=?      vtable=0x82008E64
  PlayerCharacter                     size=?      vtable=0x8207DB90
  PlayerCharacter                     size=?      vtable=0x8207DB3C
  PlayerCharacter                     size=?      vtable=0x8207DB08
  PlayerCharacter                     size=?      vtable=0x8207DAD8
  PlayerCharacter                     size=?      vtable=0x8207DA94
  Projectile                          size=?      vtable=0x82083F24
  Projectile                          size=?      vtable=0x82083F1C
  Script                              size=?      vtable=0x8202CB4C
  SearchPackage                       size=?      vtable=0x820875DC
  SpectatorPackage                    size=?      vtable=0x820877B4
  SpellItem                           size=?      vtable=0x8200C1DC
  SpellItem                           size=?      vtable=0x8200C18C
  SpellItem                           size=?      vtable=0x8200C178
  TESActorBase                        size=?      vtable=0x8203DF1C
  TESActorBase                        size=?      vtable=0x8203DF08
  TESActorBase                        size=?      vtable=0x8203DEF4
  TESActorBase                        size=?      vtable=0x8203DED4
  TESActorBase                        size=?      vtable=0x8203DD34
  TESActorBase                        size=?      vtable=0x8203DD10
  TESActorBase                        size=?      vtable=0x8203DCF8
  TESActorBase                        size=?      vtable=0x8203DCE4
  TESActorBase                        size=?      vtable=0x8203DCD0
  TESActorBase                        size=?      vtable=0x8203DCA0
  TESActorBase                        size=?      vtable=0x8203DC8C
  TESActorBase                        size=?      vtable=0x8203DC68
  TESActorBase                        size=?      vtable=0x8203DC54
  TESActorBase                        size=?      vtable=0x8203DC40
  TESAmmo                             size=?      vtable=0x8201D60C
  TESAmmo                             size=?      vtable=0x8201D5F4
  TESAmmo                             size=?      vtable=0x8201D5E0
  TESAmmo                             size=?      vtable=0x8201D5BC
  TESAmmo                             size=?      vtable=0x8201D598
  TESAmmo                             size=?      vtable=0x8201D584
  TESAmmo                             size=?      vtable=0x8201D564
  TESAmmo                             size=?      vtable=0x8201D550
  TESAmmo                             size=?      vtable=0x8201D53C
  TESBoundAnimObject                  size=?      vtable=0x82020A64
  TESBoundObject                      size=?      vtable=0x820208DC
  TESBoundTreeObject                  size=?      vtable=0x82020BE4
  TESClass                            size=?      vtable=0x8203D86C
  TESClass                            size=?      vtable=0x8203D858
  TESClass                            size=?      vtable=0x8203D840
  TESClass                            size=?      vtable=0x8203D81C
  TESClass                            size=?      vtable=0x8203D808
  TESClimate                          size=?      vtable=0x8202409C
  TESCombatStyle                      size=?      vtable=0x8201D7B4
  TESEffectShader                     size=?      vtable=0x8201D984
  TESEyes                             size=?      vtable=0x8203E3F4
  TESEyes                             size=?      vtable=0x8203E3DC
  TESEyes                             size=?      vtable=0x8203E3B8
  TESFaction                          size=?      vtable=0x8203E55C
  TESFaction                          size=?      vtable=0x8203E544
  TESFaction                          size=?      vtable=0x8203E530
  TESFlora                            size=?      vtable=0x8201DCD4
  TESFlora                            size=?      vtable=0x8201DB54
  TESFlora                            size=?      vtable=0x8201DB3C
  TESFlora                            size=?      vtable=0x8201DB18
  TESFlora                            size=?      vtable=0x8201DB04
  TESFlora                            size=?      vtable=0x8201DAF0
  TESFlora                            size=?      vtable=0x8201DAE0
  TESForm                             size=?      vtable=0x82014E6C
  TESFurniture                        size=?      vtable=0x8201DDEC
  TESFurniture                        size=?      vtable=0x8201DDD4
  TESFurniture                        size=?      vtable=0x8201DDB0
  TESFurniture                        size=?      vtable=0x8201DD9C
  TESFurniture                        size=?      vtable=0x8201DD88
  TESFurniture                        size=?      vtable=0x8201DD78
  TESGlobal                           size=?      vtable=0x8202C4B4
  TESGrass                            size=?      vtable=0x8201F22C
  TESGrass                            size=?      vtable=0x8201F204
  TESHair                             size=?      vtable=0x8203E6FC
  TESHair                             size=?      vtable=0x8203E6E8
  TESHair                             size=?      vtable=0x8203E6C4
  TESHair                             size=?      vtable=0x8203E6A0
  TESIdleForm                         size=?      vtable=0x8203E8B4
  TESIdleForm                         size=?      vtable=0x8203E88C
  TESImageSpace                       size=?      vtable=0x8202424C
  TESImageSpaceModifier               size=?      vtable=0x82024754
  TESKey                              size=?      vtable=0x8201F514
  TESKey                              size=?      vtable=0x8201F4FC
  TESKey                              size=?      vtable=0x8201F4D8
  TESKey                              size=?      vtable=0x8201F4B4
  TESKey                              size=?      vtable=0x8201F4A0
  TESKey                              size=?      vtable=0x8201F480
  TESKey                              size=?      vtable=0x8201F46C
  TESKey                              size=?      vtable=0x8201F458
  TESKey                              size=?      vtable=0x8201F444
  TESKey                              size=?      vtable=0x8201F430
  TESLandTexture                      size=?      vtable=0x8202515C
  TESLevCharacter                     size=?      vtable=0x8201F6EC
  TESLevCharacter                     size=?      vtable=0x8201F6C8
  TESLevCharacter                     size=?      vtable=0x8201F6A4
  TESLevCreature                      size=?      vtable=0x8201F98C
  TESLevCreature                      size=?      vtable=0x8201F964
  TESLevCreature                      size=?      vtable=0x8201F940
  TESLevItem                          size=?      vtable=0x8201FC04
  TESLevItem                          size=?      vtable=0x8201FBDC
  TESLevSpell                         size=?      vtable=0x8201FDD4
  TESLevSpell                         size=?      vtable=0x8201FDB0
  TESLoadScreen                       size=?      vtable=0x8202C6B4
  TESLoadScreen                       size=?      vtable=0x8202C68C
  TESLoadScreen                       size=?      vtable=0x8202C674
  TESObject                           size=?      vtable=0x8202074C
  TESObjectACTI                       size=?      vtable=0x82020FBC
  TESObjectACTI                       size=?      vtable=0x82020FA4
  TESObjectACTI                       size=?      vtable=0x82020F80
  TESObjectACTI                       size=?      vtable=0x82020F6C
  TESObjectACTI                       size=?      vtable=0x82020F58
  TESObjectACTI                       size=?      vtable=0x82020F48
  TESObjectANIO                       size=?      vtable=0x82021164
  TESObjectANIO                       size=?      vtable=0x82021140
  TESObjectARMA                       size=?      vtable=0x820213A4
  TESObjectARMA                       size=?      vtable=0x82021390
  TESObjectARMA                       size=?      vtable=0x8202137C
  TESObjectARMA                       size=?      vtable=0x82021364
  TESObjectARMA                       size=?      vtable=0x82021344
  TESObjectARMA                       size=?      vtable=0x82021330
  TESObjectARMA                       size=?      vtable=0x82021318
  TESObjectARMA                       size=?      vtable=0x82021304
  TESObjectARMA                       size=?      vtable=0x820212F0
  TESObjectARMA                       size=?      vtable=0x820212DC
  TESObjectARMA                       size=?      vtable=0x820212C8
  TESObjectARMA                       size=?      vtable=0x820212B4
  TESObjectARMA                       size=?      vtable=0x820212A0
  TESObjectARMO                       size=?      vtable=0x8202167C
  TESObjectARMO                       size=?      vtable=0x82021664
  TESObjectARMO                       size=?      vtable=0x82021650
  TESObjectARMO                       size=?      vtable=0x82021638
  TESObjectARMO                       size=?      vtable=0x82021624
  TESObjectARMO                       size=?      vtable=0x82021610
  TESObjectARMO                       size=?      vtable=0x820215FC
  TESObjectARMO                       size=?      vtable=0x820215E8
  TESObjectARMO                       size=?      vtable=0x820215C8
  TESObjectARMO                       size=?      vtable=0x820215B4
  TESObjectARMO                       size=?      vtable=0x8202159C
  TESObjectARMO                       size=?      vtable=0x82021588
  TESObjectARMO                       size=?      vtable=0x82021574
  TESObjectBOOK                       size=?      vtable=0x820219CC
  TESObjectBOOK                       size=?      vtable=0x820219B4
  TESObjectBOOK                       size=?      vtable=0x82021990
  TESObjectBOOK                       size=?      vtable=0x8202197C
  TESObjectBOOK                       size=?      vtable=0x82021968
  TESObjectBOOK                       size=?      vtable=0x82021954
  TESObjectBOOK                       size=?      vtable=0x82021930
  TESObjectBOOK                       size=?      vtable=0x8202191C
  TESObjectBOOK                       size=?      vtable=0x82021904
  TESObjectBOOK                       size=?      vtable=0x820218E4
  TESObjectBOOK                       size=?      vtable=0x820218D0
  TESObjectBOOK                       size=?      vtable=0x820218B8
  TESObjectCELL                       size=?      vtable=0x82025B3C
  TESObjectCELL                       size=?      vtable=0x82025B24
  TESObjectCLOT                       size=?      vtable=0x82021C54
  TESObjectCLOT                       size=?      vtable=0x82021C3C
  TESObjectCLOT                       size=?      vtable=0x82021C28
  TESObjectCLOT                       size=?      vtable=0x82021C14
  TESObjectCLOT                       size=?      vtable=0x82021BFC
  TESObjectCLOT                       size=?      vtable=0x82021BDC
  TESObjectCLOT                       size=?      vtable=0x82021BC8
  TESObjectCLOT                       size=?      vtable=0x82021BB4
  TESObjectCLOT                       size=?      vtable=0x82021BA0
  TESObjectCONT                       size=?      vtable=0x82021F54
  TESObjectCONT                       size=?      vtable=0x82021F40
  TESObjectCONT                       size=?      vtable=0x82021F2C
  TESObjectCONT                       size=?      vtable=0x82021F08
  TESObjectCONT                       size=?      vtable=0x82021EF4
  TESObjectCONT                       size=?      vtable=0x82021EE0
  TESObjectCONT                       size=?      vtable=0x82021ECC
  TESObjectCONT                       size=?      vtable=0x82021EBC
  TESObjectDOOR                       size=?      vtable=0x820221AC
  TESObjectDOOR                       size=?      vtable=0x82022198
  TESObjectDOOR                       size=?      vtable=0x82022174
  TESObjectDOOR                       size=?      vtable=0x82022160
  TESObjectDOOR                       size=?      vtable=0x8202214C
  TESObjectDOOR                       size=?      vtable=0x8202213C
  TESObjectIMOD                       size=?      vtable=0x82022524
  TESObjectIMOD                       size=?      vtable=0x82022510
  TESObjectIMOD                       size=?      vtable=0x820224FC
  TESObjectIMOD                       size=?      vtable=0x820224E8
  TESObjectIMOD                       size=?      vtable=0x820224C4
  TESObjectIMOD                       size=?      vtable=0x820224A0
  TESObjectIMOD                       size=?      vtable=0x8202248C
  TESObjectIMOD                       size=?      vtable=0x82022474
  TESObjectIMOD                       size=?      vtable=0x82022454
  TESObjectIMOD                       size=?      vtable=0x82022440
  TESObjectIMOD                       size=?      vtable=0x8202242C
  TESObjectLAND                       size=?      vtable=0x82024A94
  TESObjectLAND                       size=?      vtable=0x82024A8C
  TESObjectLIGH                       size=?      vtable=0x820200D4
  TESObjectLIGH                       size=?      vtable=0x820200BC
  TESObjectLIGH                       size=?      vtable=0x820200A8
  TESObjectLIGH                       size=?      vtable=0x82020084
  TESObjectLIGH                       size=?      vtable=0x82020060
  TESObjectLIGH                       size=?      vtable=0x8202004C
  TESObjectLIGH                       size=?      vtable=0x82020038
  TESObjectLIGH                       size=?      vtable=0x82020024
  TESObjectLIGH                       size=?      vtable=0x82020004
  TESObjectMISC                       size=?      vtable=0x8202277C
  TESObjectMISC                       size=?      vtable=0x82001120
  TESObjectMISC                       size=?      vtable=0x82022768
  TESObjectMISC                       size=?      vtable=0x82022744
  TESObjectMISC                       size=?      vtable=0x82022720
  TESObjectMISC                       size=?      vtable=0x8202270C
  TESObjectMISC                       size=?      vtable=0x820226EC
  TESObjectMISC                       size=?      vtable=0x820226D8
  TESObjectMISC                       size=?      vtable=0x820226C4
  TESObjectMISC                       size=?      vtable=0x820226B0
  TESObjectREFR                       size=?      vtable=0x8200827C
  TESObjectREFR                       size=?      vtable=0x82000C60
  TESObjectSTAT                       size=?      vtable=0x82007F24
  TESObjectSTAT                       size=?      vtable=0x82001348
  TESObjectTREE                       size=?      vtable=0x82022AA4
  TESObjectTREE                       size=?      vtable=0x82022A7C
  TESObjectTREE                       size=?      vtable=0x82022A58
  TESObjectTREE                       size=?      vtable=0x82022A44
  TESPackage                          size=?      vtable=0x8205AEF4
  TESQuest                            size=?      vtable=0x8203FA84
  TESQuest                            size=?      vtable=0x8203FA6C
  TESQuest                            size=?      vtable=0x8203FA48
  TESQuest                            size=?      vtable=0x8203FA34
  TESRace                             size=?      vtable=0x820404D4
  TESRace                             size=?      vtable=0x820404C0
  TESRace                             size=?      vtable=0x820404A8
  TESRace                             size=?      vtable=0x82040488
  TESRace                             size=?      vtable=0x82040474
  TESRegion                           size=?      vtable=0x8201B424
  TESReputation                       size=?      vtable=0x82040774
  TESReputation                       size=?      vtable=0x82040760
  TESReputation                       size=?      vtable=0x8204073C
  TESReputation                       size=?      vtable=0x82040728
  TESSkill                            size=?      vtable=0x82041904
  TESSkill                            size=?      vtable=0x820418EC
  TESSkill                            size=?      vtable=0x820418C8
  TESSound                            size=?      vtable=0x8203A6D4
  TESSound                            size=?      vtable=0x8203A6B8
  TESTopic                            size=?      vtable=0x82041F1C
  TESTopic                            size=?      vtable=0x82041F08
  TESTopicInfo                        size=?      vtable=0x8204219C
  TESWaterForm                        size=?      vtable=0x82028394
  TESWaterForm                        size=?      vtable=0x82028380
  TESWaterForm                        size=?      vtable=0x82028368
  TESWeather                          size=?      vtable=0x82028704
  TESWeather                          size=?      vtable=0x820285CC
  TESWorldSpace                       size=?      vtable=0x82028DAC
  TESWorldSpace                       size=?      vtable=0x82028D98
  TESWorldSpace                       size=?      vtable=0x82028D74
  TrespassPackage                     size=?      vtable=0x82087944

Total classes: 2325, TESForm-derived: 427, with size: 0
